Time (s),EMG Biceps (mV)
0.0,-0.0
0.0010002000400080016,1.2324129445297228e-07
0.002000400080016003,2.692449070281754e-06
0.0030006001200240046,5.168822732944265e-06
0.004000800160032006,0.00012715488223717872
0.005001000200040008,-5.869930019984951e-05
0.006001200240048009,1.8686771095076656e-05
0.007001400280056011,-4.657701055900864e-05
0.008001600320064013,0.00093763573824822
0.009001800360072015,0.0001044911007042004
0.010002000400080016,-4.226392914022165e-05
0.011002200440088018,0.000644834763494373
0.012002400480096018,0.00019134472726736992
0.01300260052010402,-0.0021283703901662826
0.014002800560112022,-0.0007901516131077192
0.015003000600120024,0.0009689014181983694
0.016003200640128026,0.0015919148095128745
0.017003400680136026,-0.0014022390167088262
0.01800360072014403,0.0005555039075901112
0.01900380076015203,0.0031328947258748995
0.020004000800160033,-0.0005242702244263219
0.021004200840168033,0.0022538170453168206
0.022004400880176037,0.0025994528940879087
0.023004600920184037,0.002505657261934221
0.024004800960192037,0.003971411435933915
0.02500500100020004,0.002978466813390471
0.02600520104020804,-0.0014415590552718247
0.027005401080216044,-0.005968141211586126
0.028005601120224044,0.0003036109640623662
0.029005801160232048,0.0035511555333254587
0.030006001200240048,0.0005814272088682987
0.03100620124024805,0.0013047197242877695
0.03200640128025605,-0.003507494209826476
0.033006601320264055,0.01047929640134013
0.03400680136027205,-0.010665582280858435
0.035007001400280055,0.002662970811211204
0.03600720144028806,0.002687643935643165
0.03700740148029606,-0.0005130602884574883
0.03800760152030406,0.003418239895454504
0.03900780156031206,0.0024915186848989026
0.040008001600320066,-0.018654003404616495
0.04100820164032806,-0.006809046517694354
0.042008401680336066,-0.004798235375758567
0.04300860172034407,0.008186710614070862
0.04400880176035207,0.021807535139030144
0.04500900180036007,-0.0016363815360800108
0.04600920184036807,-0.0031381134616056817
0.04700940188037608,0.0014807616999619898
0.048009601920384073,0.0183983534061664
0.04900980196039208,0.025550919074531105
0.05001000200040008,-0.017250354509502182
0.051010202040408084,0.013981603241738505
0.05201040208041608,0.01792299453257668
0.053010602120424084,-0.005616923516706314
0.05401080216043209,-0.04592633530394965
0.05501100220044009,0.009049923066590028
0.05601120224044809,-0.044592234795205805
0.05701140228045609,-0.013807789976404668
0.058011602320464095,0.012459100276678806
0.05901180236047209,-0.002039747834890343
0.060012002400480095,0.02797150135943533
0.0610122024404881,0.005779046794774857
0.0620124024804961,0.006641312282474796
0.0630126025205041,0.001804790214854314
0.0640128025605121,-0.000588572597846421
0.0650130026005201,-0.022783403226040822
0.06601320264052811,0.0077941236968491565
0.06701340268053611,-0.007082557330974388
0.0680136027205441,-0.02238941505817084
0.0690138027605521,0.0006474176936224477
0.07001400280056011,-0.008465856874039706
0.07101420284056811,0.0003160104684065662
0.07201440288057612,-0.01181006230833814
0.07301460292058412,-0.001557039329732396
0.07401480296059212,0.0067869448393315665
0.07501500300060011,0.024182808973350137
0.07601520304060812,0.004046692664834579
0.07701540308061612,0.03414275895004471
0.07801560312062412,0.0157074141432267
0.07901580316063213,-0.041067748349892255
0.08001600320064013,0.06340131310493742
0.08101620324064814,-0.009482695150309261
0.08201640328065612,0.0062918311545258595
0.08301660332066413,0.00890480058254298
0.08401680336067213,0.061022250859889784
0.08501700340068014,-0.03440218644706913
0.08601720344068814,0.03675210459913626
0.08701740348069614,-0.05858855112265789
0.08801760352070415,-0.0547352026345637
0.08901780356071214,-0.02928798849238177
0.09001800360072014,0.012855330458225298
0.09101820364072814,0.014357853409683792
0.09201840368073615,-0.013852456178721006
0.09301860372074415,-0.053356938261631195
0.09401880376075215,0.03267349679709889
0.09501900380076016,0.03681243382547014
0.09601920384076815,-0.026235519860868525
0.09701940388077615,0.02754959806964019
0.09801960392078415,-0.022454456494150597
0.09901980396079216,-0.04514529325310119
0.10002000400080016,-0.040463146428913285
0.10102020404080816,0.009953606861986194
0.10202040408081617,-0.00751756847375447
0.10302060412082417,-0.00278304180447735
0.10402080416083216,-0.0036174984325155145
0.10502100420084017,0.02293145865261874
0.10602120424084817,-0.10193816802389175
0.10702140428085617,0.1647798721391697
0.10802160432086418,-0.03475633282556631
0.10902180436087218,-0.015840200154550177
0.11002200440088018,-0.026233841979805314
0.11102220444088817,0.06305786988602839
0.11202240448089618,-0.02333700404701908
0.11302260452090418,0.028656137846744284
0.11402280456091218,-0.03886552046151101
0.11502300460092019,0.014019706443191234
0.11602320464092819,0.0694673018849651
0.1170234046809362,0.017362015973210247
0.11802360472094418,-0.05613685600500775
0.11902380476095219,0.07401666320754093
0.12002400480096019,-0.04007421341323381
0.1210242048409682,-0.035544197027394184
0.1220244048809762,-0.11853590990461116
0.1230246049209842,-0.038923962938837965
0.1240248049609922,-0.0602554206377303
0.1250250050010002,-0.004664155085439483
0.1260252050410082,-0.07414227570568385
0.1270254050810162,0.11542443150005172
0.1280256051210242,-0.019426129460202255
0.1290258051610322,-0.1389469790438455
0.1300260052010402,0.17337504094381828
0.13102620524104822,-0.043691808067968504
0.13202640528105622,-0.12815222728149128
0.13302660532106422,0.015854552145744907
0.13402680536107223,0.040407557278344684
0.13502700540108023,-0.03024407571533179
0.1360272054410882,-0.04190686384556349
0.1370274054810962,0.1615890304662785
0.1380276055211042,-0.12514842803577575
0.13902780556111222,0.047853251834529466
0.14002800560112022,-0.12433424670453568
0.14102820564112822,0.014701311940615587
0.14202840568113623,-0.1269222461994992
0.14302860572114423,0.07490186281388439
0.14402880576115223,-0.07635509458861885
0.14502900580116024,-0.016651492612390677
0.14602920584116824,0.15610422473775556
0.14702940588117624,0.33995214904606147
0.14802960592118425,0.18011709928082512
0.14902980596119225,0.0881051719610956
0.15003000600120023,0.05449490748286323
0.15103020604120823,0.049745036931633846
0.15203040608121624,-0.11199657606418609
0.15303060612122424,-0.08756285961937908
0.15403080616123224,0.04186103459292455
0.15503100620124025,-0.11553809001726666
0.15603120624124825,-0.06465939419485128
0.15703140628125625,0.02654558661314199
0.15803160632126426,-0.1017568631110633
0.15903180636127226,-0.023361918540564103
0.16003200640128026,0.07497463294465172
0.16103220644128827,-0.0032486324218437635
0.16203240648129627,-0.1512285431606504
0.16303260652130427,0.021880030607668174
0.16403280656131225,-0.013632958585332011
0.16503300660132025,0.08458868019984785
0.16603320664132826,-0.008356592120158988
0.16703340668133626,-0.1839204749415063
0.16803360672134426,-0.05540622701671548
0.16903380676135227,0.1017160316300697
0.17003400680136027,-0.03894043526824327
0.17103420684136827,0.1038948404493932
0.17203440688137628,-0.15565201972623954
0.17303460692138428,0.13294445025468934
0.17403480696139229,-0.08408354487141216
0.1750350070014003,0.07515666468615824
0.1760352070414083,-0.02455659104251528
0.1770354070814163,0.06449530055686185
0.17803560712142427,0.22218163292982812
0.17903580716143228,0.08702074790236476
0.18003600720144028,-0.08383517528381372
0.18103620724144828,-0.15915006306470525
0.1820364072814563,0.1760688979615809
0.1830366073214643,0.0952964805720071
0.1840368073614723,0.05835920107385516
0.1850370074014803,0.028864386783839863
0.1860372074414883,-0.07670603943518851
0.1870374074814963,0.1306296428427324
0.1880376075215043,-0.10402483077010524
0.1890378075615123,-0.08521591784856017
0.19003800760152031,-0.00586035245862641
0.19103820764152832,0.022552209880082007
0.1920384076815363,-0.3313855230536626
0.1930386077215443,-0.011407255723036698
0.1940388077615523,-0.21729787523484645
0.1950390078015603,0.17197542614549846
0.1960392078415683,-0.08041516484705963
0.1970394078815763,0.08748759776707585
0.19803960792158432,-0.06195633668189394
0.19903980796159232,-0.2296260342055546
0.20004000800160032,0.05669711554010039
0.20104020804160833,-0.008816466777128265
0.20204040808161633,-0.012696909511773859
0.20304060812162433,0.12101736611429874
0.20404080816163234,0.14023897175617947
0.20504100820164034,-0.10775458000413772
0.20604120824164834,0.05019273283591627
0.20704140828165632,-0.06025488302678737
0.20804160832166432,0.023827204492461937
0.20904180836167233,-0.1750679719075156
0.21004200840168033,0.008544988597698117
0.21104220844168833,0.1006509360711402
0.21204240848169634,0.18508856555833314
0.21304260852170434,0.13522127977664927
0.21404280856171234,-0.11505145185672021
0.21504300860172035,0.024031576231093157
0.21604320864172835,0.13099421993429797
0.21704340868173636,0.045913805128447255
0.21804360872174436,-0.2731417306353073
0.21904380876175236,-0.14664587879625
0.22004400880176037,-0.25330176301334517
0.22104420884176834,0.03481329817361536
0.22204440888177635,0.024663390894776115
0.22304460892178435,-0.2278199029640539
0.22404480896179235,-0.24982057949054765
0.22504500900180036,0.011985681321090716
0.22604520904180836,0.10567262396901528
0.22704540908181636,-0.20597993398543546
0.22804560912182437,0.02354405693495045
0.22904580916183237,0.7052580272183504
0.23004600920184037,-0.004010057112693577
0.23104620924184838,0.021992594902606303
0.23204640928185638,-0.032756943747639045
0.23304660932186438,0.1402346357301838
0.2340468093618724,0.25749238660167606
0.23504700940188036,0.026837981364975925
0.23604720944188837,-0.028030563359877143
0.23704740948189637,0.049883303593609776
0.23804760952190437,-0.2442600734177407
0.23904780956191238,-0.0050367074855290715
0.24004800960192038,0.37941966958665013
0.24104820964192838,-0.28385882456776657
0.2420484096819364,-0.20423531638994688
0.2430486097219444,-0.005075226316832806
0.2440488097619524,-0.16496780001029476
0.2450490098019604,0.1906865970654314
0.2460492098419684,0.015238947248201974
0.2470494098819764,0.3524334514765103
0.2480496099219844,-0.049543412214631384
0.24904980996199239,-0.059654364860702885
0.2500500100020004,0.11062672120443122
0.2510502100420084,-0.13972732946672076
0.2520504100820164,-0.10770638065580444
0.2530506101220244,-0.0252004080918392
0.2540508101620324,-0.34902116943819333
0.2550510102020404,0.4760449193439358
0.2560512102420484,-0.050022426846444985
0.2570514102820564,0.4348377368534313
0.2580516103220644,0.4210216562781745
0.2590518103620724,-0.16811036361055043
0.2600520104020804,0.3688278550913993
0.26105221044208843,-0.11098686011519121
0.26205241048209643,0.0808243007177818
0.26305261052210444,-0.3026799710273721
0.26405281056211244,-0.22629241884490545
0.26505301060212044,0.349404797828441
0.26605321064212845,-0.04517791765312141
0.26705341068213645,-0.09847014007504624
0.26805361072214445,0.11372032568318871
0.26905381076215246,0.7059400414778649
0.27005401080216046,0.32542264376443547
0.2710542108421684,0.20345559079248995
0.2720544108821764,-0.0013915750205578498
0.2730546109221844,0.09357489995785709
0.2740548109621924,0.21516022508547916
0.2750550110022004,0.06673636203230913
0.2760552110422084,-0.10619021395777686
0.27705541108221643,-0.2059434278026007
0.27805561112222443,-0.057173764125188334
0.27905581116223244,0.31505833842588626
0.28005601120224044,0.3136278293163868
0.28105621124224844,0.19582453098057778
0.28205641128225645,-0.3601964002317144
0.28305661132226445,0.08392113587784947
0.28405681136227245,-0.18302385339923577
0.28505701140228046,0.05083377998039498
0.28605721144228846,-0.056550039676070286
0.28705741148229647,-0.4575567651285361
0.28805761152230447,-0.698106565797505
0.28905781156231247,0.6216853000458458
0.2900580116023205,0.17731617304486133
0.2910582116423285,0.5034923174037581
0.2920584116823365,0.28706372673000746
0.2930586117223445,0.42596137609323276
0.2940588117623525,0.019129115929379718
0.2950590118023605,0.8655870860286232
0.2960592118423685,0.28994431821816635
0.2970594118823765,0.03643202215051866
0.2980596119223845,-0.6381829829706515
0.29905981196239245,0.1550470488183307
0.30006001200240046,-0.15704966492282293
0.30106021204240846,0.5150461945704105
0.30206041208241646,-0.217761908980272
0.30306061212242447,-0.1172322685351231
0.30406081216243247,-0.10630783104141946
0.3050610122024405,0.11688780763014271
0.3060612122424485,-0.4209529793638884
0.3070614122824565,-0.09886306216707706
0.3080616123224645,-0.3632987425041612
0.3090618123624725,-0.8035980939025529
0.3100620124024805,0.4369967591874382
0.3110622124424885,-0.03705593726695481
0.3120624124824965,0.36423942647464597
0.3130626125225045,-0.26845869450423643
0.3140628125625125,-0.2044893454633256
0.3150630126025205,0.061686306714901586
0.3160632126425285,-0.032033863409067734
0.3170634126825365,0.3221405935596869
0.3180636127225445,-0.35492230010645104
0.3190638127625525,0.0374291254252434
0.3200640128025605,-0.09312208775985552
0.32106421284256853,0.03842529952787665
0.32206441288257653,0.9685705725291707
0.32306461292258454,0.15456672791576712
0.32406481296259254,-0.06632210358430964
0.32506501300260054,-0.12866869433210143
0.32606521304260855,-0.4662256624395232
0.32706541308261655,-0.03693890834607207
0.3280656131226245,-0.3393979130106058
0.3290658131626325,0.04577140722432746
0.3300660132026405,0.500314422312536
0.3310662132426485,-0.026404805738715117
0.3320664132826565,-0.021043375279816326
0.3330666133226645,0.16170250912183093
0.3340668133626725,-0.2592002275536712
0.3350670134026805,0.5149093060732307
0.33606721344268853,-0.3549776550386018
0.33706741348269653,-0.020191144590496677
0.33806761352270454,-0.00676187536639843
0.33906781356271254,0.09434414174823987
0.34006801360272054,0.5587104640972084
0.34106821364272855,0.44693183052058993
0.34206841368273655,0.3067127630054921
0.34306861372274455,-0.24045456263731063
0.34406881376275256,0.203753095135845
0.34506901380276056,-0.2088156109164067
0.34606921384276856,-0.30123402539108707
0.34706941388277657,0.04507477355481876
0.34806961392278457,0.43800392181736636
0.3490698139627926,0.4959468480908751
0.3500700140028006,0.4716449668800795
0.3510702140428086,0.035432617386857074
0.3520704140828166,0.05538049478578226
0.3530706141228246,0.2841816773878879
0.3540708141628326,0.11841191402644435
0.3550710142028406,0.33009194891046784
0.35607121424284854,-0.011858010523275684
0.35707141428285655,-0.3540124759769079
0.35807161432286455,-0.06833875354449204
0.35907181436287255,0.12266280245091757
0.36007201440288056,-0.83771220217221
0.36107221444288856,-0.5229602466169381
0.36207241448289657,0.03529484969165203
0.36307261452290457,0.3967651366435652
0.3640728145629126,-0.6096890858817133
0.3650730146029206,-0.8355950705465496
0.3660732146429286,-0.24644599378848597
0.3670734146829366,-0.15745045594090035
0.3680736147229446,0.6470583684446459
0.3690738147629526,0.5796653501454415
0.3700740148029606,-0.03447185618589738
0.3710742148429686,-0.31338509849872587
0.3720744148829766,-0.9715732958034747
0.3730746149229846,0.2176744370778868
0.3740748149629926,-0.5805338622824069
0.3750750150030006,-0.14745652669038173
0.3760752150430086,0.15316952755830632
0.3770754150830166,-0.5988697599417563
0.3780756151230246,0.22229748386449416
0.3790758151630326,0.336168516417291
0.38007601520304063,0.280415739946667
0.38107621524304863,0.2503994651485732
0.38207641528305664,-0.20059367613124068
0.38307661532306464,0.32802342898769765
0.3840768153630726,-0.218809107485936
0.3850770154030806,-0.14414064852100628
0.3860772154430886,-0.33445169448621714
0.3870774154830966,-0.15313629525810213
0.3880776155231046,0.5018767962412503
0.3890778155631126,-0.2629599024632781
0.3900780156031206,-0.50250912020794
0.3910782156431286,0.07039988848658679
0.3920784156831366,-0.822180426530135
0.3930786157231446,0.11729559724335874
0.3940788157631526,0.3150363346315217
0.3950790158031606,-0.15486089703796657
0.39607921584316863,-0.29085950512978903
0.39707941588317663,0.2928016593663159
0.39807961592318464,0.549528206650416
0.39907981596319264,-1.105719826987207
0.40008001600320064,0.02415143456656963
0.40108021604320865,0.08530548829029311
0.40208041608321665,-0.30654491447651583
0.40308061612322466,0.8172558871515601
0.40408081616323266,0.08226675904194268
0.40508101620324066,-0.7025460806686099
0.40608121624324867,0.4943141207505683
0.40708141628325667,0.35840758961072744
0.4080816163232647,0.2100913278254163
0.4090818163632727,0.43970293243237474
0.4100820164032807,0.6683799258370894
0.4110822164432887,-0.10872343927447149
0.4120824164832967,-0.32177343057016117
0.41308261652330464,0.45305677526012833
0.41408281656331264,0.1977375033267941
0.41508301660332064,0.23783512538174656
0.41608321664332865,-0.47302222837007
0.41708341668333665,-0.2727185073538627
0.41808361672334465,-0.8614711503741544
0.41908381676335266,-0.4097852043427707
0.42008401680336066,0.6383923963956838
0.42108421684336866,-0.0830274723640673
0.42208441688337667,0.1901063145160527
0.42308461692338467,0.3216028157539938
0.4240848169633927,0.25322461386309775
0.4250850170034007,0.21282817355111153
0.4260852170434087,-0.4165346466855224
0.4270854170834167,0.12392324911685412
0.4280856171234247,-0.4368672123746993
0.4290858171634327,-0.0774798709898159
0.4300860172034407,-0.45046005604805184
0.4310862172434487,-0.047306947760673485
0.4320864172834567,0.48908198648459805
0.4330866173234647,0.2702408154170621
0.4340868173634727,0.5191232075389187
0.4350870174034807,-0.05985808155904628
0.4360872174434887,0.7099338869636391
0.4370874174834967,-0.2429388497502201
0.4380876175235047,0.7284401179188623
0.43908781756351273,0.0018338148166944384
0.44008801760352073,0.7069152360549577
0.4410882176435287,-0.2601686904570178
0.4420884176835367,-0.2956779173744026
0.4430886177235447,-0.05619867801750158
0.4440888177635527,-0.8656176952416307
0.4450890178035607,0.43239477978039925
0.4460892178435687,-0.013553932608855276
0.4470894178835767,0.2094528056124167
0.4480896179235847,0.3619888497528721
0.4490898179635927,0.3791183560662882
0.4500900180036007,-0.22009323251865037
0.4510902180436087,0.3761386428847856
0.4520904180836167,0.057933960564392005
0.4530906181236247,-0.06033271250040121
0.4540908181636327,-0.7041292006982269
0.45509101820364073,-0.7421633279924137
0.45609121824364873,-0.4617817639209638
0.45709141828365674,0.18007065573775397
0.45809161832366474,-0.0999156787786451
0.45909181836367274,0.3089844806180213
0.46009201840368075,0.005158620318973099
0.46109221844368875,-0.9051970359818546
0.46209241848369675,-0.21715141951292324
0.46309261852370476,-0.7514678187107278
0.46409281856371276,-0.2934597516875425
0.46509301860372076,-0.5736231638073213
0.46609321864372877,-0.15685438985652989
0.46709341868373677,-0.8116529833593659
0.4680936187237448,0.47665592239565235
0.4690938187637528,0.09387951999361432
0.4700940188037607,0.1895271844606408
0.47109421884376873,-0.6288795046980938
0.47209441888377673,0.10426440197634704
0.47309461892378474,-0.05335377022401648
0.47409481896379274,-0.5175049742014692
0.47509501900380074,1.2135738688435516
0.47609521904380875,0.631223951190589
0.47709541908381675,0.45085001005248226
0.47809561912382476,0.34340994958093407
0.47909581916383276,-0.28613468570029177
0.48009601920384076,0.6914668231466171
0.48109621924384877,-0.8060048005518199
0.48209641928385677,-0.4442867821790947
0.4830966193238648,0.1920071719869286
0.4840968193638728,0.553072214066974
0.4850970194038808,0.1835024451394723
0.4860972194438888,-0.09539418353529606
0.4870974194838968,0.36498617639571845
0.4880976195239048,0.08054852415070775
0.4890978195639128,0.57214216331445
0.4900980196039208,0.3780037005319989
0.4910982196439288,0.3975233129745615
0.4920984196839368,0.33255721444491637
0.4930986197239448,-0.36702239357716937
0.4940988197639528,0.2535273870346803
0.4950990198039608,0.6260473388057373
0.4960992198439688,-0.037084691677247233
0.4970994198839768,-0.7085781375947633
0.49809961992398477,-0.22643879744970946
0.4990998199639928,0.29658051044487826
0.5001000200040008,0.25606310798794235
0.5011002200440088,0.5827769117417608
0.5021004200840168,-0.4568755087939497
0.5031006201240248,-0.3300282762273769
0.5041008201640328,-0.38078716634538706
0.5051010202040408,0.4054237272015307
0.5061012202440488,-0.3073778259199445
0.5071014202840568,0.11511567091315285
0.5081016203240648,-0.08360668387462737
0.5091018203640728,-0.008101312376745608
0.5101020204040808,-0.3896019892429222
0.5111022204440888,-0.589902171120746
0.5121024204840968,-0.6631512508327032
0.5131026205241048,0.2063641818542939
0.5141028205641128,0.027606971135910395
0.5151030206041208,0.49379865333211814
0.5161032206441288,0.3715404704694648
0.5171034206841368,0.502143994109661
0.5181036207241448,-0.17945436841493548
0.5191038207641528,1.5282232013946548
0.5201040208041608,0.6145305787880663
0.5211042208441689,-0.6005408784265971
0.5221044208841769,-1.6086224218466736
0.5231046209241849,-0.04276534567139303
0.5241048209641929,0.4931448882639789
0.5251050210042009,1.1131268133494263
0.5261052210442089,-0.1743485056377451
0.5271054210842169,-0.8406012481556407
0.5281056211242249,-0.4876644367763066
0.5291058211642329,-1.1313967324573635
0.5301060212042409,1.1813702927592677
0.5311062212442489,-0.0965683347073118
0.5321064212842569,-0.057766357329263725
0.5331066213242649,0.7997349426920903
0.5341068213642729,1.1947011927659401
0.5351070214042809,0.05430699964058442
0.5361072214442889,-0.580552751699549
0.5371074214842969,-0.7524236457419854
0.5381076215243049,0.15014996357505506
0.5391078215643129,-0.07430679333615933
0.5401080216043209,-0.4686538763090895
0.5411082216443288,-0.22625106692383265
0.5421084216843368,0.326332505153372
0.5431086217243448,0.9115648648063229
0.5441088217643528,-0.22186327677249368
0.5451090218043608,-0.2633114857323891
0.5461092218443688,0.04117447650728322
0.5471094218843768,0.023640064936356096
0.5481096219243848,0.2374686857683227
0.5491098219643928,-1.0747422468262884
0.5501100220044008,-0.4321598013558891
0.5511102220444088,0.02836678377007955
0.5521104220844169,-0.26738246364122237
0.5531106221244249,-0.11677697514265416
0.5541108221644329,0.07476601761878485
0.5551110222044409,0.648582523342675
0.5561112222444489,0.34742957635529975
0.5571114222844569,0.2087395370960034
0.5581116223244649,0.3161359330750251
0.5591118223644729,0.059791826991915493
0.5601120224044809,-1.0051467972280437
0.5611122224444889,0.49283834709825053
0.5621124224844969,-0.2093396590114382
0.5631126225245049,0.5790665970501365
0.5641128225645129,-0.392855715383501
0.5651130226045209,0.16529469775986166
0.5661132226445289,-0.10737894436170602
0.5671134226845369,0.6931917379203737
0.5681136227245449,-0.2013458416111778
0.5691138227645529,-0.1704518035333503
0.5701140228045609,0.792252187426932
0.5711142228445689,0.6766200696705026
0.5721144228845769,-0.00636447194129723
0.5731146229245849,-0.3754122319921062
0.5741148229645929,0.06392239160920586
0.5751150230046009,-0.6473660075711886
0.5761152230446089,0.4485448846426768
0.5771154230846169,-0.20736744155714273
0.5781156231246249,0.8547186158507719
0.579115823164633,0.05372011739540543
0.580116023204641,1.0876271212369457
0.581116223244649,-0.5275468512609331
0.582116423284657,0.0025354670530687486
0.583116623324665,-0.5889577356388881
0.584116823364673,0.37338403685475335
0.585117023404681,0.6012024205232346
0.586117223444689,-0.6005895111057081
0.587117423484697,-0.20404593470330282
0.588117623524705,0.5234579563986287
0.589117823564713,0.29303382463881167
0.590118023604721,-0.3477977339184968
0.591118223644729,-0.09796392981157766
0.592118423684737,0.018856580723907064
0.593118623724745,0.6430017685763951
0.594118823764753,0.028529744904248602
0.595119023804761,0.4035893340073723
0.596119223844769,-0.0351437218138412
0.597119423884777,0.4169418666214956
0.5981196239247849,-0.01605060832541583
0.5991198239647929,-0.2706527385023565
0.6001200240048009,0.06933007856887942
0.6011202240448089,0.3804889838816249
0.6021204240848169,-0.36794562669283903
0.6031206241248249,0.030704664271955586
0.6041208241648329,0.46602111611680724
0.6051210242048409,-0.6968481053506548
0.6061212242448489,0.39238634125460403
0.6071214242848569,0.12386103775514684
0.6081216243248649,0.16087567166535233
0.6091218243648729,0.30958863601561176
0.610122024404881,0.43635835502540676
0.611122224444889,0.31026193710227945
0.612122424484897,0.12725897660016175
0.613122624524905,0.30568341024851936
0.614122824564913,0.07186504228923325
0.615123024604921,-0.429033656368349
0.616123224644929,0.15755248460433532
0.617123424684937,-0.004649221222704659
0.618123624724945,0.0069842345619610885
0.619123824764953,-0.31484316917211913
0.620124024804961,-0.3770924327392488
0.621124224844969,0.5051244254747224
0.622124424884977,-0.026714213457247053
0.623124624924985,-0.5243026191459554
0.624124824964993,-0.5021579870857089
0.625125025005001,0.09423099274079443
0.626125225045009,-1.2676030945385883
0.627125425085017,0.821289386687661
0.628125625125025,-0.44941848603205137
0.629125825165033,0.12226087149192995
0.630126025205041,-0.11720605943887058
0.631126225245049,-0.117844593742451
0.632126425285057,0.5487484150971182
0.633126625325065,-0.21748623636813041
0.634126825365073,-0.04761308664964833
0.635127025405081,0.3017765998050708
0.636127225445089,0.21868537390538084
0.637127425485097,0.5644904828819515
0.638127625525105,-0.08968241457408106
0.639127825565113,-0.27693407087573846
0.640128025605121,0.4214327523737406
0.6411282256451291,-1.1490530268060415
0.6421284256851371,0.3484389462309971
0.6431286257251451,-0.6178509781489507
0.6441288257651531,-0.6281940900167375
0.6451290258051611,-0.7567897881916685
0.6461292258451691,0.1782202868305473
0.6471294258851771,0.2988437100854019
0.6481296259251851,-0.08549612651934638
0.6491298259651931,0.7179824467126611
0.6501300260052011,-0.9237364045012274
0.6511302260452091,-0.06599860316996145
0.6521304260852171,-0.41495438738751056
0.6531306261252251,0.4468625841796604
0.6541308261652331,-0.3027561790200969
0.655131026205241,-0.5589139753925318
0.656131226245249,-0.27326108457256104
0.657131426285257,-0.19584837033016794
0.658131626325265,0.028230399376970656
0.659131826365273,-0.1991912208369472
0.660132026405281,-0.24743516218632844
0.661132226445289,0.2660245996566725
0.662132426485297,-0.19592688585001827
0.663132626525305,-0.267688159290392
0.664132826565313,-0.05993838625544434
0.665133026605321,0.16108974164373355
0.666133226645329,0.06558600505362537
0.667133426685337,-0.14483659926396708
0.668133626725345,-0.17736912575497685
0.669133826765353,-0.44358771991046936
0.670134026805361,0.3652283756697087
0.671134226845369,0.09599918532564714
0.6721344268853771,-0.36951134989348444
0.6731346269253851,0.22967002519431082
0.6741348269653931,-0.33822989784136626
0.6751350270054011,0.5754447176911575
0.6761352270454091,-0.49951597785432567
0.6771354270854171,-0.5505516751002398
0.6781356271254251,-0.2580284299456046
0.6791358271654331,-0.23804312022274557
0.6801360272054411,-0.4830117473954454
0.6811362272454491,-0.34529929514274754
0.6821364272854571,0.15791805162941266
0.6831366273254651,-0.4695162318812519
0.6841368273654731,-0.29418279218288196
0.6851370274054811,-0.05497655505007733
0.6861372274454891,-0.09259757203013895
0.6871374274854971,-0.022718725540153053
0.6881376275255051,-0.3248276367455613
0.6891378275655131,-0.9785924890648106
0.6901380276055211,-0.01985213005588362
0.6911382276455291,-0.3797954245035831
0.6921384276855371,0.29195521140580133
0.6931386277255451,-0.2659099099855615
0.6941388277655531,-0.16517059656431105
0.6951390278055611,0.1767921601669788
0.6961392278455691,-0.2907886170502848
0.6971394278855771,0.10323446471935438
0.6981396279255851,0.34123866159463545
0.6991398279655932,0.6194449247642655
0.7001400280056012,-0.07074727173516158
0.7011402280456092,-0.35018765651949446
0.7021404280856172,-0.4992853804128961
0.7031406281256252,0.6258161857173782
0.7041408281656332,0.01044313457226425
0.7051410282056412,-0.054873781156160865
0.7061412282456492,0.2874659492817971
0.7071414282856572,-0.2426651853268408
0.7081416283256652,-1.1100777291925399
0.7091418283656732,-0.14299390480940685
0.7101420284056812,-0.11866865225867734
0.7111422284456892,-0.020315313950062332
0.7121424284856971,0.12240974336857119
0.7131426285257051,0.05793159004602951
0.7141428285657131,-0.06387203520929521
0.7151430286057211,0.23318625423368153
0.7161432286457291,0.01872894565438193
0.7171434286857371,-0.01977947002020919
0.7181436287257451,-0.5979920836470878
0.7191438287657531,-0.40096802223625516
0.7201440288057611,-0.07154046210962302
0.7211442288457691,-0.3768081911518058
0.7221444288857771,-0.2723774788903063
0.7231446289257851,-0.10223741200741177
0.7241448289657931,0.48448785940074124
0.7251450290058011,0.3404084654883458
0.7261452290458091,0.4507780740038908
0.7271454290858171,0.3285224303489207
0.7281456291258251,-0.28977271578770764
0.7291458291658331,-0.1228287750774268
0.7301460292058412,0.37965510052709667
0.7311462292458492,-0.040677536478180495
0.7321464292858572,0.274713880389713
0.7331466293258652,-0.3313062807569939
0.7341468293658732,-0.6953619734681399
0.7351470294058812,0.37381217944387446
0.7361472294458892,0.17947573830813401
0.7371474294858972,-0.4316131849801538
0.7381476295259052,0.17411310019442414
0.7391478295659132,-0.0010280466032455218
0.7401480296059212,-0.003055561776576049
0.7411482296459292,-0.01498081599617897
0.7421484296859372,0.08025332612614748
0.7431486297259452,0.19505172049109895
0.7441488297659532,0.07301576965325235
0.7451490298059612,0.2876982813175117
0.7461492298459692,-0.09257366206625949
0.7471494298859772,0.8592595053608855
0.7481496299259852,-0.29607518794948545
0.7491498299659932,-0.026726619037530795
0.7501500300060012,-0.34381372774551006
0.7511502300460092,0.06472957338885048
0.7521504300860172,0.13530285749677806
0.7531506301260252,-0.06122866136060439
0.7541508301660332,0.500800089142372
0.7551510302060412,-0.26245196115329145
0.7561512302460492,-0.19006004332602405
0.7571514302860572,0.13938968900433804
0.7581516303260653,-0.05820201463031567
0.7591518303660733,0.048119883142544
0.7601520304060813,-0.5726261558821332
0.7611522304460893,0.16747631853405798
0.7621524304860973,-0.06427418213034201
0.7631526305261053,0.12652575708821714
0.7641528305661133,0.6064826386808981
0.7651530306061213,-0.00024719771798267494
0.7661532306461293,-0.011416610260260961
0.7671534306861373,0.2583580384149548
0.7681536307261452,-0.20798503885292244
0.7691538307661532,0.011946477568694025
0.7701540308061612,-0.5353648606976811
0.7711542308461692,-0.11311572797663341
0.7721544308861772,-0.056364624997613626
0.7731546309261852,0.19703235613684156
0.7741548309661932,0.033737175669584694
0.7751550310062012,-0.19942839872591067
0.7761552310462092,0.00989831502967589
0.7771554310862172,0.29007129577884205
0.7781556311262252,0.21474013982274462
0.7791558311662332,-0.018488143930547308
0.7801560312062412,-0.019572220630337166
0.7811562312462492,0.15679641461411917
0.7821564312862572,0.08287745258852049
0.7831566313262652,-0.21045176489815845
0.7841568313662732,0.06820568551632016
0.7851570314062812,0.0010947270390189163
0.7861572314462892,-0.1082379648626012
0.7871574314862972,-0.5436559175651319
0.7881576315263052,-0.0898452572214735
0.7891578315663133,-0.06808734942330408
0.7901580316063213,-0.0007986774601196678
0.7911582316463293,0.04980032800326467
0.7921584316863373,-0.019555026850692755
0.7931586317263453,-0.1582387760558166
0.7941588317663533,-0.06816132880029588
0.7951590318063613,0.1722393765966671
0.7961592318463693,-0.0105725747539134
0.7971594318863773,0.0222586379177921
0.7981596319263853,0.13594749138967543
0.7991598319663933,0.06770378085121806
0.8001600320064013,-0.3460537755339018
0.8011602320464093,-0.24144255467194953
0.8021604320864173,-0.07413774196024173
0.8031606321264253,-0.06757832172969883
0.8041608321664333,-0.22289903533490255
0.8051610322064413,0.040642418727731465
0.8061612322464493,0.2772697098327529
0.8071614322864573,-0.21407609291736307
0.8081616323264653,0.2781706274279177
0.8091618323664733,-0.17225395423992643
0.8101620324064813,-0.09536542465684723
0.8111622324464893,0.2420908940134696
0.8121624324864973,0.07322865664343689
0.8131626325265053,-0.18937978109442588
0.8141628325665133,0.008014758941863983
0.8151630326065213,0.09197836799773193
0.8161632326465293,-0.16914708710517556
0.8171634326865373,-0.35680514241586225
0.8181636327265454,-0.08675561031041884
0.8191638327665534,-0.09722544425379955
0.8201640328065614,0.08767125065693798
0.8211642328465694,-0.13468750054782702
0.8221644328865774,0.0499197586492197
0.8231646329265854,-0.2548306354786211
0.8241648329665934,0.10084573300523689
0.8251650330066013,0.1568919640219805
0.8261652330466093,0.0879116771267178
0.8271654330866173,-0.007886238556789696
0.8281656331266253,0.06627487801327252
0.8291658331666333,-0.1539466561622816
0.8301660332066413,-0.08843597268301044
0.8311662332466493,0.017205111079896026
0.8321664332866573,-0.0521105865927155
0.8331666333266653,-0.11691569123709222
0.8341668333666733,-0.3040496116846174
0.8351670334066813,-0.08001315213504898
0.8361672334466893,0.07583001617311438
0.8371674334866973,-0.17873858598414186
0.8381676335267053,-0.054576692589779374
0.8391678335667133,0.2681856510536497
0.8401680336067213,0.10565739448245255
0.8411682336467293,-0.14701853497823156
0.8421684336867373,-0.09055190785571302
0.8431686337267453,-0.11557834523529223
0.8441688337667533,0.003398545002827171
0.8451690338067613,0.08579559443094473
0.8461692338467693,0.01913200269491834
0.8471694338867773,0.10649768224026053
0.8481696339267853,-0.10144041445759285
0.8491698339667934,0.07245178462839075
0.8501700340068014,0.11246696097688033
0.8511702340468094,-0.13989961619667748
0.8521704340868174,-0.17819657612206405
0.8531706341268254,-0.02610236109905895
0.8541708341668334,0.06806235109819905
0.8551710342068414,0.08511703964624338
0.8561712342468494,0.1067549654598131
0.8571714342868574,-0.012377475547216877
0.8581716343268654,0.1348194338643185
0.8591718343668734,-0.1481653470788538
0.8601720344068814,-0.014106915848564274
0.8611722344468894,0.14805085790829348
0.8621724344868974,-0.09871475426658032
0.8631726345269054,-0.025636470521734917
0.8641728345669134,-0.053495882582623014
0.8651730346069214,-0.04663062097994313
0.8661732346469294,-0.008829377256335647
0.8671734346869374,-0.09979656185891957
0.8681736347269454,-0.04835592228044618
0.8691738347669534,0.06066042323359407
0.8701740348069614,-0.05422461960493125
0.8711742348469694,-0.21108567428265382
0.8721744348869774,-0.046748619957041194
0.8731746349269854,-0.09469277462701689
0.8741748349669934,0.05999359251483887
0.8751750350070014,-0.008299738255498625
0.8761752350470094,0.038091934227096315
0.8771754350870175,0.043866550787054336
0.8781756351270255,-0.09937717507343455
0.8791758351670335,-0.04660946711803458
0.8801760352070415,0.017442246006365385
0.8811762352470495,0.07796730297236285
0.8821764352870574,-0.1628184490379058
0.8831766353270654,0.16571946355120262
0.8841768353670734,-0.04646408632659392
0.8851770354070814,0.06951244881315674
0.8861772354470894,-0.1064075793233106
0.8871774354870974,-0.011713849563658485
0.8881776355271054,0.08822474866337661
0.8891778355671134,-0.07216070470207357
0.8901780356071214,-0.07256830499424706
0.8911782356471294,-0.0010671354628405925
0.8921784356871374,0.007179018484570212
0.8931786357271454,0.0014205881921172446
0.8941788357671534,0.02057456656041085
0.8951790358071614,0.07669715516571729
0.8961792358471694,0.055522675950026794
0.8971794358871774,-0.07293452544022602
0.8981796359271854,0.05959793252575169
0.8991798359671934,-0.011287287577674592
0.9001800360072014,-0.10918566476342155
0.9011802360472094,0.0762358528919014
0.9021804360872174,0.0008168307451010057
0.9031806361272254,-0.013761397352030294
0.9041808361672334,0.009700561032602804
0.9051810362072414,-0.004576710194094211
0.9061812362472494,0.009313009272856769
0.9071814362872574,0.00522707515187483
0.9081816363272655,-0.04547195049408381
0.9091818363672735,-0.01589763498515095
0.9101820364072815,-0.01067147212166478
0.9111822364472895,-0.019342196961739364
0.9121824364872975,-0.03282387400504106
0.9131826365273055,-0.0026661284204100777
0.9141828365673135,-0.024996793017489232
0.9151830366073215,0.010736282228042305
0.9161832366473295,0.013609795729961982
0.9171834366873375,-0.008723752120701379
0.9181836367273455,-0.06293428031125803
0.9191838367673535,-0.03324162889359639
0.9201840368073615,0.011016884394966788
0.9211842368473695,0.014788644392329254
0.9221844368873775,0.02852951064373808
0.9231846369273855,0.014058559553306971
0.9241848369673935,-0.02616471457754249
0.9251850370074015,0.030355011643414465
0.9261852370474095,0.01189779331991965
0.9271854370874175,0.02849794398535226
0.9281856371274255,0.04129373107430149
0.9291858371674335,-0.0053812668297888435
0.9301860372074415,-0.02660009962472745
0.9311862372474495,-0.021785560289099178
0.9321864372874575,-0.04841192834352687
0.9331866373274655,0.04955128398903084
0.9341868373674735,0.006378161818075312
0.9351870374074815,-0.00923490453509592
0.9361872374474896,-0.01706120613825704
0.9371874374874976,0.03138150715583696
0.9381876375275056,-0.003428453025965038
0.9391878375675135,0.006820868254206337
0.9401880376075215,-0.01324246213066631
0.9411882376475295,0.01396609695993439
0.9421884376875375,-0.0007469332253559036
0.9431886377275455,-0.02032046883465824
0.9441888377675535,-0.029362678567085264
0.9451890378075615,-0.00021096810077333606
0.9461892378475695,0.009739626457727529
0.9471894378875775,0.006031100060118909
0.9481896379275855,0.0024780362848667837
0.9491898379675935,-0.007409879955837723
0.9501900380076015,-0.01828264686049201
0.9511902380476095,0.018710579545853596
0.9521904380876175,-0.008943007196714805
0.9531906381276255,-0.0009349791693779025
0.9541908381676335,-0.007739206865890198
0.9551910382076415,-0.00026126765421255075
0.9561912382476495,0.0060509374077009365
0.9571914382876575,-0.007571364996172746
0.9581916383276655,0.004212537499143944
0.9591918383676735,0.004519570273188125
0.9601920384076815,0.01386061731167986
0.9611922384476895,-0.000564128792910315
0.9621924384876975,-0.011170166949777629
0.9631926385277055,-0.003685496204798177
0.9641928385677135,-0.0034891127716802812
0.9651930386077215,0.006049865177407163
0.9661932386477295,-0.0019505074388771395
0.9671934386877376,-0.0022056816102179982
0.9681936387277456,-0.0008196212510100368
0.9691938387677536,0.006778159118669865
0.9701940388077616,0.0036801621444669595
0.9711942388477696,-0.0028195781720946464
0.9721944388877776,0.0021259438575072604
0.9731946389277856,-0.005369053042838647
0.9741948389677936,-0.0003496062089471352
0.9751950390078016,0.0017647014141065676
0.9761952390478096,-0.004276771149760468
0.9771954390878176,0.0029655477348793755
0.9781956391278256,-0.0005942863612515921
0.9791958391678336,-0.002411046391898982
0.9801960392078416,0.0011384501230030184
0.9811962392478496,0.0009192160052319109
0.9821964392878576,-0.0021136479210840118
0.9831966393278656,0.0019521214268185517
0.9841968393678736,0.0020583862473546317
0.9851970394078816,-0.00037261079159828215
0.9861972394478896,0.00048381607923055005
0.9871974394878976,-0.00189724389480212
0.9881976395279056,-0.0001562317722979366
0.9891978395679136,6.790102417258943e-05
0.9901980396079216,0.0003597549325032125
0.9911982396479296,0.0004304333069212286
0.9921984396879376,-5.608587865131143e-05
0.9931986397279456,-0.00023600707346504236
0.9941988397679536,-3.939504052795831e-05
0.9951990398079616,-0.0001692914152309665
0.9961992398479695,-4.19184248063793e-05
0.9971994398879775,1.3825005556361727e-05
0.9981996399279855,1.318771138266447e-05
0.9991998399679936,-9.688564197415523e-07
1.0002000400080016,-1.2780646838189407e-07
1.0012002400480096,-7.307861597234797e-06
1.0022004400880176,3.34868042076053e-05
1.0032006401280256,-7.244292184509427e-05
1.0042008401680336,-4.7504061544737234e-05
1.0052010402080416,2.0788329477541568e-05
1.0062012402480496,-0.00011898904603326458
1.0072014402880576,5.611930224090339e-05
1.0082016403280656,-0.0002370382144718068
1.0092018403680736,4.169561607819568e-06
1.0102020404080816,0.0011265806585739812
1.0112022404480896,-6.873967568596988e-05
1.0122024404880976,-0.0010921568099050952
1.0132026405281056,-0.0002112908263974219
1.0142028405681136,-0.00025624904593783443
1.0152030406081216,0.0011532563465533224
1.0162032406481296,-0.0025424170064413942
1.0172034406881376,-0.0001243900095829822
1.0182036407281456,-0.0005078745391312392
1.0192038407681536,0.0006212909503233755
1.0202040408081616,-0.0005875954043112209
1.0212042408481696,-0.002023957180494856
1.0222044408881776,0.0005457042584822377
1.0232046409281856,-0.006879642566608014
1.0242048409681936,-0.0018593150816656335
1.0252050410082016,0.0005267890708044753
1.0262052410482096,0.0021212053662002617
1.0272054410882177,0.006029925171704903
1.0282056411282257,0.005418252598204777
1.0292058411682337,0.004368188488223147
1.0302060412082417,0.0009329461241670998
1.0312062412482497,0.0017118547786902506
1.0322064412882577,-0.0018033197291459177
1.0332066413282657,-0.001352453809553074
1.0342068413682737,-0.005735519769625006
1.0352070414082817,-0.00038625381656204354
1.0362072414482897,-0.00934937878757475
1.0372074414882977,0.008794740291480179
1.0382076415283057,0.002596249787954003
1.0392078415683137,-0.0031432203719089454
1.0402080416083217,0.0014389841766169645
1.0412082416483297,0.0020458509654540744
1.0422084416883377,-0.0037981185329497976
1.0432086417283457,-0.013982164744978735
1.0442088417683537,-0.009337649647672003
1.0452090418083617,0.006814441115984589
1.0462092418483697,0.004409410021150651
1.0472094418883777,0.0001797187529462854
1.0482096419283857,-0.002482259212948127
1.0492098419683937,-0.016425698648205735
1.0502100420084017,-0.02224926909879918
1.0512102420484097,-0.00632525985710052
1.0522104420884177,0.0038455853717704463
1.0532106421284257,-0.01463233432392929
1.0542108421684337,-0.023162275218492262
1.0552110422084418,-0.03048217077881497
1.0562112422484498,0.008007139921180307
1.0572114422884578,-0.016641323639550173
1.0582116423284658,0.022408021119124596
1.0592118423684738,0.005785607656159198
1.0602120424084818,0.016161814496808324
1.0612122424484898,-0.002400596242047105
1.0622124424884978,-0.011258465842263912
1.0632126425285058,0.006741598719384165
1.0642128425685138,-0.0006107532976569575
1.0652130426085218,0.01599373544676622
1.0662132426485298,-0.014802282152992651
1.0672134426885378,-0.005104909620492016
1.0682136427285458,0.02002173322395884
1.0692138427685538,0.019072643450875653
1.0702140428085618,0.024550058284119953
1.0712142428485698,-0.01553472543340334
1.0722144428885778,0.017331048979370697
1.0732146429285858,-1.3846383414093336e-05
1.0742148429685938,0.0076173554932562875
1.0752150430086018,0.03567785217290854
1.0762152430486098,0.0016151080439683772
1.0772154430886178,0.03170155157571924
1.0782156431286258,0.006729974436014253
1.0792158431686338,0.06458824210508031
1.0802160432086418,0.015792604102646445
1.0812162432486496,0.008213271560066588
1.0822164432886576,0.004833171264394946
1.0832166433286656,0.06549447064933546
1.0842168433686736,-0.04511751202894839
1.0852170434086816,-0.019067029618227895
1.0862172434486896,0.02232177488933471
1.0872174434886976,-0.05318704630223051
1.0882176435287056,0.00636800458500567
1.0892178435687137,-0.033115345923880865
1.0902180436087217,0.028424912709673112
1.0912182436487297,-0.03997397958846975
1.0922184436887377,0.004660161440944558
1.0932186437287457,-0.05320535673665831
1.0942188437687537,0.019702143727788828
1.0952190438087617,-0.030205648727480855
1.0962192438487697,-0.04734680026423028
1.0972194438887777,0.022574447913562584
1.0982196439287857,0.06839892914370044
1.0992198439687937,-0.027418366218799315
1.1002200440088017,-0.03710183020458069
1.1012202440488097,0.0018299292172668873
1.1022204440888177,0.042860737508117155
1.1032206441288257,-0.0642110346024703
1.1042208441688337,-0.030213444866851007
1.1052210442088417,0.014635800935942102
1.1062212442488497,0.0369073580728784
1.1072214442888577,0.010898268927833922
1.1082216443288657,-0.018623135886141316
1.1092218443688737,-0.08595930795955166
1.1102220444088817,-0.010160050681134857
1.1112222444488897,0.043508394717101335
1.1122224444888977,-0.01649319410531551
1.1132226445289057,-0.05218431599836349
1.1142228445689137,-0.07601139813959341
1.1152230446089217,0.15944568430563824
1.1162232446489297,0.025037420023496952
1.1172234446889378,-0.11486623223834967
1.1182236447289458,0.002994154755582014
1.1192238447689538,-0.06330411941854075
1.1202240448089618,-0.11078654905972168
1.1212242448489698,0.07356191857603053
1.1222244448889778,0.07867078295041735
1.1232246449289858,0.16490580176469635
1.1242248449689938,0.05023718139579187
1.1252250450090018,0.06501426134111299
1.1262252450490098,-0.11641801976623767
1.1272254450890178,0.11800364415177841
1.1282256451290258,-0.1578518250115227
1.1292258451690338,-0.08231001262219438
1.1302260452090418,0.0855037568609106
1.1312262452490498,0.0385986052505628
1.1322264452890578,0.2665600532632525
1.1332266453290658,0.0463652039903876
1.1342268453690738,0.006338357827503492
1.1352270454090818,0.09787619051923298
1.1362272454490898,-0.1942086564222668
1.1372274454890978,-0.23841815588025514
1.1382276455291058,0.06397293051595788
1.1392278455691138,0.02358316864044771
1.1402280456091218,0.2334117611923365
1.1412282456491298,0.10744331168369993
1.1422284456891378,0.08331029644315469
1.1432286457291458,-0.021071219103246892
1.1442288457691538,-0.04620896282349702
1.1452290458091618,-0.04635643531479711
1.1462292458491699,0.0004343779925354422
1.1472294458891779,0.18797785494214406
1.1482296459291859,0.06998449608344615
1.1492298459691939,0.013565455883865997
1.1502300460092019,0.1814093863773614
1.1512302460492099,-0.1574045548961898
1.1522304460892179,0.016268999092160643
1.1532306461292259,-0.06957661248287632
1.1542308461692339,-0.05912266810060055
1.1552310462092419,-0.07220812649018937
1.1562312462492499,-0.04259103493736984
1.157231446289258,0.02222992862135517
1.158231646329266,0.041714724669584834
1.159231846369274,-0.06787759873985871
1.160232046409282,0.0005260786821389425
1.16123224644929,0.14254031848703827
1.162232446489298,-0.07322702860066922
1.163232646529306,-0.14563858959653986
1.164232846569314,-0.2998069004205547
1.165233046609322,-0.017306150515111765
1.16623324664933,-0.031808535025314166
1.167233446689338,-0.13117336717088587
1.168233646729346,-0.11203473807842727
1.169233846769354,0.10595348047194006
1.170234046809362,-0.043498455110215474
1.17123424684937,0.02852355029936592
1.172234446889378,-0.02630756420109548
1.173234646929386,0.2832700531257075
1.174234846969394,-0.04901043100732483
1.175235047009402,-0.11709898578223374
1.17623524704941,0.04016598358964264
1.177235447089418,0.019337137806097957
1.178235647129426,-0.3043308764486888
1.179235847169434,-0.30655184991568823
1.180236047209442,0.10813754378497699
1.18123624724945,-0.035801961356567755
1.182236447289458,0.11996752061289612
1.183236647329466,0.07995695187100546
1.184236847369474,-0.10102866168431253
1.185237047409482,-0.03934634613925895
1.18623724744949,-0.08254451851966105
1.187237447489498,0.011538676032021977
1.188237647529506,0.16380433963110458
1.189237847569514,0.07505856025112126
1.190238047609522,-0.0855517546508372
1.19123824764953,0.032085138434692705
1.192238447689538,-0.09767009077797673
1.193238647729546,0.2661865110119621
1.194238847769554,0.18736845849442232
1.1952390478095618,0.18030185533420914
1.1962392478495698,-0.0030183533389138654
1.1972394478895778,0.11546838153903516
1.1982396479295858,-0.08065248852634926
1.1992398479695938,-0.19323503734217223
1.2002400480096018,0.028608841110621733
1.2012402480496098,-0.03484962956615773
1.2022404480896178,-0.10966087304184949
1.2032406481296258,-0.3314005407124214
1.2042408481696338,-0.20101842094783212
1.2052410482096418,-0.3538010804725906
1.2062412482496498,0.32607461413637107
1.2072414482896578,0.018778859595139728
1.2082416483296659,0.11797820970476132
1.2092418483696739,0.06387694712034143
1.2102420484096819,-0.10099664541456019
1.2112422484496899,-0.3113517942643247
1.2122424484896979,0.1014108179349125
1.2132426485297059,0.36766517720579794
1.2142428485697139,0.26232561615820776
1.2152430486097219,0.43374846461887423
1.2162432486497299,0.16050222624185717
1.2172434486897379,-0.24345132032592492
1.2182436487297459,-0.08065223310876872
1.219243848769754,0.008455879127284118
1.220244048809762,-0.3980723728392858
1.22124424884977,0.1235420326487636
1.222244448889778,0.5021766297584016
1.223244648929786,-0.3869320169731072
1.224244848969794,-0.23608439490852923
1.225245049009802,0.1672904225626921
1.22624524904981,0.11414220355859243
1.227245449089818,-0.04102949892002989
1.228245649129826,-0.3398596733944333
1.229245849169834,-0.01892188215830033
1.230246049209842,-0.5867427038875873
1.23124624924985,-0.12265094280945484
1.232246449289858,0.13835597146368792
1.233246649329866,-0.11553637270919284
1.234246849369874,0.23926463018098226
1.235247049409882,0.0301268753110464
1.23624724944989,0.039594188531472556
1.237247449489898,0.16337108844209366
1.238247649529906,0.025538069450388216
1.239247849569914,-0.08341564687570582
1.240248049609922,-0.12953169688886818
1.24124824964993,0.24451981175057402
1.242248449689938,-0.10646036432925567
1.243248649729946,-0.19923013991774838
1.244248849769954,0.21997155555195433
1.245249049809962,-0.10631709937905931
1.24624924984997,0.11443625606281374
1.247249449889978,0.2771231182440623
1.248249649929986,-0.06337835130931488
1.249249849969994,-0.19343952666568884
1.250250050010002,0.3338513307207842
1.25125025005001,-0.006610424378648756
1.252250450090018,-0.2520521762122797
1.253250650130026,0.18411577294795067
1.254250850170034,-0.5392031548556728
1.255251050210042,-0.1283531470705461
1.25625125025005,0.1505191755912325
1.257251450290058,0.34604507718033456
1.258251650330066,0.005700400108793555
1.259251850370074,-0.09021842788991226
1.260252050410082,-0.22238588133303938
1.26125225045009,0.516656791869945
1.262252450490098,0.25915006403824975
1.263252650530106,0.3934289675955668
1.264252850570114,0.3975711344671407
1.265253050610122,0.007205338651465006
1.26625325065013,-0.07932055478602133
1.267253450690138,-0.26104245819483085
1.268253650730146,0.05450198430459662
1.269253850770154,-0.24603393349362643
1.270254050810162,0.040339004352322835
1.27125425085017,-0.10600202073912633
1.272254450890178,0.04386117044573976
1.273254650930186,-0.2606713738370281
1.274254850970194,0.4391875091191103
1.275255051010202,0.5108518914971524
1.27625525105021,0.04581975602314745
1.277255451090218,0.19941603540238917
1.278255651130226,-0.013297704808504918
1.279255851170234,0.34812737373051567
1.280256051210242,-0.058743355456878164
1.2812562512502501,-0.18506063089072886
1.2822564512902581,0.3449181437466172
1.2832566513302661,0.05320963861842656
1.2842568513702741,-0.8680103089266048
1.2852570514102821,-0.06117252459335461
1.2862572514502901,-0.2393969106370376
1.2872574514902981,-0.32191279412028795
1.2882576515303061,0.1009033343402357
1.2892578515703141,-0.4042573568679204
1.2902580516103221,0.02659738854734569
1.2912582516503301,-0.1304038909635004
1.2922584516903382,-0.6317227635274901
1.2932586517303462,0.019246411811627673
1.2942588517703542,-0.3564763040648532
1.2952590518103622,0.2654196882418543
1.2962592518503702,-0.5328677037735537
1.2972594518903782,0.39223854097778094
1.2982596519303862,0.3409477519690836
1.2992598519703942,-0.05613841261647843
1.3002600520104022,-0.01553172502061871
1.3012602520504102,-0.27622149222195413
1.3022604520904182,-0.13124872933337922
1.3032606521304262,0.32079184852928583
1.3042608521704342,-0.028208328789690172
1.3052610522104422,-0.22674347380021093
1.3062612522504502,-0.7271309088071856
1.3072614522904582,0.22943666943614208
1.3082616523304662,0.11518365554418825
1.309261852370474,0.20846993519151302
1.310262052410482,0.3389478641123007
1.31126225245049,0.33174623829160205
1.312262452490498,0.5262335889935708
1.313262652530506,0.6508813860540473
1.314262852570514,-0.479563686766687
1.315263052610522,-0.3418430358911887
1.31626325265053,0.4403358420115476
1.317263452690538,0.34343024924985244
1.318263652730546,-0.4322679814895793
1.319263852770554,-0.019807520454875285
1.320264052810562,0.1173817116920859
1.32126425285057,-0.13944450372643666
1.322264452890578,-0.533241433833299
1.323264652930586,-0.08405930903831922
1.324264852970594,0.8669434312866974
1.325265053010602,-0.06374328033007955
1.32626525305061,0.45153584650987255
1.327265453090618,0.26689876009071123
1.328265653130626,-0.45193043997449694
1.329265853170634,0.43441818600031457
1.330266053210642,0.3310994594403265
1.33126625325065,-0.2363282101457553
1.332266453290658,0.2193991752246605
1.333266653330666,-0.13011286489612847
1.334266853370674,0.4240638718671865
1.335267053410682,0.15731363888305888
1.33626725345069,0.18265112279069107
1.337267453490698,0.7588307318957308
1.338267653530706,-0.26813203087490584
1.339267853570714,0.2680277144597601
1.340268053610722,0.3894601922961084
1.34126825365073,0.029119097129412883
1.342268453690738,0.32713703838581626
1.343268653730746,0.35513910582770364
1.3442688537707541,0.39879278605865454
1.3452690538107621,0.5041540668648908
1.3462692538507701,0.06240500009929959
1.3472694538907781,0.15145215483068364
1.3482696539307861,-0.2420946462055842
1.3492698539707941,0.38057710168033226
1.3502700540108021,-0.21121726039092248
1.3512702540508101,-0.09420451324497113
1.3522704540908181,0.40676830440295375
1.3532706541308261,0.46792042481318263
1.3542708541708341,-0.11817105435791553
1.3552710542108422,-0.2990582085453545
1.3562712542508502,-0.13670998850013147
1.3572714542908582,-0.09976189724899549
1.3582716543308662,0.23448881883471784
1.3592718543708742,0.09856257199295933
1.3602720544108822,0.20586698690167177
1.3612722544508902,-0.2929819717544522
1.3622724544908982,0.3187287384977789
1.3632726545309062,0.1435663976197106
1.3642728545709142,-0.5794926242677633
1.3652730546109222,0.1770589468245607
1.3662732546509302,0.10709705402431519
1.3672734546909382,0.20715195467773426
1.3682736547309462,0.1854693514905483
1.3692738547709542,-0.5134505605262394
1.3702740548109622,0.31532265238067125
1.3712742548509702,-0.03921607980091313
1.3722744548909782,-0.1931092430489696
1.3732746549309862,0.15491251242981816
1.3742748549709942,-0.9125371681132795
1.3752750550110022,-1.0250992570061286
1.3762752550510102,-0.09281359925873096
1.3772754550910182,-0.07124136268166922
1.3782756551310262,-0.0414753812989702
1.3792758551710342,0.23879777618359727
1.3802760552110422,0.0989553445837504
1.3812762552510502,-0.1975349897160343
1.3822764552910582,0.0652310844867067
1.3832766553310663,0.11219828706637448
1.3842768553710743,0.6224756080811169
1.3852770554110823,0.15218285757957725
1.3862772554510903,-1.0258609111782817
1.3872774554910983,0.6554735472573625
1.3882776555311063,0.24080790474063962
1.3892778555711143,0.3538278871028706
1.3902780556111223,-0.004040289141934915
1.3912782556511303,-0.4137289767599042
1.3922784556911383,-0.13889483952244805
1.3932786557311463,-0.604631559974948
1.3942788557711543,0.7505277891086446
1.3952790558111623,0.17017651465417394
1.3962792558511703,-0.9237501036341831
1.3972794558911783,-0.065686094370057
1.3982796559311863,-0.6240643988287177
1.3992798559711943,0.4695700445709367
1.4002800560112023,0.14144292176517043
1.4012802560512103,0.10408118445992674
1.4022804560912183,-0.3421956991729876
1.4032806561312263,0.20688948420259026
1.4042808561712343,-0.004119906726902147
1.4052810562112423,-0.6604078369779737
1.4062812562512503,0.30396107381049486
1.4072814562912583,-0.5275191189249443
1.4082816563312663,0.31676212713580765
1.4092818563712743,-0.023845535778383435
1.4102820564112823,-0.1100032655115982
1.4112822564512904,0.7762415983700106
1.4122824564912984,-0.8724758306688284
1.4132826565313064,0.43371216558435177
1.4142828565713144,0.006150162778852857
1.4152830566113224,0.05351999701706194
1.4162832566513304,0.3815459633260472
1.4172834566913384,-0.15083362148799082
1.4182836567313464,1.046421199378341
1.4192838567713544,-0.23277859303379883
1.4202840568113624,-0.06209288434992528
1.4212842568513704,-0.5426983105396489
1.4222844568913784,0.21517753694204705
1.4232846569313862,-0.548487549253085
1.4242848569713942,-0.24777319831310932
1.4252850570114022,0.2663620340666803
1.4262852570514102,0.5579078133321325
1.4272854570914182,0.196348633822936
1.4282856571314262,-0.505579264504579
1.4292858571714342,-0.03344192923430751
1.4302860572114422,-0.8634912453350898
1.4312862572514502,-0.42145902456147183
1.4322864572914582,-1.204747063989728
1.4332866573314662,-0.46435117479001625
1.4342868573714742,-0.08097870771764733
1.4352870574114822,0.4056916773379344
1.4362872574514902,0.02715235866906239
1.4372874574914982,-0.08937703241692431
1.4382876575315062,0.16991285963699404
1.4392878575715142,0.19260585185026552
1.4402880576115222,-0.24977366629176237
1.4412882576515302,0.09284581153335263
1.4422884576915382,-0.045009949736378126
1.4432886577315462,0.13330246132599244
1.4442888577715542,0.6488294565371996
1.4452890578115622,0.22871227059463356
1.4462892578515703,-0.013941517456059335
1.4472894578915783,-0.08714453910896751
1.4482896579315863,0.22860566425147666
1.4492898579715943,0.05984099158549964
1.4502900580116023,-0.4981634673252637
1.4512902580516103,0.4996579752226466
1.4522904580916183,-0.06856072812267111
1.4532906581316263,0.18607451347043133
1.4542908581716343,0.014330660705333806
1.4552910582116423,-0.1661186538155024
1.4562912582516503,-0.426596175993577
1.4572914582916583,0.38371950422730644
1.4582916583316663,0.5117875231276154
1.4592918583716743,0.5959524190123702
1.4602920584116823,-0.15388852017012747
1.4612922584516903,-0.06663950136569693
1.4622924584916983,-0.5464446124367773
1.4632926585317063,-0.0787313307379976
1.4642928585717143,-1.1110731751261962
1.4652930586117223,-0.503569726673581
1.4662932586517303,1.0059250896667271
1.4672934586917383,-0.32142015121100675
1.4682936587317463,-0.8370345201902056
1.4692938587717543,0.37765163086683967
1.4702940588117623,-1.0077756891003722
1.4712942588517703,0.4260069966472486
1.4722944588917783,-1.0345346258439592
1.4732946589317863,-0.7139464112090798
1.4742948589717944,0.027186012278931002
1.4752950590118024,-1.047101752772476
1.4762952590518104,0.1960660005717511
1.4772954590918184,-0.6061167675192399
1.4782956591318264,0.02090047861364497
1.4792958591718344,-0.06413171662645187
1.4802960592118424,-0.5604337834111823
1.4812962592518504,0.004858762214810004
1.4822964592918584,-0.4024854563512448
1.4832966593318664,-1.250682383362345
1.4842968593718744,0.13745124540193213
1.4852970594118824,-0.3278680079894429
1.4862972594518904,0.3166219863214319
1.4872974594918984,1.058589176503002
1.4882976595319064,-0.9739663592585469
1.4892978595719144,1.275871874022832
1.4902980596119224,-0.3479073747952998
1.4912982596519304,-0.29817665004015365
1.4922984596919384,0.2005532308055294
1.4932986597319464,-0.14298620224326836
1.4942988597719544,-0.7353355284490369
1.4952990598119624,0.1027102441397959
1.4962992598519704,-0.45167095677486685
1.4972994598919784,0.813585169902491
1.4982996599319864,-0.15858982154118917
1.4992998599719944,-0.12265272216430659
1.5003000600120024,-0.847507756553974
1.5013002600520104,-0.3059777907130518
1.5023004600920185,-0.3863835972385888
1.5033006601320265,-0.40437998926113394
1.5043008601720345,0.27926405792685155
1.5053010602120425,0.6009057497565305
1.5063012602520505,-0.09669424674121711
1.5073014602920585,-0.3694126417873456
1.5083016603320665,0.6361111231124996
1.5093018603720745,0.20759949858897359
1.5103020604120825,0.22921260102757068
1.5113022604520905,0.26887612345392903
1.5123024604920985,-0.03429986739113834
1.5133026605321065,0.10281816030954456
1.5143028605721145,0.11712663894061345
1.5153030606121225,0.45266030280271274
1.5163032606521305,-0.11286100886866476
1.5173034606921385,-0.17490118098185212
1.5183036607321465,0.3847986280421486
1.5193038607721545,-0.6010017080051403
1.5203040608121625,-0.6312704379974747
1.5213042608521705,-0.19410638972865996
1.5223044608921785,-0.07793854607071901
1.5233046609321865,0.20601733674852607
1.5243048609721945,-0.058086737055564136
1.5253050610122025,-0.19614825536721556
1.5263052610522105,-0.5161885338983154
1.5273054610922185,-0.630865630610603
1.5283056611322265,0.2971563549591591
1.5293058611722345,0.6123530569067054
1.5303060612122426,0.48033218099520036
1.5313062612522506,0.2466302579289327
1.5323064612922586,-0.3198438985527916
1.5333066613322666,0.33628195571123676
1.5343068613722746,-0.23777666178168147
1.5353070614122826,-0.47001525685685824
1.5363072614522904,0.575186900960615
1.5373074614922984,1.095504106557932
1.5383076615323064,-0.21950758396366749
1.5393078615723144,0.43103334184948366
1.5403080616123224,-1.2501644578115665
1.5413082616523304,-0.011914353224406893
1.5423084616923384,-0.39973444468044567
1.5433086617323464,0.8123364399881612
1.5443088617723544,0.10587594232065768
1.5453090618123624,-0.7609692734438963
1.5463092618523704,0.10728212533909733
1.5473094618923784,-0.5217217897945511
1.5483096619323864,0.2248714487715215
1.5493098619723944,-0.22606915117515256
1.5503100620124024,0.1324532206000651
1.5513102620524104,0.13204023332128703
1.5523104620924184,-0.3579482654559751
1.5533106621324264,-1.187083834224936
1.5543108621724344,-0.2972221898442976
1.5553110622124424,0.18666157690140403
1.5563112622524504,0.9495441604015231
1.5573114622924584,0.35140100043663725
1.5583116623324664,0.03503299877869066
1.5593118623724744,0.19394069335842362
1.5603120624124824,0.09937515918176887
1.5613122624524904,-0.17684817445120982
1.5623124624924984,0.7090133496640082
1.5633126625325064,-0.8105402452111334
1.5643128625725145,0.0490198410359724
1.5653130626125225,0.23571836760841094
1.5663132626525305,0.5483282585357925
1.5673134626925385,-0.2011911753141416
1.5683136627325465,-0.6022755077232996
1.5693138627725545,-0.6650946068079164
1.5703140628125625,-0.378772940163169
1.5713142628525705,-0.2324402262721783
1.5723144628925785,-0.5784149724762929
1.5733146629325865,-0.26885899159652366
1.5743148629725945,-0.006631682148042637
1.5753150630126025,0.27495106150092175
1.5763152630526105,-0.18746757785158139
1.5773154630926185,-0.28298788442473055
1.5783156631326265,-0.6067872712844141
1.5793158631726345,-0.14477874033500066
1.5803160632126425,-0.21485148692248426
1.5813162632526505,-0.567052295306225
1.5823164632926585,-0.1691779563933621
1.5833166633326665,0.24159294441690268
1.5843168633726745,0.7684660882634342
1.5853170634126825,0.028547709657276193
1.5863172634526905,-0.8087236967019612
1.5873174634926985,0.08711695512838341
1.5883176635327065,-0.57158083495959
1.5893178635727145,0.3935349198264472
1.5903180636127225,-0.8122793691106229
1.5913182636527305,-0.2948153391342611
1.5923184636927386,-0.13595100727972206
1.5933186637327466,0.22990864311337858
1.5943188637727546,-0.9607934323676401
1.5953190638127626,-0.3795036874701714
1.5963192638527706,-0.9908146988977931
1.5973194638927786,0.24931980332412662
1.5983196639327866,-0.5324885387957242
1.5993198639727946,-0.3072012808507957
1.6003200640128026,0.18807303705617034
1.6013202640528106,0.5487004861540808
1.6023204640928186,0.042626428104801044
1.6033206641328266,0.1589019811410974
1.6043208641728346,0.04036248711123271
1.6053210642128426,-0.1851592448864402
1.6063212642528506,0.15533993136573457
1.6073214642928586,0.7180470841293387
1.6083216643328666,-0.22296592263350068
1.6093218643728746,0.21149275886580887
1.6103220644128826,0.03989917948086132
1.6113222644528906,0.012395460170692266
1.6123224644928986,-0.18214942226673136
1.6133226645329066,0.4214606338830246
1.6143228645729146,0.47514758164818083
1.6153230646129226,0.09659214474515132
1.6163232646529306,0.29939899960368294
1.6173234646929386,-0.5002140291476536
1.6183236647329466,-0.5356505108546465
1.6193238647729546,-0.24569016978874098
1.6203240648129626,0.5144640384052066
1.6213242648529707,-0.7435512381472551
1.6223244648929787,0.5191594890191799
1.6233246649329867,-0.0668560892358242
1.6243248649729947,0.2728189079055176
1.6253250650130027,0.07297178435112416
1.6263252650530107,-0.0592489875320119
1.6273254650930187,0.07937512362075763
1.6283256651330267,0.41796882125009976
1.6293258651730347,0.22032148587330302
1.6303260652130427,0.2714515815466836
1.6313262652530507,-0.3204371338337897
1.6323264652930587,0.0577140826690684
1.6333266653330667,0.09716468781002532
1.6343268653730747,0.09382911163763927
1.6353270654130827,-0.5232408063149266
1.6363272654530907,-0.09457627887785852
1.6373274654930987,0.7771217103008188
1.6383276655331067,0.19703635974238462
1.6393278655731147,0.3582887813602355
1.6403280656131227,-0.21601616504183244
1.6413282656531307,-0.8553111789734851
1.6423284656931387,0.08754218878434117
1.6433286657331467,-0.1268387670850688
1.6443288657731547,0.43687146827631546
1.6453290658131627,-0.2612815737036059
1.6463292658531707,-0.39492198911096454
1.6473294658931787,-0.780696600340786
1.6483296659331867,-0.3405845347959568
1.6493298659731948,-0.48799098524755613
1.6503300660132025,-0.7167465307812798
1.6513302660532105,0.29530464853329186
1.6523304660932185,-0.03095252999202746
1.6533306661332265,0.20980449609422658
1.6543308661732345,0.032513540057665255
1.6553310662132426,0.40857280550865427
1.6563312662532506,0.40758689037220325
1.6573314662932586,-0.04859929125921404
1.6583316663332666,-0.3395205673815544
1.6593318663732746,-0.11653335677255515
1.6603320664132826,-0.559837807064401
1.6613322664532906,-0.256514014227774
1.6623324664932986,0.21044408449294225
1.6633326665333066,0.07098684611299008
1.6643328665733146,0.32960898059214466
1.6653330666133226,0.19986062617159417
1.6663332666533306,0.48588956853917536
1.6673334666933386,-0.4364877416952094
1.6683336667333466,0.1551390195374577
1.6693338667733546,-0.40325521728050207
1.6703340668133626,-0.2802068857269516
1.6713342668533706,0.34849841507592055
1.6723344668933786,-0.02659721162285489
1.6733346669333866,0.11874782948626524
1.6743348669733946,-0.36721651642282654
1.6753350670134026,0.010623197023257376
1.6763352670534106,0.2353874763479168
1.6773354670934186,-0.9092227808674801
1.6783356671334266,0.42580039964408484
1.6793358671734346,0.22578767311455006
1.6803360672134426,0.02183753699623976
1.6813362672534506,-0.6350504514866027
1.6823364672934586,-0.11363448781875164
1.6833366673334667,-0.664898776370482
1.6843368673734747,-0.20934534807689076
1.6853370674134827,-0.4174090720282589
1.6863372674534907,-0.028053890781442176
1.6873374674934987,0.01190716618907889
1.6883376675335067,-0.05160719871568693
1.6893378675735147,-0.09169942411095579
1.6903380676135227,0.24662792740898312
1.6913382676535307,0.21827357545349582
1.6923384676935387,0.01840287393790511
1.6933386677335467,0.1336649501446429
1.6943388677735547,-0.23514991697490065
1.6953390678135627,-0.2534907314770098
1.6963392678535707,0.05482668147115604
1.6973394678935787,0.33469935565531805
1.6983396679335867,-0.10878800289991108
1.6993398679735947,-0.04328048452922983
1.7003400680136027,-0.49676405823909625
1.7013402680536107,0.1790793070910415
1.7023404680936187,0.6266671774857522
1.7033406681336267,0.289198246973886
1.7043408681736347,0.12726234854521853
1.7053410682136427,0.22900332930177247
1.7063412682536507,0.16548362064622696
1.7073414682936587,-0.6435931681568345
1.7083416683336667,0.1314500507751099
1.7093418683736747,0.1716347012342912
1.7103420684136827,0.29932775611339896
1.7113422684536908,0.5337478054068427
1.7123424684936988,0.3068978562836782
1.7133426685337068,0.041601050353260095
1.7143428685737148,0.35683957001119787
1.7153430686137228,0.21075445059325207
1.7163432686537308,-0.12385805707614077
1.7173434686937388,0.267610773411434
1.7183436687337468,0.25966891323342384
1.7193438687737548,0.15715286385242652
1.7203440688137628,-0.0701572782771427
1.7213442688537708,-0.2656842995778252
1.7223444688937788,0.21938671929495934
1.7233446689337868,0.32364103349016904
1.7243448689737948,0.04886931253183615
1.7253450690138028,0.20030646903829455
1.7263452690538108,-0.1113315934070223
1.7273454690938188,-0.24828612658779786
1.7283456691338268,0.16840705627553504
1.7293458691738348,-0.5235290655827194
1.7303460692138428,-0.3882600567990416
1.7313462692538508,-0.2807107590909908
1.7323464692938588,-0.10248835058657838
1.7333466693338668,0.02660360552382934
1.7343468693738748,0.07490770266002218
1.7353470694138828,-0.06231760099891504
1.7363472694538908,0.17125766764143383
1.7373474694938988,0.005545636522430735
1.7383476695339068,-0.3514874741872758
1.7393478695739149,0.333050321821156
1.7403480696139229,0.0591549732535456
1.7413482696539309,-0.024121335973632564
1.7423484696939389,-0.1791319278164642
1.7433486697339469,0.13375369095153175
1.7443488697739549,-0.5239231695756709
1.7453490698139629,0.11573942912456539
1.7463492698539709,0.11017305717327347
1.7473494698939789,0.3516857837395604
1.7483496699339869,0.18971166107065285
1.7493498699739949,-0.13722756107723333
1.750350070014003,-0.383134548542561
1.751350270054011,0.11336621546865726
1.752350470094019,0.6087520155541618
1.753350670134027,-0.02613729948503759
1.754350870174035,-0.23026225887649152
1.755351070214043,0.35394040617394285
1.756351270254051,-0.10138354907985113
1.757351470294059,0.20588066054948456
1.758351670334067,-0.026424655729080534
1.759351870374075,0.1351341721360583
1.760352070414083,-0.08258789993751568
1.761352270454091,-0.05862759065102658
1.762352470494099,0.052652964610175094
1.763352670534107,-0.5818971320065474
1.7643528705741147,0.02775478970430825
1.7653530706141227,0.05783833551102304
1.7663532706541307,0.22284931561203541
1.7673534706941387,0.23209711951642065
1.7683536707341467,-0.310418639649547
1.7693538707741547,-0.009558574652836556
1.7703540708141627,-0.17913115702241134
1.7713542708541707,0.12117602156004402
1.7723544708941787,-0.09172031966086217
1.7733546709341867,0.14436612217495193
1.7743548709741948,0.07805390042339731
1.7753550710142028,0.022593609735313044
1.7763552710542108,-0.06406241666712267
1.7773554710942188,0.2120446696267458
1.7783556711342268,-0.14077863391410667
1.7793558711742348,0.27786313234178833
1.7803560712142428,-0.09274184113533271
1.7813562712542508,-0.02381151420092176
1.7823564712942588,0.350197538172635
1.7833566713342668,-0.08736910580271555
1.7843568713742748,-0.20388271751484924
1.7853570714142828,-0.19217640423645996
1.7863572714542908,-0.04264719615887607
1.7873574714942988,-0.2859389498989402
1.7883576715343068,-0.07085364288635883
1.7893578715743148,-0.5171781068767656
1.7903580716143228,0.024821761695326724
1.7913582716543308,0.07943527575187281
1.7923584716943388,-0.13555915132786345
1.7933586717343468,-0.1259277520459298
1.7943588717743548,-0.13772691881742416
1.7953590718143628,-0.07065422359560175
1.7963592718543708,0.25656792143200724
1.7973594718943788,-0.17017135851746698
1.7983596719343868,-0.24865656306457512
1.7993598719743948,-0.009833432121683685
1.8003600720144028,-0.20023130266903474
1.8013602720544108,0.160512825895466
1.8023604720944189,0.24153014169050008
1.8033606721344269,-0.13086221989463967
1.8043608721744349,0.1738372186161557
1.8053610722144429,0.10110565950385063
1.8063612722544509,0.05606985901377303
1.8073614722944589,-0.01823561753547177
1.8083616723344669,0.09292652260928362
1.8093618723744749,-0.0837049895249735
1.8103620724144829,0.012354590955538113
1.8113622724544909,0.12095664929005812
1.8123624724944989,-0.24493784774627053
1.813362672534507,0.2723908938376102
1.814362872574515,0.06225404433579542
1.815363072614523,0.05122456349220972
1.816363272654531,-0.13742953363769145
1.817363472694539,-0.04753220994424098
1.818363672734547,-0.06472822316478571
1.819363872774555,0.016737668919354486
1.820364072814563,0.14978070418405853
1.821364272854571,0.07720048014033629
1.822364472894579,0.12724855306624275
1.823364672934587,-0.018244623169745684
1.824364872974595,-0.1995824177619894
1.825365073014603,-0.11859868810493943
1.826365273054611,0.09539611585715996
1.827365473094619,-0.03307788873106683
1.828365673134627,0.13983067910966498
1.829365873174635,-0.17340276872996627
1.830366073214643,0.04305495711464598
1.831366273254651,-0.0646568309519454
1.832366473294659,-0.06997915851812136
1.833366673334667,0.2129382601287478
1.834366873374675,0.10135669464477694
1.835367073414683,-0.052998722497392306
1.836367273454691,-0.11543420221316351
1.837367473494699,0.045802515367445736
1.838367673534707,-0.10369620917696755
1.839367873574715,0.019486968506411302
1.840368073614723,-0.09897082033299215
1.841368273654731,-0.03740340110110473
1.842368473694739,-0.13737462128521324
1.843368673734747,-0.16276341854050294
1.844368873774755,-0.013525831866654217
1.845369073814763,-0.1771230586085785
1.846369273854771,0.2572310817543589
1.847369473894779,-0.14515134108883887
1.848369673934787,-0.0959305233731108
1.849369873974795,0.18217610232152265
1.850370074014803,-0.0015207015420604856
1.851370274054811,0.12285565687844492
1.852370474094819,0.00783454933972584
1.853370674134827,0.11625114093241112
1.854370874174835,0.04473435512899289
1.855371074214843,-0.09706426509838909
1.856371274254851,-0.13174497738751387
1.857371474294859,-0.07859008650469136
1.858371674334867,-0.017650843029069052
1.859371874374875,0.09111381943191141
1.860372074414883,0.02840900866321543
1.861372274454891,-0.14723115007895926
1.862372474494899,0.09664356004546987
1.863372674534907,-0.05825461206417177
1.864372874574915,-0.025304295869376554
1.865373074614923,-0.11363251467632655
1.866373274654931,-0.04261525753619573
1.867373474694939,0.036770285053163536
1.868373674734947,-0.24186829482013147
1.869373874774955,-0.038534691219542026
1.870374074814963,0.15930879543813872
1.871374274854971,-0.06464087266694808
1.872374474894979,-0.13107879609807419
1.873374674934987,-0.06104828320332221
1.874374874974995,-0.004795540807198969
1.8753750750150031,-0.10570465090207269
1.8763752750550111,-0.014134512799970569
1.8773754750950191,0.01415174496958327
1.878375675135027,0.018985184789895727
1.879375875175035,0.08689120665253988
1.880376075215043,-0.06404604833857414
1.881376275255051,0.050450536853200986
1.882376475295059,0.0034805510608835843
1.883376675335067,0.09151156937206653
1.884376875375075,-0.009922832511581966
1.885377075415083,0.04408630924868348
1.886377275455091,-0.03382635337555825
1.887377475495099,-0.08421509163414315
1.888377675535107,0.008285775111201639
1.889377875575115,-0.07426402203975829
1.890378075615123,0.05955059109879813
1.891378275655131,-0.05931024250066049
1.892378475695139,-0.008987753119860104
1.893378675735147,-0.0013742839255785398
1.894378875775155,0.012239232838842007
1.895379075815163,0.060933598498106124
1.896379275855171,-0.02162018648560126
1.897379475895179,-0.03268875823793677
1.898379675935187,-0.005231650636496235
1.899379875975195,0.04320119934880601
1.900380076015203,-0.03735734085167989
1.901380276055211,0.0008796940837859207
1.902380476095219,-0.01886974200180606
1.903380676135227,0.07804942451590367
1.904380876175235,0.004583081869992884
1.905381076215243,-0.04601775220696754
1.906381276255251,-0.038512389087439855
1.907381476295259,0.022968447922371918
1.908381676335267,0.03785429343228681
1.909381876375275,0.04074165836016598
1.910382076415283,-0.016361078406866517
1.911382276455291,-0.01750229679826316
1.912382476495299,-0.010344667812392742
1.913382676535307,-0.03217415398666035
1.914382876575315,-0.04931084093784527
1.915383076615323,0.02277872476058255
1.916383276655331,-0.03886177395956096
1.917383476695339,0.017028420582056922
1.918383676735347,0.01400521028769
1.919383876775355,-0.012440989136084648
1.920384076815363,0.033508366380775874
1.921384276855371,-0.06951876824984934
1.922384476895379,0.023882040696692
1.923384676935387,0.038240696798604465
1.924384876975395,0.010079624673447085
1.925385077015403,0.03230789738123802
1.926385277055411,-0.006420917337369944
1.927385477095419,-0.009603239167674655
1.928385677135427,-0.01565331933637234
1.929385877175435,-0.014134350337232508
1.930386077215443,-0.02921883007258199
1.931386277255451,-0.018997481541928086
1.932386477295459,0.007065122245727953
1.933386677335467,0.0053587980821446736
1.934386877375475,0.059048882283353955
1.935387077415483,0.031439694586502316
1.936387277455491,-0.043899923795128026
1.937387477495499,0.02027978660839879
1.9383876775355071,0.023355860488269355
1.9393878775755151,0.012088123688825642
1.9403880776155231,0.0074924937041463
1.9413882776555311,0.010406946541762153
1.9423884776955391,0.008084688961049
1.9433886777355471,0.014920452601248193
1.9443888777755551,-0.0021992750376421816
1.9453890778155631,-0.007883739986526467
1.9463892778555711,-0.00278245131564962
1.9473894778955791,0.03685488439405202
1.9483896779355871,-0.04151128541634683
1.9493898779755952,0.006942595051633066
1.9503900780156032,0.00019397981048139794
1.9513902780556112,0.013819144995982692
1.9523904780956192,0.011071347722267595
1.9533906781356272,0.010165009978181773
1.9543908781756352,0.005751546634195521
1.9553910782156432,-0.006292855325580912
1.9563912782556512,0.001037272646611963
1.9573914782956592,-0.0025503205394542022
1.9583916783356672,-0.0003848450901212072
1.9593918783756752,0.017747187225345195
1.9603920784156832,0.002992236101899167
1.9613922784556912,0.0036075940221117547
1.9623924784956992,-0.013244154646593068
1.9633926785357072,0.012619683586794108
1.9643928785757152,0.0009071483168820832
1.9653930786157232,0.004887030461734181
1.9663932786557312,0.001776151020040568
1.9673934786957392,0.00515942425589872
1.9683936787357472,-0.002015823716926953
1.9693938787757552,0.008064428814290673
1.9703940788157632,-0.0017542803686147034
1.9713942788557712,-0.008703726020752157
1.9723944788957792,-0.0043908307632651465
1.9733946789357872,0.0033157146795427263
1.9743948789757952,-0.0012256536022981035
1.9753950790158032,0.0004523524668962398
1.9763952790558112,0.000970049381048746
1.9773954790958193,-0.003671150105592077
1.9783956791358273,0.0012572552963298607
1.9793958791758353,-0.00042646948382688325
1.9803960792158433,0.0017030752270304557
1.9813962792558513,0.00010463032108211317
1.9823964792958593,8.629650117912216e-05
1.9833966793358673,0.0010903043729327683
1.9843968793758753,-0.0013143403672878282
1.9853970794158833,0.0016349655145043455
1.9863972794558913,-0.00042113904248649615
1.9873974794958993,0.0007718644344086718
1.9883976795359073,-0.0003970080477406593
1.9893978795759153,-0.0006594885806842718
1.9903980796159233,0.0006121837055532508
1.9913982796559313,0.00033247151908724756
1.992398479695939,0.00025599855830345843
1.993398679735947,2.648710399828029e-05
1.994398879775955,-4.6203711433186306e-05
1.995399079815963,-9.698482241677169e-05
1.996399279855971,-1.2719305399994652e-05
1.997399479895979,3.245277490933542e-05
1.998399679935987,-1.050041227482711e-05
1.999399879975995,1.9391762860095187e-06
2.000400080016003,-6.417006077562839e-07
2.001400280056011,-2.6877366678939868e-06
2.002400480096019,-1.6757601277820687e-05
2.003400680136027,1.031296125773119e-05
2.004400880176035,7.779765015020088e-05
2.005401080216043,5.44209628525669e-05
2.006401280256051,-0.00015313997980356088
2.007401480296059,0.00010371827694520222
2.008401680336067,0.00031968657946085025
2.009401880376075,0.000347291913863915
2.010402080416083,-0.00030687166335818507
2.011402280456091,-0.00014855714261894433
2.012402480496099,-0.00023331945110044582
2.013402680536107,-0.0003954459595674028
2.014402880576115,0.001063227609168277
2.015403080616123,0.002333090339772154
2.016403280656131,-0.0012815545741367317
2.017403480696139,1.4612382206956512e-05
2.018403680736147,-0.0007289411779442685
2.019403880776155,-0.004040900195861918
2.020404080816163,0.0012536272721576816
2.021404280856171,0.0016025679300203358
2.022404480896179,-0.00026578414214007356
2.023404680936187,0.002526900768008551
2.024404880976195,-0.0018655458537876713
2.025405081016203,0.00186422138288073
2.026405281056211,-0.0012191596914612078
2.027405481096219,0.0016311892747373992
2.028405681136227,0.005824789432795216
2.029405881176235,0.0022740304801067293
2.030406081216243,-0.002244551505706431
2.0314062812562512,-0.0011768901017856872
2.0324064812962592,-0.014911764310917067
2.0334066813362672,-0.007578954645607008
2.0344068813762752,0.0007825540540490871
2.0354070814162832,0.0011251662610412853
2.0364072814562912,-0.0036618449513682186
2.0374074814962992,-0.0035163771811929875
2.0384076815363072,0.001056352698396751
2.0394078815763153,-0.002799676355144431
2.0404080816163233,-0.004299293086520643
2.0414082816563313,0.001669053015844579
2.0424084816963393,-0.0067521492615604485
2.0434086817363473,0.008623496850058192
2.0444088817763553,0.0008622227861117942
2.0454090818163633,-0.008827342476616791
2.0464092818563713,-0.034434991430486284
2.0474094818963793,-0.01016901966126931
2.0484096819363873,-0.014882028648593624
2.0494098819763953,0.007229851816444387
2.0504100820164033,0.03093082757721847
2.0514102820564113,0.016493553035603268
2.0524104820964193,-0.00985863364407001
2.0534106821364273,-0.0002728200883051549
2.0544108821764353,-0.024029223269610656
2.0554110822164433,0.024732003799484314
2.0564112822564513,-0.007652856949863768
2.0574114822964593,0.0007060241778012204
2.0584116823364673,-0.026002943334918097
2.0594118823764753,0.020211936465587374
2.0604120824164833,-0.01575564556673148
2.0614122824564913,-0.01984652400040292
2.0624124824964993,-0.007443886612235647
2.0634126825365073,-0.008298185074220166
2.0644128825765153,0.029584708013535552
2.0654130826165233,-0.0001479728002394512
2.0664132826565313,0.0022067983829353118
2.0674134826965394,0.026082938937647713
2.0684136827365474,-0.02852384075149494
2.0694138827765554,0.009406849751863823
2.0704140828165634,0.029274179672038336
2.0714142828565714,0.01502940568945782
2.0724144828965794,0.0034097094739263326
2.0734146829365874,0.031051518190128944
2.0744148829765954,-0.05710056274298823
2.0754150830166034,0.011845979960110045
2.0764152830566114,0.018059232728177558
2.0774154830966194,-0.016778617675656103
2.0784156831366274,0.00771468239230197
2.0794158831766354,0.04336711443155521
2.0804160832166434,0.005419983055000811
2.0814162832566514,0.012266363210453456
2.0824164832966594,-0.009462646295924923
2.0834166833366674,0.05853001659073157
2.0844168833766754,0.0018491816024393
2.0854170834166834,0.05748619491953462
2.0864172834566914,-0.08757889372282651
2.0874174834966994,-0.02599354242619252
2.0884176835367074,-0.011865217105236836
2.0894178835767154,-0.013123879835651192
2.0904180836167234,-0.04910390997131423
2.0914182836567314,0.06152019654517097
2.0924184836967394,-0.011919769220692248
2.0934186837367474,0.011776870610793667
2.0944188837767554,0.0016325936091222302
2.0954190838167635,0.00703589172712011
2.0964192838567715,0.09174723361417653
2.0974194838967795,-0.0718670849504816
2.0984196839367875,0.01667948253828491
2.0994198839767955,-0.023258571697324995
2.1004200840168035,-0.009678416150189472
2.1014202840568115,0.02414341048594718
2.1024204840968195,0.0015557245819724902
2.1034206841368275,-0.10529503209501684
2.1044208841768355,0.024505954118305674
2.1054210842168435,-0.026811875772295265
2.1064212842568515,0.13247206437281273
2.1074214842968595,0.045852530266219785
2.1084216843368675,0.006134472468192762
2.1094218843768755,-0.002099699442950773
2.1104220844168835,0.015011553388851061
2.1114222844568915,0.03284138705659985
2.1124224844968995,0.054723823351456743
2.1134226845369075,0.07358726120855055
2.1144228845769155,0.04216899771492048
2.1154230846169235,-0.1510496051527402
2.1164232846569315,-0.016671835663053386
2.1174234846969395,-0.04975443453071098
2.1184236847369475,0.04709989699031663
2.1194238847769555,0.07420975692294864
2.1204240848169635,0.007855397518216425
2.1214242848569715,-0.08788931436335454
2.1224244848969795,-0.11841984172385314
2.1234246849369875,-0.08041665137630216
2.1244248849769956,0.04939731571257605
2.1254250850170036,-0.07998047961595606
2.1264252850570116,0.007628718993274318
2.1274254850970196,0.15102108732395936
2.1284256851370276,0.10599069404537584
2.1294258851770356,-0.0005421757766283149
2.1304260852170436,0.13122402953480217
2.1314262852570516,-0.007229138533009711
2.1324264852970596,0.04655918223447459
2.1334266853370676,-0.034809278479699404
2.1344268853770756,-0.09699222993844281
2.1354270854170836,-0.006877640789748348
2.1364272854570916,0.04523904200799426
2.1374274854970996,-0.0788093117645241
2.1384276855371076,0.13333476994674107
2.1394278855771156,-0.0914291736196449
2.1404280856171236,0.09390800298856226
2.1414282856571316,-0.012202341413237616
2.1424284856971396,0.019549799407315195
2.1434286857371476,-0.09889330448917018
2.1444288857771556,-0.11508558446349954
2.1454290858171636,0.048972400097331135
2.1464292858571716,0.10649265582836537
2.1474294858971796,0.10750174411141433
2.1484296859371876,-0.08551409311645487
2.1494298859771956,-0.08040247780590197
2.1504300860172036,-0.03712814290315795
2.1514302860572116,0.11878223493150934
2.1524304860972197,-0.2869207683612717
2.1534306861372277,-0.0005496335321421326
2.1544308861772357,-0.208746861949459
2.1554310862172437,-0.0946115831870387
2.1564312862572517,0.09842826583258948
2.1574314862972597,-0.10821664357421332
2.1584316863372677,0.13326414144686533
2.1594318863772757,-0.2116675662819183
2.1604320864172837,-0.1370856857748312
2.1614322864572917,0.2249426872009192
2.1624324864972992,-0.038127046058811336
2.1634326865373072,0.017522758674439608
2.1644328865773153,-0.24980923198979274
2.1654330866173233,0.09295225019913121
2.1664332866573313,0.14667406828706614
2.1674334866973393,-0.09857888758128361
2.1684336867373473,0.061741244827418405
2.1694338867773553,0.039455757778460145
2.1704340868173633,0.07645128331089256
2.1714342868573713,-0.02497910633256353
2.1724344868973793,0.032655637498310665
2.1734346869373873,-0.10215060941883808
2.1744348869773953,-0.12170175879430763
2.1754350870174033,-0.14049912345205606
2.1764352870574113,0.053934667691336834
2.1774354870974193,-0.049989523553166305
2.1784356871374273,-0.04283067907173581
2.1794358871774353,-0.10526599005854752
2.1804360872174433,0.203199852646078
2.1814362872574513,-0.147047286639419
2.1824364872974593,0.0023332172773574767
2.1834366873374673,0.3636685869349059
2.1844368873774753,0.21342129612054198
2.1854370874174833,-0.15757021870033863
2.1864372874574913,0.031556525092357464
2.1874374874974993,-0.053719542788265816
2.1884376875375073,0.010992739938041398
2.1894378875775153,0.14664621264607278
2.1904380876175233,0.14963703289907057
2.1914382876575313,0.058336286446682574
2.1924384876975394,0.10845049932263734
2.1934386877375474,-0.15871746343630705
2.1944388877775554,-0.2816318865632827
2.1954390878175634,0.1895478974215946
2.1964392878575714,-0.27080635400098935
2.1974394878975794,0.2516744349686443
2.1984396879375874,0.23640949126892266
2.1994398879775954,0.11648877016243556
2.2004400880176034,-0.0003123213920080593
2.2014402880576114,0.04251228336045238
2.2024404880976194,0.08673673206961244
2.2034406881376274,0.3199913251808952
2.2044408881776354,0.3058258895243267
2.2054410882176434,-0.33623356641596885
2.2064412882576514,-0.16316596393210647
2.2074414882976594,-0.04720395490039416
2.2084416883376674,0.40475765136934894
2.2094418883776754,-0.19324116260422453
2.2104420884176834,-0.25022017241968475
2.2114422884576914,-0.0762020798207386
2.2124424884976994,-0.01663317839950573
2.2134426885377074,-0.3280879373831148
2.2144428885777154,-0.3127981650397297
2.2154430886177234,0.46981882607298203
2.2164432886577314,0.4030556174654008
2.2174434886977394,0.3640352590478851
2.2184436887377474,0.01690126536101366
2.2194438887777554,0.3507684324448143
2.2204440888177635,-0.17799859720575995
2.2214442888577715,-0.28637034781084064
2.2224444888977795,-0.4112573805147012
2.2234446889377875,-0.3108780354025746
2.2244448889777955,0.20275664917511416
2.2254450890178035,0.2364842398879924
2.2264452890578115,0.06653066721438268
2.2274454890978195,-0.16257373439222145
2.2284456891378275,0.18774033708698828
2.2294458891778355,0.4382140079134542
2.2304460892178435,-0.25735802176893646
2.2314462892578515,-0.11913559034420632
2.2324464892978595,0.07505327246089637
2.2334466893378675,-0.5007829935923069
2.2344468893778755,0.07541587164402205
2.2354470894178835,-0.06914303870436814
2.2364472894578915,-0.07590460891696638
2.2374474894978995,-0.11656304187146795
2.2384476895379075,-0.20568275311997336
2.2394478895779155,0.01709844176556124
2.2404480896179235,0.1869980037574682
2.2414482896579315,-0.022021906971103924
2.2424484896979395,-0.3517802525057751
2.2434486897379475,-0.16867887580166022
2.2444488897779555,0.14074227740970804
2.2454490898179635,-0.21528471163229765
2.2464492898579715,0.03122100125590413
2.2474494898979795,0.18918570207573496
2.2484496899379876,-0.19670778682606313
2.2494498899779956,-0.22754559458482168
2.2504500900180036,-0.16728030318587583
2.2514502900580116,-0.18160135336752803
2.2524504900980196,0.10598463901717324
2.2534506901380276,0.13859579235510264
2.2544508901780356,-0.36552253535657203
2.2554510902180436,0.046772807431223376
2.2564512902580516,0.33323261390226305
2.2574514902980596,-0.3168951918491147
2.2584516903380676,0.19168035584294732
2.2594518903780756,-0.16603933188213307
2.2604520904180836,0.39781575380621137
2.2614522904580916,-0.028501911777444634
2.2624524904980996,-0.0803224395408011
2.2634526905381076,-0.21122468542781003
2.2644528905781156,-0.2094359335642199
2.2654530906181236,-0.20563200794299707
2.2664532906581316,0.643563867868133
2.2674534906981396,0.13384522018454786
2.2684536907381476,-0.4627156460398753
2.2694538907781556,0.06099645396064637
2.2704540908181636,0.20220612316726766
2.2714542908581716,-0.44567934880446036
2.2724544908981796,-0.22268259715405775
2.2734546909381876,-0.10149259123258991
2.2744548909781956,-0.22879706339420494
2.2754550910182036,-0.15112259907280645
2.2764552910582116,-0.14812330073829963
2.2774554910982197,0.08819956410186976
2.2784556911382277,0.03883092109121215
2.2794558911782357,0.34445641248791914
2.2804560912182437,0.017367088970960766
2.2814562912582517,-0.4100029132947238
2.2824564912982597,-0.11865982186577478
2.2834566913382677,-0.0883684705653535
2.2844568913782757,-0.6684067049303211
2.2854570914182837,0.17455628254161099
2.2864572914582917,-0.0032068256166867173
2.2874574914982997,0.2862826707122155
2.2884576915383077,0.11838029795982978
2.2894578915783157,-0.15403067962488198
2.2904580916183237,-0.3829927079802899
2.2914582916583317,-0.4081046849298015
2.2924584916983397,-0.5615573052824142
2.2934586917383477,-0.06006106342162678
2.2944588917783557,0.032434316846264105
2.2954590918183637,-0.2280583488251358
2.2964592918583717,-0.030121262033026605
2.2974594918983797,-0.12553695364376333
2.2984596919383877,-0.0070940201732133095
2.2994598919783957,0.34605716462108266
2.3004600920184037,0.36609338935260555
2.3014602920584117,0.789717025595794
2.3024604920984197,0.1009128056780298
2.3034606921384277,0.20132873285703734
2.3044608921784357,0.08026745830072243
2.3054610922184438,0.0488205128515618
2.3064612922584518,0.12165236167896418
2.3074614922984598,0.5682587304529116
2.3084616923384678,-0.29759826337944234
2.3094618923784758,-0.017904003756936977
2.3104620924184838,0.15137068959774955
2.3114622924584918,-0.2901624203640553
2.3124624924984998,0.7215727600769423
2.313462692538508,0.5116211854507876
2.314462892578516,-0.12694742968444125
2.315463092618524,-0.3884012919142264
2.316463292658532,-0.10701736072684676
2.31746349269854,-0.1766674428737885
2.318463692738548,-0.2340863630210161
2.319463892778556,0.3285634190011978
2.320464092818564,0.08828688854671804
2.321464292858572,0.43712275366072906
2.32246449289858,-0.4351639721128923
2.323464692938588,0.07439284788996031
2.324464892978596,0.3998866085528708
2.325465093018604,-0.014601308710692153
2.326465293058612,0.11428940169626621
2.32746549309862,0.7876604815584336
2.328465693138628,-0.14965670130562733
2.329465893178636,0.3606263565257733
2.330466093218644,0.1496766214653821
2.331466293258652,-0.27101942807583107
2.33246649329866,0.5568935401305299
2.333466693338668,0.09330295595120061
2.334466893378676,-0.31759236021906057
2.335467093418684,-0.10334244056808982
2.336467293458692,-0.38630490814017415
2.3374674934987,0.47334283685130674
2.338467693538708,0.282376994183762
2.339467893578716,-0.1873823449836152
2.340468093618724,0.1422015702494532
2.341468293658732,-0.34108158129906324
2.34246849369874,0.07308929539272531
2.343468693738748,-0.037480150513371904
2.344468893778756,-0.20663664566718623
2.345469093818764,-0.24797055231875287
2.346469293858772,0.49810205216288134
2.34746949389878,-0.2520713866778034
2.348469693938788,0.21087776345968579
2.349469893978796,0.3321061831447932
2.350470094018804,0.3015517993802611
2.351470294058812,-0.2910271541367783
2.35247049409882,-0.3064005310251419
2.353470694138828,0.394504640072174
2.354470894178836,0.11064793630985782
2.355471094218844,-0.11792952289816801
2.356471294258852,0.7431807293984538
2.35747149429886,0.19078000972718281
2.358471694338868,0.31826025173682704
2.359471894378876,0.09289927117518328
2.360472094418884,0.204919929163083
2.361472294458892,-0.04830984323026336
2.3624724944989,0.6430812829699786
2.363472694538908,0.20741535820857482
2.364472894578916,-0.3292921820523207
2.365473094618924,-0.8340595013560607
2.366473294658932,-0.056796947139074565
2.36747349469894,0.08456469729995171
2.368473694738948,-0.19960589296773704
2.369473894778956,-0.44917463259898205
2.370474094818964,-0.41683070641097814
2.371474294858972,-0.026329359733353763
2.37247449489898,-0.23997637870035962
2.373474694938988,0.03820037400714398
2.374474894978996,-0.0815922949096957
2.375475095019004,0.1907932205805172
2.376475295059012,0.1983207485441783
2.37747549509902,-0.33231204459008173
2.378475695139028,-0.4581150675435159
2.379475895179036,0.26546047734527123
2.380476095219044,0.4985354726404395
2.381476295259052,-0.11068721159076458
2.38247649529906,0.8654970640871877
2.383476695339068,-0.01906090236265415
2.384476895379076,-0.45404917596175554
2.385477095419084,-0.6729598225972567
2.386477295459092,-0.014765552198787925
2.3874774954991,-0.42450656368796397
2.388477695539108,-0.24334188261155146
2.389477895579116,0.4101551815092071
2.3904780956191236,-0.4148861416718847
2.3914782956591316,0.11610407033086904
2.3924784956991396,-0.28022292653115255
2.3934786957391476,0.36211691454438516
2.3944788957791556,0.0732439827762268
2.3954790958191636,-0.02848546592267273
2.3964792958591716,-0.07332678788734454
2.3974794958991796,-0.7158784588172308
2.3984796959391876,0.01932557419246258
2.3994798959791956,-0.06884317614092117
2.4004800960192036,0.4673540570542734
2.4014802960592116,-0.41638081028686386
2.4024804960992197,-0.03588658376086878
2.4034806961392277,0.09266377279717632
2.4044808961792357,-0.3271516496706729
2.4054810962192437,-0.24598586400714556
2.4064812962592517,-0.22502850528343304
2.4074814962992597,0.1157532281874613
2.4084816963392677,-0.6891617827171626
2.4094818963792757,-0.5709642572752625
2.4104820964192837,0.20179181086565873
2.4114822964592917,0.1877685686814708
2.4124824964992997,0.6709127148907882
2.4134826965393077,0.7289993064787209
2.4144828965793157,0.5840430477323484
2.4154830966193237,0.442993542936229
2.4164832966593317,0.04505220750794274
2.4174834966993397,-0.5163621442974574
2.4184836967393477,1.0048352253358075
2.4194838967793557,-0.008180321789892964
2.4204840968193637,0.446025710605445
2.4214842968593717,0.15940629284745295
2.4224844968993797,0.7923881883453654
2.4234846969393877,0.20715302863893997
2.4244848969793957,0.532393725523904
2.4254850970194037,0.1730205603871253
2.4264852970594117,0.24703318315114867
2.4274854970994197,-0.473379715462945
2.4284856971394277,-0.7105506586508036
2.4294858971794357,-0.7458833597567187
2.4304860972194438,0.41640142168926453
2.4314862972594518,-0.2554751978385066
2.4324864972994598,-0.2994775743520248
2.4334866973394678,-0.28452710942699466
2.4344868973794758,-0.6714813298664732
2.4354870974194838,0.6217764359351637
2.4364872974594918,0.14179124141831112
2.4374874974994998,-0.8030775317351317
2.438487697539508,-0.056381880446925825
2.439487897579516,-0.6919036898644364
2.440488097619524,0.4263183219880222
2.441488297659532,-0.048725973796111335
2.44248849769954,-0.0336210992293844
2.443488697739548,-0.4752555991299996
2.444488897779556,-0.18033914180912564
2.445489097819564,0.269805541758311
2.446489297859572,-0.6727438684990587
2.44748949789958,-0.5463147894336171
2.448489697939588,-0.3457669743735951
2.449489897979596,0.5238733862810646
2.450490098019604,-0.8600889676251287
2.451490298059612,-0.657767285422173
2.45249049809962,0.4714549914777622
2.453490698139628,0.8454351355025985
2.454490898179636,0.14221992419292603
2.455491098219644,0.19851101672470856
2.456491298259652,0.7408766817247853
2.45749149829966,0.169642731825364
2.458491698339668,0.4162040728535296
2.459491898379676,0.24737872972949934
2.460492098419684,0.4828940245181031
2.461492298459692,-0.2517572325510411
2.4624924984997,0.20832550785378817
2.463492698539708,0.26380126165481654
2.464492898579716,-0.7199673833927928
2.465493098619724,0.5992608329791875
2.466493298659732,-0.40669480998109775
2.46749349869974,-0.48431296400445795
2.468493698739748,-0.3720332124600483
2.469493898779756,0.294191451461923
2.470494098819764,0.9147034214400949
2.471494298859772,0.4131879509312623
2.47249449889978,-0.8168417729921964
2.473494698939788,-0.09775657188439484
2.474494898979796,0.3806981085615622
2.475495099019804,0.23703484078525297
2.476495299059812,-0.17185253559842678
2.47749549909982,-0.35200759256278696
2.478495699139828,0.011580403604942975
2.479495899179836,-0.4143308077014086
2.480496099219844,0.07921836129010569
2.481496299259852,0.09075140325628288
2.48249649929986,-0.5575347096514347
2.483496699339868,-0.3750238460357208
2.484496899379876,0.7208231324419757
2.485497099419884,-0.2912803276432257
2.486497299459892,0.4867063010855868
2.4874974994999,0.7012459033466298
2.488497699539908,0.1190792573505838
2.489497899579916,-0.5215315545579262
2.490498099619924,-0.2446796012039926
2.491498299659932,0.7282329249149196
2.49249849969994,0.3905458847475665
2.493498699739948,0.8550118471604223
2.494498899779956,0.9548346768802024
2.495499099819964,-0.5734716414406591
2.496499299859972,-0.3632101775042737
2.49749949989998,0.3814913911529995
2.498499699939988,-0.9220864806189014
2.499499899979996,-0.3265831240182516
2.500500100020004,0.5416875002606114
2.501500300060012,0.5659910942843834
2.50250050010002,0.5905078326729154
2.503500700140028,0.7621699126691106
2.504500900180036,0.2508611662628534
2.505501100220044,-0.4377332547747925
2.506501300260052,-0.2555525603065988
2.50750150030006,0.8195253910084829
2.508501700340068,-0.12892843180206684
2.509501900380076,-0.47171026330069477
2.510502100420084,0.5016880239388203
2.511502300460092,-0.011500409170880929
2.5125025005001,0.5908259699513032
2.513502700540108,0.32467550005906337
2.514502900580116,1.4249345743336275
2.515503100620124,-0.2778204053324261
2.516503300660132,-0.46531288134534443
2.51750350070014,-0.14458924348211874
2.518503700740148,0.05861173015274902
2.519503900780156,0.38246078899860353
2.520504100820164,-0.1467291553250571
2.521504300860172,-0.5929657368651066
2.52250450090018,0.35623241596778643
2.523504700940188,0.2760343154734848
2.524504900980196,0.13275354113378546
2.525505101020204,0.42774939231845654
2.526505301060212,0.3860138527247797
2.52750550110022,0.06939347010673301
2.528505701140228,0.29662387372121773
2.529505901180236,-0.3404278726026724
2.530506101220244,-0.45319502195295686
2.531506301260252,-0.05041785795827498
2.53250650130026,-0.680855279610648
2.533506701340268,-0.9638623282096733
2.534506901380276,-0.16120300935892312
2.535507101420284,0.1946934599797127
2.536507301460292,-0.09894564350502649
2.5375075015003,0.6421844440525838
2.538507701540308,0.20927053809756802
2.539507901580316,0.1945402041064052
2.540508101620324,-0.040550550560093906
2.541508301660332,-0.26633916098872645
2.54250850170034,0.3977678263023762
2.543508701740348,0.45630965237039034
2.544508901780356,-1.2258761296594431
2.545509101820364,-0.20186109601748192
2.546509301860372,-0.24478114354482156
2.54750950190038,-0.556640578087104
2.548509701940388,0.27485640023684577
2.549509901980396,-0.7702991677337546
2.550510102020404,0.8536089241387413
2.551510302060412,-0.21160527292879575
2.55251050210042,0.9208623312349221
2.553510702140428,-0.4425614483768313
2.554510902180436,0.5687460989328404
2.555511102220444,-0.186243878821278
2.556511302260452,-0.26257282685526956
2.55751150230046,-0.09468242219437681
2.558511702340468,-0.022562896741090886
2.559511902380476,-0.282808173044979
2.560512102420484,-0.6085009878618604
2.561512302460492,-0.5322655112104142
2.5625125025005002,-0.904177502528469
2.5635127025405082,0.11879969819824107
2.5645129025805162,-0.04623604546709043
2.5655131026205242,0.12441250282755384
2.5665133026605322,-0.28865027732558945
2.5675135027005402,-0.17336172760521296
2.5685137027405482,0.35416847139624036
2.5695139027805562,-0.4255081642467101
2.5705141028205643,-1.3467115689948606
2.5715143028605723,-0.020538629994307448
2.5725145029005803,0.8158813793328539
2.5735147029405883,-0.4795693578670451
2.5745149029805963,0.22832817021406454
2.5755151030206043,0.06471538048964288
2.5765153030606123,0.36885592523837346
2.5775155031006203,0.8628655403122699
2.5785157031406283,0.5773926638594992
2.5795159031806363,0.21331503703314947
2.5805161032206443,-0.41778424220516674
2.5815163032606523,-0.43977613854333814
2.5825165033006603,0.3357186808282729
2.5835167033406683,-0.6659184623338494
2.5845169033806763,-0.018530485649479348
2.5855171034206843,-0.5686190140768359
2.5865173034606923,-0.38954021318879567
2.5875175035007003,0.3502879327197581
2.5885177035407083,-0.7056831178974124
2.5895179035807163,0.1302796139753413
2.5905181036207243,-0.046830062677667594
2.5915183036607323,0.49029087288741235
2.5925185037007403,-0.13554535651273011
2.5935187037407483,-0.1013947097895677
2.5945189037807563,-0.6771837765268512
2.5955191038207643,-0.1334405704149835
2.5965193038607723,-0.003611209483507764
2.5975195039007803,0.4591440439367651
2.5985197039407884,-0.473306211491567
2.5995199039807964,-0.7296779767108221
2.6005201040208044,0.2463498692151846
2.6015203040608124,-0.7751374294048724
2.6025205041008204,-0.7216213918908345
2.6035207041408284,0.8671433589202513
2.6045209041808364,0.2452463411629173
2.6055211042208444,-0.2753937935429298
2.6065213042608524,0.4739398035576646
2.6075215043008604,-0.12855456702552448
2.6085217043408684,-0.030661617636930722
2.6095219043808764,0.38208051167951335
2.6105221044208844,0.6989637977421713
2.6115223044608924,0.1381661837474627
2.6125225045009004,-0.8299265733284549
2.6135227045409084,0.015145269129052168
2.6145229045809164,-0.1816283737081931
2.6155231046209244,0.34481288251288916
2.6165233046609324,0.08429277165042168
2.61752350470094,-0.9297100396082618
2.618523704740948,0.4887938039402669
2.619523904780956,-0.05128476048658359
2.620524104820964,-0.32232590527539534
2.621524304860972,0.1541410663422572
2.62252450490098,-0.05437728311051555
2.623524704940988,-0.5889077844489552
2.624524904980996,0.02852466710113215
2.625525105021004,-0.2560992579846361
2.626525305061012,0.22933627232696008
2.62752550510102,-0.47985905577654886
2.628525705141028,0.7022620175435162
2.629525905181036,-0.365328961675036
2.630526105221044,-0.08243664808250921
2.631526305261052,-0.1709726869706511
2.63252650530106,-0.008566860465941128
2.633526705341068,-0.15045022060717328
2.634526905381076,-0.01771113519149282
2.635527105421084,-0.06764466311566894
2.636527305461092,0.20906309108823634
2.6375275055011,0.06405409786921869
2.638527705541108,-0.6112294231427725
2.639527905581116,0.1194029789182825
2.640528105621124,0.6893593012561802
2.641528305661132,-0.06821796571492417
2.64252850570114,-0.21829920435344977
2.643528705741148,-0.4018569636662244
2.644528905781156,-0.6471867596460629
2.645529105821164,-0.08041027917997767
2.646529305861172,0.22476175725909614
2.64752950590118,0.6115820212219346
2.648529705941188,-0.3454860949668764
2.649529905981196,-0.49543977422991947
2.650530106021204,-0.25946517901054533
2.651530306061212,-0.018053821010710583
2.65253050610122,-0.4842484664464917
2.653530706141228,0.20951108191199175
2.654530906181236,-0.10420274521351629
2.655531106221244,0.2118963043767423
2.656531306261252,0.23280743101023046
2.65753150630126,-0.3390899658022811
2.658531706341268,-0.3788380508717842
2.659531906381276,0.24551800562287462
2.660532106421284,0.06858583077313939
2.661532306461292,0.08256478701965349
2.6625325065013,0.14032089605732137
2.663532706541308,0.17303186183197206
2.664532906581316,0.34657247650196477
2.665533106621324,-0.4434210019937101
2.666533306661332,-0.20242874940170474
2.66753350670134,0.0754195948883151
2.668533706741348,0.19329444740710766
2.669533906781356,0.22467060496449015
2.670534106821364,-0.3874970896987356
2.671534306861372,0.164378915486296
2.67253450690138,-0.7098143396823031
2.673534706941388,-0.41365949954064335
2.674534906981396,-0.07938117134404281
2.675535107021404,0.22284784734644747
2.676535307061412,-0.06852705703114428
2.67753550710142,0.5186490611869332
2.678535707141428,-0.013053585236762675
2.679535907181436,0.23064848264955365
2.680536107221444,-0.024981537973920182
2.681536307261452,-0.2837297563999134
2.68253650730146,0.20365060610982352
2.683536707341468,0.4047655521915181
2.684536907381476,0.16436430141935088
2.685537107421484,0.37095624543166295
2.686537307461492,-0.011794647670511887
2.6875375075015002,0.0886306703087952
2.6885377075415082,0.6098051728507747
2.6895379075815162,0.05109211045649296
2.6905381076215242,-0.27020897446497144
2.6915383076615322,0.3463115357708658
2.6925385077015402,-0.36696831111132683
2.6935387077415482,-0.27479409178418196
2.6945389077815562,-0.3072941663331082
2.6955391078215643,0.06974895658706379
2.6965393078615723,-0.3913789643193886
2.6975395079015803,-0.4622038685469095
2.6985397079415883,0.2168601101973067
2.6995399079815963,-0.6966910383793877
2.7005401080216043,-0.2374273688681917
2.7015403080616123,-0.7027094444207163
2.7025405081016203,0.7718917278316951
2.7035407081416283,-0.2897959345068223
2.7045409081816363,-0.15642380128190517
2.7055411082216443,0.2788880105706121
2.7065413082616523,0.49544214482497345
2.7075415083016603,0.261203476062369
2.7085417083416683,-0.35477112296702257
2.7095419083816763,0.041761360016205534
2.7105421084216843,-0.11428721585804369
2.7115423084616923,-0.42681268659227356
2.7125425085017003,0.10684097933468785
2.7135427085417083,-0.2717079863121479
2.7145429085817163,0.1217383282692885
2.7155431086217243,0.5841243981088308
2.7165433086617323,0.14928345203640228
2.7175435087017403,0.2665319810208895
2.7185437087417483,-0.27044650046299407
2.7195439087817563,-0.2826275709646346
2.7205441088217643,-0.02370319846352537
2.7215443088617723,-0.38733137900200454
2.7225445089017803,0.03639205825419627
2.7235447089417884,-0.24628068394470107
2.7245449089817964,-0.17146446086213732
2.7255451090218044,0.24315196913742493
2.7265453090618124,-0.07499473991180304
2.7275455091018204,0.25237345325180727
2.7285457091418284,0.015355756912147713
2.7295459091818364,0.24284993815055353
2.7305461092218444,0.510074301958497
2.7315463092618524,-0.20056698866615286
2.7325465093018604,-0.06613639512714382
2.7335467093418684,-0.2877931667177137
2.7345469093818764,0.15607979752740375
2.7355471094218844,-0.2105641182967364
2.7365473094618924,-0.3435252643113798
2.7375475095019004,-0.5034116078987373
2.7385477095419084,-0.11767012138225896
2.7395479095819164,0.08071256016084667
2.7405481096219244,0.00610636564255839
2.7415483096619324,-0.17544964100861768
2.7425485097019404,-0.25957334014332745
2.7435487097419484,0.29152132223013055
2.7445489097819564,-0.23474241554780423
2.7455491098219644,0.3004910382595982
2.7465493098619724,-0.3385898069783763
2.7475495099019804,-0.02946848450825813
2.7485497099419884,0.04133912570290609
2.7495499099819964,-0.16204225797507119
2.7505501100220044,-0.2774050596153697
2.7515503100620124,0.07777708334051597
2.7525505101020205,-0.2526864275796447
2.7535507101420285,-0.04079834220665351
2.7545509101820365,-0.013750283956987238
2.7555511102220445,0.15266275031705615
2.7565513102620525,-0.12712439846429047
2.7575515103020605,0.17569507756498573
2.7585517103420685,0.009632960922133425
2.7595519103820765,0.5344670096320532
2.7605521104220845,0.21290684454961384
2.7615523104620925,0.30500585908185635
2.7625525105021005,0.00012007331302891853
2.7635527105421085,0.4450623953484423
2.7645529105821165,0.22114106977566372
2.7655531106221245,-0.07231964404250917
2.7665533106621325,-0.3739550656634776
2.7675535107021405,-0.05235874190892342
2.7685537107421485,0.07663701370699623
2.7695539107821565,-0.22280522321898527
2.7705541108221645,-0.22061482387481393
2.7715543108621725,0.35861735984484605
2.7725545109021805,0.24861896232299024
2.7735547109421885,0.10723530798534837
2.7745549109821965,-0.20322718328706715
2.7755551110222045,-0.07487169753297399
2.7765553110622125,0.14710744081139446
2.7775555111022205,-0.06855653781983034
2.7785557111422285,-0.21249691590035158
2.7795559111822365,-0.049569471452540724
2.7805561112222446,-0.10559496539436963
2.7815563112622526,-0.04164374862145501
2.7825565113022606,-0.16272106326614996
2.7835567113422686,-0.09212210036406461
2.7845569113822766,-0.07609179069307112
2.7855571114222846,-0.06963728526695573
2.7865573114622926,-0.42339220795627636
2.7875575115023006,-0.014358339449431172
2.7885577115423086,-0.06659938657931003
2.7895579115823166,-0.2792480742541924
2.7905581116223246,0.20903577704325024
2.7915583116623326,-0.05828137532000594
2.7925585117023406,-0.21379242764331272
2.7935587117423486,-0.36442739040535305
2.7945589117823566,0.09884714983239629
2.7955591118223646,0.13535854976321224
2.7965593118623726,-0.2381628538427182
2.7975595119023806,-0.1518353349137294
2.7985597119423886,0.14729880291468442
2.7995599119823966,-0.057881169476535245
2.8005601120224046,-0.12746625937774012
2.8015603120624126,-0.3404253955417666
2.8025605121024206,-0.22774302820408807
2.8035607121424286,-0.04608224270204902
2.8045609121824366,0.0077721358886428124
2.8055611122224446,0.2223834727674502
2.8065613122624526,-0.22614759819008606
2.8075615123024606,-0.012203781591544057
2.8085617123424687,-0.04744976255287032
2.8095619123824767,-0.15239042115807863
2.8105621124224847,-0.20081491984675895
2.8115623124624927,0.11533699038933679
2.8125625125025007,-0.1872593139667296
2.8135627125425087,-0.24068811997469808
2.8145629125825167,-0.1816975972690068
2.8155631126225247,-0.09983675588798027
2.8165633126625327,-0.12354534245567259
2.8175635127025407,-0.07760577788014764
2.8185637127425487,0.13654562479860707
2.8195639127825567,0.13840007637634774
2.8205641128225647,-0.022780335400180866
2.8215643128625727,0.24844606109351636
2.8225645129025807,0.10041277205304423
2.8235647129425887,0.0950076437513917
2.8245649129825967,0.0430504296271756
2.8255651130226047,0.06342473879576492
2.8265653130626127,0.12136854532660722
2.8275655131026207,-0.10740387638721006
2.8285657131426287,-0.03654042003973357
2.8295659131826367,-0.2185885271588393
2.8305661132226447,0.1116547656679992
2.8315663132626527,-0.04748100636171264
2.8325665133026607,0.017847175259845353
2.8335667133426687,0.11558962550473165
2.8345669133826767,0.13835021996940164
2.8355671134226847,0.07658402664200588
2.8365673134626928,-0.14195478754716886
2.8375675135027008,-0.040927710044501006
2.8385677135427088,-0.0772252032268834
2.8395679135827168,0.05569439980571288
2.8405681136227248,0.048769647582911926
2.8415683136627328,0.03456600321875197
2.8425685137027408,0.09202745596115484
2.8435687137427488,-0.14494180018157138
2.844568913782757,0.020623238026990783
2.8455691138227643,0.1103500607380224
2.8465693138627723,0.048468060868186454
2.8475695139027803,-0.012303181477713108
2.8485697139427884,0.09987860615257467
2.8495699139827964,0.18715180354311678
2.8505701140228044,-0.1308057416885853
2.8515703140628124,0.1438745469950654
2.8525705141028204,-0.026785275434705543
2.8535707141428284,-0.07808563790051858
2.8545709141828364,0.006021127811628387
2.8555711142228444,0.06009515662667171
2.8565713142628524,-0.0697085974551898
2.8575715143028604,0.057031863139253604
2.8585717143428684,-0.018701300009303753
2.8595719143828764,0.0046349590323238946
2.8605721144228844,-0.17785372484742243
2.8615723144628924,-0.04364607324675942
2.8625725145029004,0.029651776856180773
2.8635727145429084,0.02966953503003069
2.8645729145829164,0.0437703175694904
2.8655731146229244,0.01620700321795161
2.8665733146629324,0.18718459424710787
2.8675735147029404,-0.04267210569364944
2.8685737147429484,0.09100946419152624
2.8695739147829564,-0.04725883145813604
2.8705741148229644,-0.017628503108593218
2.8715743148629724,-0.060562892086783775
2.8725745149029804,-0.019801838405750914
2.8735747149429884,0.12670355541989656
2.8745749149829964,-0.07124172297419361
2.8755751150230044,0.12296663637714723
2.8765753150630125,0.018241109826447912
2.8775755151030205,0.10051401366378399
2.8785757151430285,0.08704512652175833
2.8795759151830365,0.041509112116458816
2.8805761152230445,-0.04653532822953941
2.8815763152630525,-0.07263537456293916
2.8825765153030605,0.024855304456009905
2.8835767153430685,-0.002747503219732526
2.8845769153830765,0.009468621981178251
2.8855771154230845,0.09557657447980139
2.8865773154630925,0.14377524962040408
2.8875775155031005,0.02122725991931432
2.8885777155431085,-0.01302146910958254
2.8895779155831165,-0.006424808613738236
2.8905781156231245,-0.00374894394888852
2.8915783156631325,-0.04844548822237482
2.8925785157031405,-0.07759667327579098
2.8935787157431485,0.01007005865844075
2.8945789157831565,-0.05828004989237873
2.8955791158231645,-0.054735972082999816
2.8965793158631725,0.021071561604651578
2.8975795159031805,0.0008198661051210757
2.8985797159431885,0.060552419929713705
2.8995799159831965,0.04769124840220727
2.9005801160232045,-0.02866299881857724
2.9015803160632125,-0.07396882962815278
2.9025805161032205,-0.0653521624257425
2.9035807161432285,0.001493538092088339
2.9045809161832365,-0.023006239337326793
2.9055811162232446,0.010780987749464335
2.9065813162632526,0.05293861686205142
2.9075815163032606,0.01771449291176328
2.9085817163432686,0.0029176443752826106
2.9095819163832766,0.06851497210241758
2.9105821164232846,0.014427929803355697
2.9115823164632926,-0.0008810088251939548
2.9125825165033006,0.015282989287651772
2.9135827165433086,-0.007222181783048341
2.9145829165833166,0.0018504921220301885
2.9155831166233246,0.0020614937868290726
2.9165833166633326,-0.08294444807709435
2.9175835167033406,-0.018627988409351915
2.9185837167433486,0.009573084742673488
2.9195839167833566,0.006584093783580836
2.9205841168233646,0.019092658979586764
2.9215843168633726,0.034558953790764436
2.9225845169033806,0.006584047562661219
2.9235847169433886,-0.016999112482034274
2.9245849169833966,-0.01802766635426833
2.9255851170234046,-0.007151338988242441
2.9265853170634126,-0.022848022416116335
2.9275855171034206,-0.0075890829220318385
2.9285857171434286,0.027977390371915656
2.9295859171834366,0.011285808787966931
2.9305861172234446,0.011043151698592902
2.9315863172634526,0.0005279240609647884
2.9325865173034606,-0.002839994403288679
2.9335867173434687,-0.013695139607595323
2.9345869173834767,0.026600826223865743
2.9355871174234847,0.00457991589920486
2.9365873174634927,0.015815589834154094
2.9375875175035007,0.001383975525983737
2.9385877175435087,0.01878759691440376
2.9395879175835167,-0.0004413600017994392
2.9405881176235247,0.016283354435036222
2.9415883176635327,-0.007241024361004986
2.9425885177035407,0.014593648171202926
2.9435887177435487,-0.011006413157906186
2.9445889177835567,-0.03177796838789499
2.9455891178235647,-0.011128899502216922
2.9465893178635727,-0.004084146153625191
2.9475895179035807,-0.01527386157722387
2.9485897179435887,0.017491277670273222
2.9495899179835967,0.0015463752157846488
2.9505901180236047,0.000174749836427362
2.9515903180636127,0.004148784341840435
2.9525905181036207,-0.00880483959011946
2.9535907181436287,-0.0005741593186750588
2.9545909181836367,0.01063631953821321
2.9555911182236447,-0.0037472993526787308
2.9565913182636527,0.005796225325475729
2.9575915183036607,-0.014005051733942966
2.9585917183436687,0.0006072185303690157
2.9595919183836767,0.002319275735938552
2.9605921184236847,0.01006332434370364
2.9615923184636928,0.0022978160430098473
2.9625925185037008,-0.005201490660129023
2.9635927185437088,0.006260047486292947
2.9645929185837168,0.007253350685826712
2.9655931186237248,0.003173398738257181
2.9665933186637328,0.004724135778339997
2.9675935187037408,0.003351798921549425
2.9685937187437488,0.004362868330999153
2.969593918783757,-0.008362467049025064
2.970594118823765,-0.00024404024290333476
2.971594318863773,0.003129621261709479
2.972594518903781,-0.00376221181191618
2.973594718943789,0.0028240293564071265
2.974594918983797,-0.00015928447312250294
2.975595119023805,1.9672684218962372e-05
2.976595319063813,-0.001964162580838595
2.977595519103821,0.0016385730544202408
2.978595719143829,-0.0026095314428619763
2.979595919183837,-0.0003554792144110554
2.980596119223845,-0.0013420654109935978
2.981596319263853,0.0012194898721930717
2.982596519303861,-0.0015186670862827568
2.983596719343869,-0.0006538669098004605
2.984596919383877,-0.00045173977840178985
2.985597119423885,-0.0006421085159504342
2.986597319463893,0.0011008129137887073
2.987597519503901,-0.0012394173298168403
2.988597719543909,0.0005664809083484174
2.989597919583917,0.0006259721332396605
2.990598119623925,-0.0002842120675313883
2.991598319663933,0.0006382871860604555
2.992598519703941,-5.3290785812922646e-05
2.993598719743949,-2.3751693761670724e-05
2.994598919783957,4.443522445944559e-05
2.995599119823965,0.0001066922812299835
2.996599319863973,-7.667107928689123e-05
2.997599519903981,-7.190816482846464e-06
2.998599719943989,7.412451160440665e-06
2.999599919983997,6.293012905041907e-07
3.000600120024005,3.9648624523029715e-06
3.001600320064013,1.4457990791370576e-05
3.002600520104021,-9.874170971796861e-07
3.003600720144029,6.484517133299631e-05
3.004600920184037,-0.00013913891067860923
3.005601120224045,-0.00022053966638717137
3.006601320264053,-0.00024106593049973138
3.007601520304061,-0.0002326580757774823
3.008601720344069,0.0002008147734264411
3.009601920384077,-0.0005377691990944594
3.010602120424085,-0.00027122903225064687
3.011602320464093,8.768547672655954e-06
3.012602520504101,-5.756166519328169e-05
3.013602720544109,3.878187325114995e-05
3.014602920584117,-0.0011394768009966869
3.015603120624125,0.00013806620713331934
3.016603320664133,-3.478608156065303e-06
3.017603520704141,0.0005899386275378685
3.018603720744149,-0.0029735903393898733
3.019603920784157,-0.0027670845949351514
3.020604120824165,-0.003748936190509445
3.021604320864173,-0.00047752952432332833
3.022604520904181,0.0025871321662406534
3.023604720944189,-0.0017256553132341285
3.024604920984197,-0.004059916784037825
3.025605121024205,-0.0013479427788097682
3.026605321064213,0.002604693511461892
3.027605521104221,0.0013729073363021199
3.028605721144229,-0.0036543008015849864
3.029605921184237,0.0019518526858719571
3.030606121224245,-0.00762387437834963
3.031606321264253,0.0008419318543624247
3.032606521304261,-0.00426329261729424
3.033606721344269,-0.0054546333129218035
3.034606921384277,-0.0012435427955990854
3.035607121424285,-0.017687108810583413
3.036607321464293,-0.0018764432289042354
3.037607521504301,-0.013897073703571808
3.038607721544309,-0.004690862284003048
3.039607921584317,-0.0017816498820593088
3.040608121624325,0.00473222949346443
3.041608321664333,0.00015699683249516537
3.042608521704341,0.00787360031013022
3.043608721744349,-0.009060186039077843
3.044608921784357,-0.003251364526066433
3.045609121824365,0.018892000921303238
3.046609321864373,0.0011354726195227918
3.047609521904381,-0.006399093453556589
3.048609721944389,-0.0006924517427974988
3.049609921984397,-0.008313094022954565
3.050610122024405,0.005922389065191912
3.051610322064413,-0.002383904880455949
3.052610522104421,-0.003359125840545457
3.053610722144429,0.015257051414654582
3.054610922184437,0.01765116506694775
3.055611122224445,0.01629391944881506
3.056611322264453,0.014314195207474996
3.057611522304461,-0.015020102145664195
3.058611722344469,0.011550592163062014
3.059611922384477,-0.00458586915700494
3.060612122424485,0.011629831776833393
3.061612322464493,-0.024462327370187175
3.062612522504501,0.0038267280518794237
3.063612722544509,0.025833505609137806
3.064612922584517,-0.005990829325757311
3.065613122624525,0.009296862833599552
3.066613322664533,-0.04258368430468171
3.067613522704541,-0.02955872920148768
3.068613722744549,-0.009654751490043748
3.069613922784557,0.004689950143006388
3.070614122824565,-0.0057743915396479325
3.071614322864573,0.022219566146235808
3.0726145229045807,-0.01627985696835175
3.0736147229445887,0.001981302779757595
3.0746149229845967,0.0442989681579477
3.0756151230246047,0.04785475074582331
3.0766153230646127,-0.002106978045215127
3.0776155231046207,-0.0022954632389097394
3.0786157231446287,0.06557333263862698
3.0796159231846367,-0.0207712282942171
3.0806161232246447,-0.011865800490334156
3.0816163232646527,0.025065813729600383
3.0826165233046607,-0.014996624256905232
3.0836167233446687,-0.014353560866616322
3.0846169233846767,0.005381529759596879
3.0856171234246847,-0.01574153219737003
3.0866173234646928,-0.017071668770754705
3.0876175235047008,0.024039835289480546
3.0886177235447088,-0.043208061634001184
3.0896179235847168,0.021114351605869466
3.0906181236247248,0.028731701351488927
3.0916183236647328,0.02741946088759906
3.0926185237047408,0.05456073092453377
3.0936187237447488,-0.029433616236767903
3.094618923784757,0.011615659905721993
3.095619123824765,0.08662351787911028
3.096619323864773,0.03867615520421592
3.097619523904781,-0.0544928565709948
3.098619723944789,-0.09916565168233214
3.099619923984797,0.0017418779935042775
3.100620124024805,-0.008327141459773943
3.101620324064813,-0.04740611739645644
3.102620524104821,0.06660333230302151
3.103620724144829,0.04579845577681126
3.104620924184837,0.0589291627766371
3.105621124224845,-0.01568726888022989
3.106621324264853,0.037220764900838005
3.107621524304861,-0.01527665061374265
3.108621724344869,-0.0007853005806126556
3.109621924384877,0.06504253318680335
3.110622124424885,-0.05281226434310387
3.111622324464893,-0.03552603624167388
3.112622524504901,0.014169517359801848
3.113622724544909,0.03350869134700023
3.114622924584917,-0.02565014021397985
3.115623124624925,-0.012730686326049486
3.116623324664933,-0.052096877619862675
3.117623524704941,-0.00984762643833886
3.118623724744949,-0.03891937485226923
3.119623924784957,-0.10109118391879525
3.120624124824965,0.002621388435765934
3.121624324864973,0.0828301298838369
3.122624524904981,0.002117865270179534
3.123624724944989,0.20431948891518406
3.124624924984997,0.03380070735916004
3.125625125025005,-0.035174495410570966
3.126625325065013,-0.04890906198579653
3.127625525105021,-0.0711070997871473
3.128625725145029,-0.07081742328859628
3.129625925185037,-0.13274645649535863
3.130626125225045,-0.0986444303926986
3.131626325265053,-0.10446390074244555
3.132626525305061,-0.011011631973393457
3.133626725345069,-0.011088077872968045
3.134626925385077,-0.023238356133059388
3.135627125425085,0.09895332112215212
3.136627325465093,-0.17326423862238807
3.137627525505101,0.14570343725740473
3.138627725545109,-0.04919534361042669
3.139627925585117,0.057327252290187834
3.140628125625125,-0.023192282572327003
3.141628325665133,0.05041757216886803
3.142628525705141,0.06426865612076266
3.143628725745149,-0.1136663088277381
3.144628925785157,-0.09911471748725591
3.145629125825165,0.14702921981094094
3.146629325865173,0.2159072265367655
3.147629525905181,-0.003323217152800949
3.148629725945189,-0.08874129984491824
3.149629925985197,0.26771438862663505
3.150630126025205,-0.17644950139419727
3.151630326065213,0.03392091442260561
3.152630526105221,0.10706880777419692
3.153630726145229,0.2182080147845383
3.154630926185237,-0.07476761778894507
3.155631126225245,0.15460819117554958
3.156631326265253,0.05369817812663453
3.157631526305261,-0.23664528896167986
3.158631726345269,0.0846234881841152
3.159631926385277,0.11179317002158398
3.160632126425285,0.11435558109921924
3.161632326465293,-0.182466230648582
3.162632526505301,-0.12196840769046385
3.163632726545309,-0.017098214528267396
3.164632926585317,-0.049013763176712154
3.165633126625325,-0.267258155014195
3.166633326665333,-0.14388612272426304
3.167633526705341,-0.05224717108458846
3.168633726745349,-0.1270256269395843
3.169633926785357,-0.15813997999449916
3.170634126825365,0.13571153299245967
3.171634326865373,-0.036183396978762335
3.172634526905381,-0.23136137158345968
3.173634726945389,0.005760518271994432
3.174634926985397,0.008872881244853009
3.175635127025405,-0.13808485897437225
3.176635327065413,-0.20845199505497133
3.177635527105421,0.0038466391224107207
3.178635727145429,0.07162526679964563
3.179635927185437,-0.1251206937564144
3.180636127225445,-0.14872410639015943
3.181636327265453,0.07473946405531523
3.182636527305461,0.261200181115412
3.183636727345469,-0.07003611980786517
3.184636927385477,0.0794420976654645
3.185637127425485,0.18390414345597225
3.186637327465493,-0.21442837040844182
3.187637527505501,-0.0998688068626406
3.188637727545509,-0.07030282211524344
3.189637927585517,-0.3085027964352316
3.190638127625525,-0.11244808704183505
3.191638327665533,-0.08362539315587453
3.192638527705541,-0.04006109831201468
3.193638727745549,0.02360032207406979
3.194638927785557,0.10891361629460719
3.195639127825565,-0.06665204908936229
3.196639327865573,-0.31706646891563933
3.197639527905581,0.01992225510923782
3.198639727945589,0.08497938556181897
3.199639927985597,0.05270706116295224
3.200640128025605,-0.09781277213282553
3.201640328065613,0.03079700532521034
3.202640528105621,-0.06569016577356754
3.203640728145629,0.12439608538941017
3.204640928185637,-0.22879320333520073
3.205641128225645,-0.0826241244433362
3.206641328265653,0.2938505167186509
3.207641528305661,-0.2616442320854383
3.208641728345669,-0.36453697173213195
3.209641928385677,0.2469962651297564
3.210642128425685,-0.06221203194185193
3.211642328465693,-0.10652938186389418
3.212642528505701,0.11329947817916974
3.213642728545709,0.13620160767979644
3.214642928585717,-0.006515162950765849
3.215643128625725,0.14774691547123944
3.216643328665733,0.20468505842579232
3.217643528705741,0.06155550638151747
3.218643728745749,-0.42562782601255134
3.2196439287857572,-0.22155364619459705
3.2206441288257652,0.2437293549914147
3.2216443288657732,-0.1444355996301123
3.2226445289057812,0.11238928952288023
3.2236447289457892,-0.13820037836986862
3.2246449289857972,-0.17470597879596372
3.2256451290258052,0.14681835665812695
3.2266453290658133,-0.24036270292080714
3.2276455291058213,-0.06335034754923388
3.2286457291458293,-0.081016534391493
3.2296459291858373,-0.048634033610729176
3.2306461292258453,0.12836881018536464
3.2316463292658533,0.04917496693222154
3.2326465293058613,-0.101504184107511
3.2336467293458693,0.1917766945747795
3.2346469293858773,0.029735353637979408
3.2356471294258853,-0.193921591594425
3.2366473294658933,0.13988822928886915
3.2376475295059013,-0.2906864892475959
3.2386477295459093,-0.36718473969444415
3.2396479295859173,-0.35265151974573655
3.2406481296259253,0.5127336933796216
3.2416483296659333,-0.20741787617263122
3.2426485297059413,-0.031002352784845335
3.2436487297459493,-0.03225758652376181
3.2446489297859573,0.04769483271607857
3.2456491298259653,-0.08217609899090342
3.2466493298659733,-0.006363055429962636
3.2476495299059813,-0.2690728167723281
3.2486497299459893,-0.3077118273659546
3.2496499299859973,0.16973015552429407
3.2506501300260053,-0.083450904097927
3.2516503300660133,0.1300512402477809
3.2526505301060213,0.08337049230975417
3.2536507301460293,-0.2521718547234312
3.2546509301860373,-0.12228092229547279
3.2556511302260454,-0.11105190358056814
3.2566513302660534,-0.7008954368530946
3.2576515303060614,0.011556841688190652
3.2586517303460694,0.0394676190945797
3.2596519303860774,0.0951681072613315
3.2606521304260854,-0.15188832269165098
3.2616523304660934,0.13954447790216573
3.2626525305061014,-0.02783482651931422
3.2636527305461094,0.09486747183299538
3.2646529305861174,0.03635779387906504
3.2656531306261254,0.051899305255557436
3.2666533306661334,-0.5028179489950609
3.2676535307061414,-0.01259443126624597
3.2686537307461494,-0.4295768307267213
3.2696539307861574,0.13235485353072207
3.2706541308261654,0.23445553927712387
3.2716543308661734,0.3093960085018224
3.2726545309061814,-0.1417237374681163
3.2736547309461894,-0.08066557308557973
3.2746549309861974,0.11699866258615216
3.2756551310262054,-0.17668139592340681
3.2766553310662134,-0.5261625474191606
3.2776555311062214,-0.10721757755048993
3.2786557311462294,0.1400556499256475
3.2796559311862374,0.015921000653596775
3.2806561312262454,0.34076225873869664
3.2816563312662534,-0.05597430062676326
3.2826565313062614,-0.5448247478861333
3.2836567313462695,-0.16986526711927097
3.2846569313862775,-0.2914646217230421
3.2856571314262855,-0.11365614127365496
3.2866573314662935,0.27617831425728107
3.2876575315063015,0.05856101514320101
3.2886577315463095,-0.2329308469175444
3.2896579315863175,0.49092294361851685
3.2906581316263255,-0.14857536792560697
3.2916583316663335,0.0786434303357711
3.2926585317063415,-0.08371985560167815
3.2936587317463495,0.045815647253877
3.2946589317863575,-0.16833085019890123
3.2956591318263655,0.4976643187737214
3.2966593318663735,-0.8029936622830263
3.2976595319063815,0.5488713821507979
3.2986597319463895,0.7418786804410209
3.2996599319863975,0.6653778565344111
3.300660132026405,-0.001503431720127973
3.301660332066413,0.15696738539697602
3.302660532106421,-0.2878949311791146
3.303660732146429,0.029063069415171977
3.304660932186437,0.03650185807596673
3.305661132226445,0.06062410172114273
3.306661332266453,0.3190561951256662
3.307661532306461,-0.1718242864207859
3.308661732346469,-0.02621995094220955
3.309661932386477,0.1392461051837805
3.310662132426485,-0.15521202192093034
3.311662332466493,0.549085447419903
3.312662532506501,-1.0940708244601571
3.313662732546509,-0.2038283466700473
3.314662932586517,-0.6139380694307118
3.315663132626525,-0.3387590000092221
3.316663332666533,0.5820903521083193
3.317663532706541,0.12856403321316506
3.318663732746549,-0.9113996586911195
3.319663932786557,0.33053171126267006
3.320664132826565,0.2885033380184101
3.321664332866573,-0.1435935785894534
3.322664532906581,-0.5517643416162367
3.323664732946589,-0.26264243039541124
3.324664932986597,0.24485412029679193
3.325665133026605,0.3935355252744235
3.326665333066613,-0.47506277724463
3.327665533106621,0.40951571314619495
3.328665733146629,0.04568045193676512
3.329665933186637,-0.0878705195889985
3.330666133226645,0.24644108209612992
3.331666333266653,0.42766425385100626
3.332666533306661,0.27810193350079354
3.333666733346669,-1.099120678461691
3.334666933386677,0.12102145386919932
3.335667133426685,-0.1196341275030187
3.336667333466693,0.558932101733365
3.337667533506701,-0.01782155373635761
3.338667733546709,0.1294628173243228
3.339667933586717,-0.07369561043781216
3.340668133626725,0.24997529563770887
3.341668333666733,-0.42135504427057735
3.342668533706741,-0.2617374560678258
3.343668733746749,0.0685085377260135
3.3446689337867572,0.3447399627144505
3.3456691338267652,0.3998478324214386
3.3466693338667732,0.534569376208741
3.3476695339067812,0.13014909166864475
3.3486697339467892,0.7774824866997612
3.3496699339867972,-0.17271946475988895
3.3506701340268052,0.13321915111181884
3.3516703340668133,-0.1822472364233204
3.3526705341068213,0.22918412155361115
3.3536707341468293,0.25101058725948877
3.3546709341868373,-0.13662880482290615
3.3556711342268453,-0.1644178420177207
3.3566713342668533,0.8694194478935048
3.3576715343068613,0.6881054395900986
3.3586717343468693,-0.712259376440529
3.3596719343868773,0.3704487307464096
3.3606721344268853,0.23203013257478647
3.3616723344668933,-0.01589056545736719
3.3626725345069013,-0.37095882842164185
3.3636727345469093,0.38633503048211815
3.3646729345869173,-0.7174075844501296
3.3656731346269253,-0.38309073835192714
3.3666733346669333,-0.06891408385885883
3.3676735347069413,-0.059394205669394726
3.3686737347469493,0.2509577241353069
3.3696739347869573,-0.3341752662588588
3.3706741348269653,-0.24713283525474217
3.3716743348669733,-0.3617396094588832
3.3726745349069813,0.6187833891921313
3.3736747349469893,0.26757658911300186
3.3746749349869973,-0.04742972334183277
3.3756751350270053,0.0307492479727655
3.3766753350670133,-0.13166118204781332
3.3776755351070213,0.6697476243455248
3.3786757351470293,-0.050915839704117866
3.3796759351870374,0.05934798583867313
3.3806761352270454,0.23293307551449371
3.3816763352670534,-0.17444123674563808
3.3826765353070614,0.28011685759927285
3.3836767353470694,0.45590616768327596
3.3846769353870774,-0.3978730589274684
3.3856771354270854,-0.08627019087365559
3.3866773354670934,-0.005564336539305654
3.3876775355071014,0.11694333021315646
3.3886777355471094,-0.03392162963836748
3.3896779355871174,-0.4979392373824301
3.3906781356271254,-0.7756638521628383
3.3916783356671334,0.05764631470169631
3.3926785357071414,-0.305148979062637
3.3936787357471494,0.33211431981566086
3.3946789357871574,-0.10799899017694571
3.3956791358271654,-0.5127680155084797
3.3966793358671734,0.31864612090644406
3.3976795359071814,-1.1409302787668967
3.3986797359471894,0.36615917860866787
3.3996799359871974,-0.32053616959866205
3.4006801360272054,-0.2564338284457622
3.4016803360672134,0.14134112934276113
3.4026805361072214,0.92737541693852
3.4036807361472294,-0.450607679497852
3.4046809361872374,-0.5147266523352797
3.4056811362272454,0.08598958883922483
3.4066813362672534,0.13701998263751364
3.4076815363072614,-0.19152908954744485
3.4086817363472695,0.9848410501407036
3.4096819363872775,0.7223991443539757
3.4106821364272855,0.03518291227763683
3.4116823364672935,-0.3833947366707481
3.4126825365073015,-0.27958219185305233
3.4136827365473095,0.9470577958399051
3.4146829365873175,0.3890496375613371
3.4156831366273255,0.5192054558862368
3.4166833366673335,-0.6241854617648056
3.4176835367073415,0.15547234390127287
3.4186837367473495,0.484128654998787
3.4196839367873575,0.22876120890147406
3.4206841368273655,-0.12162481353665183
3.4216843368673735,0.2569469607180849
3.4226845369073815,-0.7414926748198382
3.4236847369473895,-0.20008040503738833
3.4246849369873975,-0.30399513546824236
3.4256851370274055,-0.6073981420618776
3.4266853370674135,0.7785458666610151
3.4276855371074215,-0.2012680488779888
3.4286857371474295,0.5514211852998977
3.4296859371874375,-0.9677878735517547
3.4306861372274455,0.01485942387287524
3.4316863372674535,0.33885508124861646
3.4326865373074615,0.22387336647538547
3.4336867373474695,-0.17649422465635944
3.4346869373874775,-0.284196452101129
3.4356871374274855,-0.5301908717956961
3.4366873374674936,-0.3477379030933824
3.4376875375075016,0.07173896084626956
3.4386877375475096,0.36557165662088487
3.4396879375875176,0.003467107406504382
3.4406881376275256,-0.8554537645094152
3.4416883376675336,-0.09671778998164964
3.4426885377075416,-0.8921400818287375
3.4436887377475496,0.1950272901488901
3.4446889377875576,0.41841694555910497
3.4456891378275656,0.8738301413764556
3.4466893378675736,-0.5294228796682485
3.4476895379075816,-0.4664872855342088
3.4486897379475896,-0.42126506736693664
3.4496899379875976,0.25224881107435726
3.4506901380276056,0.26287756442295546
3.4516903380676136,-1.2979137043615487
3.4526905381076216,-0.8313990472609761
3.4536907381476296,-0.2381888561083832
3.4546909381876376,-0.07959556867265798
3.4556911382276456,-0.11124523650089213
3.4566913382676536,0.508093095850929
3.4576915383076616,-0.4371107350662193
3.4586917383476696,0.527257568971508
3.4596919383876776,0.6272201369993644
3.4606921384276856,0.14109745942682309
3.4616923384676936,0.5659198581679562
3.4626925385077016,1.2738065115928492
3.4636927385477096,-1.0322021500288054
3.4646929385877177,0.4903972955634614
3.4656931386277257,0.598823246801943
3.4666933386677337,0.7096917045336136
3.4676935387077417,0.0618000041990039
3.4686937387477497,0.35763945313399886
3.4696939387877577,0.11210435329057722
3.4706941388277657,-0.706804241670921
3.4716943388677737,0.10488207007163604
3.4726945389077817,0.18790544595707556
3.4736947389477897,-0.1295973871298154
3.4746949389877977,1.3803983800060928
3.4756951390278057,0.9268277283704149
3.4766953390678137,0.5785490066068967
3.4776955391078217,0.6228603350067768
3.4786957391478297,-0.31999547032956144
3.4796959391878377,0.13229093243559803
3.4806961392278457,-0.5555000526606287
3.4816963392678537,1.1820964349809657
3.4826965393078617,-0.5142033374327286
3.4836967393478697,-0.5013131115349996
3.4846969393878777,-0.4231439290855392
3.4856971394278857,0.2803502047222437
3.4866973394678937,-0.2207436326579206
3.4876975395079017,-0.6836381158654853
3.4886977395479097,0.2974094380408224
3.4896979395879177,-0.06432141007774728
3.4906981396279257,0.4272042573066776
3.4916983396679337,-0.35158657404543286
3.4926985397079418,-0.2576672696966471
3.4936987397479498,-0.602623941545064
3.4946989397879578,0.45887448183133334
3.4956991398279658,0.7950998855110528
3.4966993398679738,-0.5580876154718775
3.4976995399079818,0.4060903451645273
3.4986997399479898,-0.9910803271585471
3.4996999399879978,0.49731458448705185
3.500700140028006,0.23112190438487992
3.501700340068014,-0.5756607351706834
3.502700540108022,0.7090168077320433
3.50370074014803,1.0205004143900287
3.504700940188038,-0.08127001661232147
3.505701140228046,0.7016967920395379
3.506701340268054,-0.21642070311857567
3.507701540308062,0.37580625102804605
3.50870174034807,0.515276802468488
3.509701940388078,-0.42355988597991506
3.510702140428086,-0.36918888062383354
3.511702340468094,-0.2864148084041684
3.512702540508102,-0.08927794220291636
3.51370274054811,-0.49649921128808355
3.514702940588118,0.2148575650002411
3.515703140628126,-0.9628807400523369
3.516703340668134,0.030457719507870386
3.517703540708142,1.0498244913057329
3.51870374074815,1.3306492105662222
3.519703940788158,0.005858910125317033
3.520704140828166,-0.49275736127718994
3.521704340868174,0.2908931305908293
3.522704540908182,-0.656779015695179
3.52370474094819,0.5111475224835922
3.524704940988198,0.0976927789686782
3.525705141028206,-0.2751071767441146
3.526705341068214,0.3051785862808488
3.527705541108222,0.8450240001720296
3.5287057411482294,0.11567773826262917
3.5297059411882374,-0.14265792370314043
3.5307061412282454,0.4528033251065584
3.5317063412682534,0.13666431852476654
3.5327065413082614,0.5729650549568961
3.5337067413482695,-0.10211902931271964
3.5347069413882775,0.9486304110813216
3.5357071414282855,-0.3948019220390208
3.5367073414682935,-0.7903280193930365
3.5377075415083015,0.18013348198158294
3.5387077415483095,-0.17586220909547057
3.5397079415883175,0.5117464380736398
3.5407081416283255,1.0273937560482136
3.5417083416683335,0.12200620767525597
3.5427085417083415,0.3243358465894386
3.5437087417483495,-0.11071325399731562
3.5447089417883575,-0.03871332972024154
3.5457091418283655,-0.3087185364729427
3.5467093418683735,-0.5103931489053569
3.5477095419083815,0.8251262556686998
3.5487097419483895,0.663780029362711
3.5497099419883975,0.13160857104808696
3.5507101420284055,0.302902940382698
3.5517103420684135,-0.26082185756839243
3.5527105421084215,-0.19408853820275102
3.5537107421484295,0.1042912059065231
3.5547109421884375,0.6012272165251643
3.5557111422284455,0.0031844836911134656
3.5567113422684535,0.34368793465067027
3.5577115423084615,0.4193694969714948
3.5587117423484695,-0.40942584725180275
3.5597119423884775,0.6825881378398795
3.5607121424284855,0.4058559508639951
3.5617123424684936,-0.28476892623845185
3.5627125425085016,-0.6037054468967924
3.5637127425485096,0.17892782590356993
3.5647129425885176,0.3075527506513848
3.5657131426285256,0.07879914863500201
3.5667133426685336,-0.06789326204493454
3.5677135427085416,-0.5757539470463944
3.5687137427485496,-0.1404214516464654
3.5697139427885576,0.18213651675762796
3.5707141428285656,-0.3449681531576613
3.5717143428685736,-0.5130968611676552
3.5727145429085816,-0.7166975750724557
3.5737147429485896,-0.6694181779106751
3.5747149429885976,0.33524625394941754
3.5757151430286056,-0.6069815589794695
3.5767153430686136,-0.3012204648408305
3.5777155431086216,-0.7061139503512056
3.5787157431486296,0.30504143601771516
3.5797159431886376,-0.3149223781687756
3.5807161432286456,-0.27680588861891103
3.5817163432686536,0.646857808984962
3.5827165433086616,-0.9263579092308385
3.5837167433486696,-0.11848035562603128
3.5847169433886776,0.2127972733265202
3.5857171434286856,0.08066600976044043
3.5867173434686936,-0.981551553652005
3.5877175435087016,-0.3853259365809282
3.5887177435487096,0.5828150118674741
3.5897179435887177,-0.08552621515063745
3.5907181436287257,-0.08345606865905464
3.5917183436687337,-0.37131626501400533
3.5927185437087417,0.6142677866331756
3.5937187437487497,0.6259715666512161
3.5947189437887577,0.11332960988957685
3.5957191438287657,0.09109506610827872
3.5967193438687737,-0.36005594457004775
3.5977195439087817,0.8217010638435474
3.5987197439487897,0.19547852350767328
3.5997199439887977,-0.29406790320852433
3.6007201440288057,0.8391534398912056
3.6017203440688137,-1.7038383962275132
3.6027205441088217,-0.2778201291754998
3.6037207441488297,-0.3298742957683532
3.6047209441888377,-0.4488066578649499
3.6057211442288457,-0.07880947638283917
3.6067213442688537,0.34446378604790673
3.6077215443088617,0.022333966644448547
3.6087217443488697,0.9308140245976646
3.6097219443888777,0.006758289171443956
3.6107221444288857,0.2508608177672244
3.6117223444688937,-0.06289187930823098
3.6127225445089017,-0.8217923181658161
3.6137227445489097,-0.2713407745945251
3.6147229445889177,0.08903199437473382
3.6157231446289257,-0.383987565078308
3.6167233446689337,-0.09915135573475262
3.6177235447089418,1.1470631382961793
3.6187237447489498,-0.14482483943609709
3.6197239447889578,0.19506929247099833
3.6207241448289658,-0.10252279250772528
3.6217243448689738,0.5651404668037904
3.6227245449089818,0.14706890444396753
3.6237247449489898,-0.9206616980018514
3.6247249449889978,0.2462034397950426
3.625725145029006,-0.13089329724530102
3.626725345069014,0.5613172508520156
3.627725545109022,-0.5326465556860979
3.62872574514903,-0.7166908643823994
3.629725945189038,-0.2161394797778331
3.630726145229046,-0.4801957324628668
3.631726345269054,0.06874275894431994
3.632726545309062,-0.16588038526679083
3.63372674534907,-0.17166789482609635
3.634726945389078,0.14497016448301864
3.635727145429086,0.3101023809360928
3.636727345469094,0.41694267826975556
3.637727545509102,0.10118888443755669
3.63872774554911,-0.21054647025583495
3.639727945589118,0.05729717109760357
3.640728145629126,-0.17475399660500024
3.641728345669134,-0.2398367955600627
3.642728545709142,0.7249330497099408
3.64372874574915,-0.22477723676783004
3.644728945789158,0.12355285331470324
3.645729145829166,0.39434621281467064
3.646729345869174,1.2007766961162323
3.647729545909182,-0.22474652792178057
3.64872974594919,-0.3876653923894561
3.649729945989198,-0.1100911641806911
3.650730146029206,-0.4909741339141388
3.651730346069214,-0.10687808715604259
3.652730546109222,0.4349875405450062
3.65373074614923,-0.26001628436546675
3.654730946189238,0.48490826493559214
3.655731146229246,-0.0371584499813063
3.656731346269254,0.08115685521197284
3.657731546309262,0.5829402420556368
3.65873174634927,-0.2620906605307184
3.659731946389278,-0.013875690676104103
3.660732146429286,0.3240056392569906
3.661732346469294,-0.5918816197227849
3.662732546509302,0.36219512913081736
3.66373274654931,-0.36329485561172786
3.664732946589318,0.6895898536786614
3.665733146629326,-0.18507312858737848
3.666733346669334,-0.0012006274607264296
3.667733546709342,-0.7032589010003115
3.66873374674935,0.21073002550326062
3.669733946789358,-0.1526154784880426
3.670734146829366,-0.011055719237531595
3.671734346869374,-0.2744231105313288
3.672734546909382,0.284665780736157
3.67373474694939,-0.6442001472671816
3.674734946989398,-0.15852712323659604
3.675735147029406,0.09122341893134381
3.676735347069414,-0.08846541626051822
3.677735547109422,0.7523808723672372
3.67873574714943,-0.35404409299828293
3.679735947189438,0.10753485691609314
3.680736147229446,0.009372351655823691
3.681736347269454,-0.31692704297805685
3.682736547309462,0.030126307823618626
3.68373674734947,0.9321750543989913
3.684736947389478,-0.07029617408601672
3.685737147429486,0.030045123064416875
3.686737347469494,0.2855530186991708
3.687737547509502,0.2167049512698428
3.68873774754951,0.31612905649937767
3.689737947589518,0.5738565813320712
3.690738147629526,-0.1863331977112931
3.691738347669534,-0.45801622718812585
3.692738547709542,0.04648257856440196
3.69373874774955,0.03912943306868813
3.694738947789558,-1.0581475371504574
3.695739147829566,0.15808830945671817
3.696739347869574,-0.22648286165317877
3.697739547909582,0.2626291747470665
3.69873974794959,0.3699047187131926
3.699739947989598,0.5803979713998997
3.700740148029606,-0.09007700273191717
3.701740348069614,-0.20112995381075116
3.702740548109622,0.26161008335526814
3.70374074814963,0.4666326609229528
3.704740948189638,-0.5997576639112989
3.705741148229646,-0.5621285461421293
3.706741348269654,-0.37873580728141015
3.707741548309662,-0.3903115723940197
3.70874174834967,0.052473006127705266
3.709741948389678,-0.24986597962388268
3.710742148429686,-0.018727804988748983
3.711742348469694,0.3472484058853492
3.712742548509702,0.6748484398485092
3.71374274854971,-0.16544173974399037
3.714742948589718,-0.2463203345442927
3.715743148629726,0.5930332398522109
3.716743348669734,-0.4109322289097474
3.717743548709742,-0.1179659335566234
3.71874374874975,0.317723963909198
3.719743948789758,0.23684447632765923
3.720744148829766,-0.05094145997773135
3.721744348869774,-0.0048271194957910935
3.722744548909782,0.20897308158660194
3.72374474894979,0.2811447177427498
3.724744948989798,0.1259978441893069
3.725745149029806,0.19552855835255842
3.726745349069814,-0.01691161380015917
3.727745549109822,0.05352099746270311
3.72874574914983,-0.4460564049125007
3.729745949189838,-0.11296408202799438
3.730746149229846,0.5688229839328667
3.731746349269854,-0.5085280112121969
3.732746549309862,0.06951963798326721
3.73374674934987,0.1529037563234642
3.734746949389878,-0.24834950642579662
3.735747149429886,-0.25626756809132595
3.736747349469894,0.309033612802184
3.737747549509902,-0.18502920010770393
3.73874774954991,0.19363012425295817
3.739747949589918,0.1934215048493386
3.740748149629926,-0.14517743893867419
3.741748349669934,-0.327438191742145
3.742748549709942,0.10572071799395782
3.74374874974995,-0.19188896643692457
3.744748949789958,-0.27566379036787375
3.745749149829966,-0.1317887478524356
3.746749349869974,-0.20084577434833928
3.747749549909982,0.03668120872661233
3.74874974994999,-0.004663348422398765
3.749749949989998,-0.35582604541993523
3.7507501500300062,-0.3176699787492808
3.7517503500700142,0.29394230866197985
3.7527505501100222,0.11995167207472475
3.7537507501500302,0.4327362900872518
3.7547509501900382,-0.0737340971350345
3.755751150230046,-0.05511560615051456
3.756751350270054,0.3775455405487437
3.757751550310062,-0.14920243635937644
3.75875175035007,-0.2158806646477129
3.759751950390078,0.20703836674459283
3.760752150430086,0.059118218293317044
3.761752350470094,0.3898933142067651
3.762752550510102,-0.12794736429716577
3.76375275055011,0.057442143625740454
3.764752950590118,0.14208220081521014
3.765753150630126,0.018728410657726464
3.766753350670134,0.0750823900386866
3.767753550710142,-0.6012623084895692
3.76875375075015,0.14739697347148692
3.769753950790158,0.025443154642271353
3.770754150830166,-0.184041376503909
3.771754350870174,-0.12452232976479113
3.772754550910182,0.2198542428874657
3.77375475095019,0.349805248738914
3.774754950990198,0.12435564758723051
3.775755151030206,-0.05724972607961892
3.776755351070214,0.18200554300334687
3.777755551110222,-0.10269685377792685
3.77875575115023,0.0839009612933561
3.779755951190238,-0.17818402516808987
3.780756151230246,-0.2974046612320067
3.781756351270254,0.2061471366568584
3.782756551310262,0.09586450690845326
3.78375675135027,0.165059132062589
3.784756951390278,0.029028021587219958
3.785757151430286,0.3701891434912062
3.786757351470294,-0.03811820713353675
3.787757551510302,-0.0426988066826017
3.78875775155031,0.140149295192134
3.789757951590318,-0.01662588592405201
3.790758151630326,0.02023233072022324
3.791758351670334,0.10561674730166162
3.792758551710342,-0.2915951429870373
3.79375875175035,-0.07154652183546788
3.794758951790358,0.2782267233508057
3.795759151830366,0.02399456763922429
3.796759351870374,-0.01642321196529189
3.797759551910382,0.029271927547487267
3.79875975195039,0.08216405029582174
3.799759951990398,-0.0913925400210824
3.800760152030406,0.24580133756591765
3.801760352070414,-0.17107275983606676
3.802760552110422,-0.12957682281778218
3.80376075215043,-0.060017213577917096
3.804760952190438,-0.1847078556839871
3.805761152230446,0.19279597732343826
3.806761352270454,0.20820586655642034
3.807761552310462,0.1260180321742764
3.80876175235047,-0.12275805096032581
3.809761952390478,0.14925927817129714
3.810762152430486,-0.2536261026918449
3.811762352470494,-0.04190526825627107
3.812762552510502,0.05316659856106765
3.81376275255051,0.02095227409197142
3.814762952590518,0.0852792022279097
3.815763152630526,0.125502848933146
3.816763352670534,-0.010823657234337602
3.817763552710542,-0.15550614341308938
3.81876375275055,0.11402383723741562
3.819763952790558,-0.07030813088504452
3.820764152830566,-0.15964469342440438
3.821764352870574,0.10958782651313559
3.822764552910582,0.07009027169056221
3.82376475295059,-0.09749113239653603
3.824764952990598,-0.038613171912088615
3.825765153030606,-0.21490315323591908
3.826765353070614,0.004979406280367333
3.827765553110622,-0.05880123518930411
3.82876575315063,-0.30715344718146126
3.829765953190638,0.0566643116936736
3.830766153230646,-0.05730109233803597
3.831766353270654,0.2105592852924543
3.832766553310662,-0.03762727708585211
3.83376675335067,0.06280832258393403
3.834766953390678,0.07268786963751146
3.835767153430686,0.024626062106466336
3.836767353470694,-0.0719188620767948
3.837767553510702,0.2868518840161942
3.83876775355071,-0.05431644744429645
3.839767953590718,-0.06464959409161099
3.840768153630726,-0.006281720176119213
3.841768353670734,-0.22939465618940572
3.842768553710742,-0.04518446278096045
3.84376875375075,-0.10336775961300758
3.844768953790758,0.2050950744057964
3.845769153830766,0.04704326699429272
3.846769353870774,0.08524257591969206
3.847769553910782,-0.21815160290866895
3.84876975395079,0.016818968164057594
3.849769953990798,0.09014530413831086
3.850770154030806,0.02406186239194169
3.851770354070814,0.004320336130024063
3.852770554110822,-0.07685375763322627
3.85377075415083,-0.10737878465435201
3.854770954190838,-0.08242351152385484
3.855771154230846,-0.023851492831635523
3.856771354270854,0.10477247775803296
3.857771554310862,0.08865824600052823
3.85877175435087,0.03101812902780684
3.859771954390878,-0.17059909208654736
3.860772154430886,-0.04946270644730316
3.861772354470894,-0.08081257583073746
3.862772554510902,-0.007962578885123745
3.86377275455091,-0.10430149711058789
3.864772954590918,-0.038134363273161095
3.865773154630926,-0.03301745919916298
3.866773354670934,-0.2187078525085079
3.867773554710942,-0.07385258344580234
3.86877375475095,-0.07996602451533562
3.869773954790958,-0.08977170353350099
3.870774154830966,0.03588627149753832
3.871774354870974,-0.12148107866721755
3.872774554910982,0.0621913468770851
3.87377475495099,-0.05659879934051041
3.874774954990998,0.031227621895979968
3.8757751550310062,-0.05840030187318525
3.8767753550710142,-0.10348601227186818
3.8777755551110222,-0.06311105219854558
3.8787757551510302,0.014306355513090369
3.8797759551910382,-0.01593984033786501
3.8807761552310462,0.012013651518824709
3.8817763552710542,0.03658587952954311
3.8827765553110622,-0.010419686874864862
3.8837767553510703,-0.10730840254470563
3.8847769553910783,0.10930829966548522
3.8857771554310863,0.161980247393918
3.8867773554710943,0.07866438331202276
3.8877775555111023,0.024215564666809505
3.8887777555511103,0.027046161293540517
3.8897779555911183,0.06737460394459424
3.8907781556311263,-0.11984261538996609
3.8917783556711343,0.041652329462108124
3.8927785557111423,0.04283625469494499
3.8937787557511503,-0.04675622681931174
3.8947789557911583,-0.05485162924740993
3.8957791558311663,0.022371748416186926
3.8967793558711743,0.11131259355387856
3.8977795559111823,-0.060568687855255314
3.8987797559511903,0.014329237668285599
3.8997799559911983,0.03350217248900623
3.9007801560312063,-0.025732852646485456
3.9017803560712143,-0.007146446178506219
3.9027805561112223,-0.010246794542668672
3.9037807561512303,-0.03486419754638628
3.9047809561912383,0.08159123150104518
3.9057811562312463,-0.015083109579061607
3.9067813562712543,-0.010726392637458173
3.9077815563112623,0.019688792417781563
3.9087817563512703,-0.060803795271894265
3.9097819563912783,0.025397745849002732
3.9107821564312863,0.028799581625321778
3.9117823564712944,0.05812148837830509
3.9127825565113024,-0.015975216473219863
3.9137827565513104,0.011560149748264966
3.9147829565913184,0.0156458576709924
3.9157831566313264,0.010016587515316993
3.9167833566713344,0.056313769390762075
3.9177835567113424,0.02631709843276557
3.9187837567513504,0.013211342739233124
3.9197839567913584,0.07168004773437807
3.9207841568313664,-0.02655240581815375
3.9217843568713744,-0.007744300107172407
3.9227845569113824,0.02316002573763448
3.9237847569513904,0.0671136949349362
3.9247849569913984,0.0035281757486997052
3.9257851570314064,-0.0025798330170962716
3.9267853570714144,-0.0093832918026158
3.9277855571114224,0.042541152662638214
3.9287857571514304,0.016415514037031925
3.9297859571914384,-0.033097360402336504
3.9307861572314464,0.017201554337552723
3.9317863572714544,0.00849299111987521
3.9327865573114624,-0.051298324716372565
3.9337867573514704,0.012803766498939875
3.9347869573914784,0.02609475084472118
3.9357871574314864,-0.029812011144001394
3.9367873574714944,0.011103615304375612
3.9377875575115024,0.004155091564196179
3.9387877575515104,0.04849857392249103
3.9397879575915185,-0.01042886093513416
3.9407881576315265,-0.024714469970388276
3.9417883576715345,0.000329880128458049
3.9427885577115425,0.037900541281164185
3.9437887577515505,0.015669779137069507
3.9447889577915585,0.001027372887404576
3.9457891578315665,0.02141203043254872
3.9467893578715745,-0.01520975578664768
3.9477895579115825,0.0021025345567055246
3.9487897579515905,0.030476002306402548
3.9497899579915985,0.008498977595015675
3.9507901580316065,0.0038009432951401885
3.9517903580716145,0.023485632102055735
3.9527905581116225,-0.0028234537115440234
3.9537907581516305,-0.007947704295746963
3.9547909581916385,0.012340060318480612
3.9557911582316465,-0.005057578569467544
3.9567913582716545,0.01888667879285175
3.9577915583116625,0.0004749216895172708
3.9587917583516705,0.013578519064130518
3.9597919583916785,0.005575102174301324
3.9607921584316865,-0.0036607819075664795
3.9617923584716945,-0.002225586240861909
3.9627925585117025,-0.013671880787039698
3.9637927585517105,-0.006713889816965729
3.9647929585917185,0.008648065463455645
3.9657931586317265,0.0006813267027738688
3.9667933586717345,-0.00036709256323495565
3.9677935587117426,0.0009136819960868595
3.9687937587517506,0.0005728971335482722
3.9697939587917586,-0.003576287555759476
3.9707941588317666,0.003968717688492234
3.9717943588717746,-0.005503370700851004
3.9727945589117826,0.0005413426517585766
3.9737947589517906,-0.0006342957542373443
3.9747949589917986,-0.002862249733210632
3.9757951590318066,-0.002580925371505554
3.9767953590718146,-0.00019104515864022735
3.9777955591118226,-0.0038327016010670225
3.9787957591518306,-0.0005101581622473267
3.9797959591918386,-0.0002548239628412539
3.9807961592318466,0.0021396879110561276
3.9817963592718546,-0.0006769044211335951
3.9827965593118626,0.00023292771631523696
3.98379675935187,-0.0005930633794589201
3.984796959391878,0.000917742691489123
3.985797159431886,0.0015362537861754828
3.986797359471894,0.0017624613466327565
3.987797559511902,6.426404564657099e-05
3.98879775955191,-1.4827121265825275e-05
3.989797959591918,-0.0013310198638528527
3.990798159631926,-0.0007650839556903369
3.991798359671934,4.4684357315621184e-05
3.992798559711942,-7.911005600480739e-05
3.99379875975195,-0.00025422955781992374
3.994798959791958,-0.00014130548685563202
3.995799159831966,-4.9425950832794575e-05
3.996799359871974,1.6758824955559367e-05
3.997799559911982,-1.3311727702950753e-05
3.99879975995199,-1.1223707453130663e-05
3.999799959991998,-2.6803918333754003e-08
4.000800160032006,-5.508541683856606e-07
4.001800360072014,1.1807241676274617e-05
4.002800560112022,-1.876475350807134e-05
4.00380076015203,-2.2254271730371505e-05
4.004800960192038,8.36299901807152e-06
4.005801160232046,-4.853857202501965e-06
4.006801360272054,0.00026325715954365496
4.007801560312062,0.000150028364174587
4.00880176035207,0.0001058955030830014
4.009801960392078,0.00018576528317451954
4.010802160432086,-0.0010913235569701685
4.011802360472094,-0.0002465077304196914
4.012802560512102,0.0005339981941228504
4.01380276055211,-0.0007154598159535682
4.014802960592118,-0.00044427582180067574
4.015803160632126,-0.0011505493481024172
4.016803360672134,0.00111339743035858
4.017803560712142,0.0009842336069086504
4.01880376075215,0.0015609716060644794
4.019803960792158,-0.0012888825444212664
4.020804160832166,-0.0007356744201379526
4.021804360872174,0.00015540668293782673
4.022804560912182,-0.00154783264075614
4.02380476095219,0.0019885712602337445
4.024804960992198,-0.005911922233566059
4.025805161032206,-0.004706825088770147
4.026805361072214,0.001934732239268475
4.027805561112222,-0.0015718225631788465
4.02880576115223,-0.005446995208795013
4.029805961192238,0.0022438663322249053
4.030806161232246,-0.00022341635403553496
4.031806361272254,0.0018889789445000703
4.032806561312262,0.002463472048025627
4.03380676135227,-0.00041477441292563793
4.034806961392278,0.001985908540217421
4.035807161432286,-0.0014737553657096828
4.036807361472294,0.005966632752322904
4.037807561512302,0.001241632446387682
4.03880776155231,-0.01081842290039135
4.039807961592318,-0.018427907931426568
4.040808161632326,0.00193243134585366
4.041808361672334,-0.000442128400148871
4.042808561712342,0.01450029283291696
4.04380876175235,0.007823232879393226
4.044808961792358,-0.01089178096853388
4.045809161832366,-0.004725754277116605
4.046809361872374,-0.0016540467432570236
4.047809561912382,-0.010208524379731243
4.04880976195239,0.003205783650714862
4.049809961992398,0.015099557336191219
4.050810162032406,-0.006130126359446721
4.051810362072414,0.008965352689992056
4.052810562112422,0.013418329529878169
4.05381076215243,0.0002766580277158606
4.054810962192438,0.009645193994675812
4.055811162232446,-0.025087602989845307
4.056811362272454,-0.010366906783901507
4.057811562312462,0.006624178409004731
4.05881176235247,-0.026712245060150217
4.059811962392478,0.001740413788057331
4.060812162432486,-0.00705210704444748
4.061812362472494,-0.012465595564513984
4.0628125625125024,-0.055681782303327515
4.0638127625525104,0.008314097868625603
4.0648129625925185,-0.013298512591567885
4.0658131626325265,-0.042243291120262455
4.0668133626725345,-0.011424562147670408
4.0678135627125425,0.007395681464320206
4.0688137627525505,0.009504071996287573
4.0698139627925585,-0.031692229316554445
4.0708141628325665,0.005302415931000675
4.0718143628725745,0.011460186649749675
4.0728145629125825,-0.007270342792647155
4.0738147629525905,-0.013464223057527477
4.0748149629925985,-0.054891021539551915
4.0758151630326065,-0.0009112675455830377
4.0768153630726145,0.006267741341846667
4.0778155631126225,-0.02403457273387156
4.0788157631526305,-0.025648983830134836
4.0798159631926385,0.03354969090040109
4.0808161632326465,-0.036647489373328464
4.0818163632726545,-0.0012132840114067978
4.0828165633126625,0.0207620443689972
4.0838167633526705,-0.021973055929790545
4.0848169633926785,0.0003293991318369452
4.0858171634326865,0.039170835029322455
4.0868173634726945,-0.017675659196475853
4.0878175635127025,0.007643230285616788
4.0888177635527105,-0.02848027979258556
4.0898179635927185,-0.03308497518850378
4.0908181636327265,0.0432305393226068
4.0918183636727345,-0.0038679157400974156
4.0928185637127426,0.03932566228027937
4.0938187637527506,-0.029837789858100774
4.094818963792759,0.06399711764906461
4.095819163832767,-0.06202986746396192
4.096819363872775,-0.029368367001072055
4.097819563912783,-0.005818909585961777
4.098819763952791,0.017755633675036624
4.099819963992799,-0.01703744405811144
4.100820164032807,-0.08661821878886858
4.101820364072815,-0.015813782894779155
4.102820564112823,-0.04348866376923785
4.103820764152831,0.04211223550655056
4.104820964192839,0.099887853853931
4.105821164232847,-0.05399617947527525
4.106821364272855,-0.042274404570697546
4.107821564312863,-0.06831609409750429
4.108821764352871,0.007584220318650984
4.109821964392879,0.03225619217820428
4.110822164432887,0.05681198917485958
4.111822364472895,-0.07808766040554012
4.112822564512903,-0.012868700062987156
4.113822764552911,0.10201532275416686
4.114822964592919,0.03857120641062232
4.115823164632927,-0.01669197480224432
4.116823364672935,0.018377508971337015
4.117823564712943,-0.08541044290703494
4.118823764752951,-0.13725424795976973
4.119823964792959,0.13090364630307424
4.120824164832967,0.002266556000640588
4.121824364872975,0.009503219093370778
4.122824564912983,0.0434647214938061
4.123824764952991,-0.06616076056726097
4.124824964992999,-0.11450112387857336
4.125825165033007,0.048884453791932875
4.126825365073015,-0.18088562790293553
4.127825565113023,-0.014534413360986414
4.128825765153031,-0.13746054502744418
4.129825965193039,0.10589046087662121
4.130826165233047,0.08845274384074707
4.131826365273055,-0.04803008922431377
4.132826565313063,-0.08761984534172097
4.133826765353071,-0.009117666240128408
4.134826965393079,-0.035647798000149736
4.135827165433087,-0.07387518069945277
4.136827365473095,-0.016368371435392298
4.137827565513103,-0.0846556984832078
4.138827765553111,0.04545727346195542
4.139827965593119,0.10760177444355029
4.140828165633127,0.05956050287970212
4.141828365673135,-0.03954525414005828
4.142828565713143,-0.0909317242318092
4.143828765753151,0.20387920996637873
4.144828965793159,-0.13735480068162068
4.145829165833167,0.0040290150211314485
4.146829365873175,-0.17116013307170105
4.147829565913183,0.11573496284946613
4.148829765953191,0.049498921215597694
4.149829965993199,0.002562376618654061
4.150830166033207,-0.1402320470757978
4.151830366073215,0.1141006738091629
4.152830566113223,0.08435141650429757
4.153830766153231,-0.11848494983915617
4.154830966193239,-0.06386616178782784
4.155831166233247,-0.07194471146092686
4.156831366273255,-0.07426714001603306
4.157831566313263,-0.13447960619890664
4.158831766353271,0.0057542833693893574
4.159831966393279,-0.1731511723159132
4.160832166433287,0.09441280482671216
4.161832366473295,0.0012893544249461205
4.162832566513303,0.2033088934082407
4.163832766553311,-0.12470271858516302
4.164832966593319,0.00014323271895467756
4.165833166633327,-0.136015115608189
4.166833366673335,-0.03518485162989489
4.167833566713343,0.1463990083341357
4.168833766753351,0.16557206252567214
4.169833966793359,0.027221625622630873
4.170834166833367,0.1470138234913225
4.171834366873375,0.15655975057093058
4.172834566913383,0.06532425290056415
4.173834766953391,0.2784934491306131
4.174834966993399,-0.009364594754019151
4.175835167033407,-0.0063750664278204245
4.176835367073415,-0.06828194040824927
4.177835567113423,0.0069599960886955825
4.178835767153431,0.11790777727868738
4.179835967193439,-0.16947997966368358
4.180836167233447,0.06959587484927089
4.181836367273455,0.0042649083035270685
4.182836567313463,-0.09038266362626257
4.183836767353471,0.22637629586898192
4.184836967393479,-0.006849706465987361
4.185837167433487,1.7323993137429527e-05
4.186837367473495,0.12455411118928923
4.187837567513503,0.13577564084466437
4.188837767553511,0.14714041903926625
4.189837967593519,-0.2360268443219193
4.190838167633527,-0.014152936365637053
4.191838367673535,0.1693545139604319
4.192838567713543,-0.41649965734624805
4.193838767753551,-0.24674463330935478
4.194838967793559,0.03483104445366139
4.195839167833567,-0.0007170473379695914
4.196839367873575,0.09482742595068885
4.197839567913583,-0.007509887808675731
4.198839767953591,0.16472322068945952
4.199839967993599,-0.16326029078881713
4.200840168033607,-0.12959881859011674
4.201840368073615,0.08817586900321095
4.202840568113623,0.23304698819332567
4.203840768153631,0.1930991670412258
4.204840968193639,0.2791568572507797
4.205841168233647,0.007832582057086169
4.206841368273655,-0.25338975105873907
4.207841568313663,-0.21789946540967578
4.208841768353671,0.09451224649410472
4.209841968393679,-0.17956257993602853
4.210842168433687,-0.1573842974671418
4.211842368473695,0.0993845549576496
4.212842568513703,-0.1273126501713026
4.213842768553711,0.15707173405891264
4.214842968593719,-0.1389929297547894
4.215843168633727,0.17629959943796353
4.216843368673735,0.09024121082124575
4.217843568713743,-0.08535553304593636
4.218843768753751,0.2294878080207398
4.219843968793759,-0.15620662800309854
4.220844168833767,-0.21932267143450426
4.221844368873775,-0.08573589467764987
4.222844568913783,-0.018806087134437023
4.223844768953791,0.13815151377072182
4.224844968993799,-0.6480189119360519
4.225845169033807,0.11971223487699956
4.226845369073815,-0.10041351420355714
4.227845569113823,0.005213936796283394
4.228845769153831,-0.21768668172563563
4.229845969193839,0.15974380852851208
4.230846169233847,-0.4038824856134671
4.231846369273855,0.23623834967198248
4.232846569313863,0.053957913406941234
4.233846769353871,-0.27006284603940045
4.234846969393879,0.47359760899973014
4.235847169433887,0.04953659971210046
4.236847369473895,-0.10203528125597054
4.237847569513903,0.2326620557421254
4.238847769553911,-0.11216947386887242
4.239847969593919,-0.12246363583651415
4.240848169633927,-0.08150114519231534
4.241848369673935,-0.43768034553522195
4.242848569713943,-0.15935944203952954
4.243848769753951,0.03205486290525513
4.244848969793959,0.16503315990464068
4.245849169833967,-0.09768040602805658
4.246849369873975,0.16052014050707286
4.247849569913983,-0.06561376617161949
4.248849769953991,0.47858471387604623
4.249849969993999,0.12470384984923724
4.250850170034007,-0.058986968305791206
4.251850370074015,-0.10029544423067416
4.252850570114023,0.14082656874066327
4.253850770154031,-0.1135581410255509
4.254850970194039,0.09338867571864656
4.255851170234047,-0.4366186999644983
4.256851370274055,0.320979956616766
4.257851570314063,0.16047721998956374
4.258851770354071,-0.5347762684814403
4.259851970394079,-0.08617096541702453
4.260852170434087,0.015493282381360295
4.261852370474095,0.2621948954575451
4.262852570514103,0.06406447053488931
4.263852770554111,0.369585061416397
4.264852970594119,0.21107983812177497
4.265853170634127,-0.08490406295505988
4.266853370674135,-0.2376882386831084
4.267853570714143,0.372064281931035
4.268853770754151,0.22213762696904304
4.269853970794159,-0.056995699323871815
4.270854170834167,-0.3092597819838894
4.271854370874175,-0.2495364810678977
4.272854570914183,0.273192113529022
4.273854770954191,-0.196543464235966
4.274854970994199,-0.2747080054603907
4.275855171034207,-0.2636592478294356
4.276855371074215,0.3763004564740388
4.277855571114223,-0.02886637970269631
4.278855771154231,0.2545900508023439
4.279855971194239,-0.03655449058997375
4.280856171234247,-0.04122670266223587
4.281856371274255,0.11052484176351489
4.282856571314263,-0.04005878660631015
4.283856771354271,0.6071180900112677
4.284856971394279,-0.45742441866685474
4.285857171434287,-0.2344967459901639
4.286857371474295,0.08191871993145543
4.287857571514303,-0.1615517573489477
4.288857771554311,0.30505703721253546
4.289857971594319,-0.12847439791578152
4.290858171634327,0.4536135505886084
4.291858371674335,-0.33556020539894427
4.292858571714343,-0.03661717182439991
4.293858771754351,0.11035508660401627
4.294858971794359,-0.7429094202647561
4.295859171834367,-0.36969606655517057
4.296859371874375,-0.027298996685153176
4.297859571914383,-0.2901018474448145
4.298859771954391,0.2185260961501799
4.299859971994399,0.36966632947878647
4.300860172034407,0.6992369455997869
4.301860372074415,-0.2320336012731328
4.302860572114423,-0.07920078109617779
4.303860772154431,-0.3790114205045647
4.304860972194439,-0.14506117046657627
4.305861172234447,-0.6717063490007245
4.306861372274455,-0.30546316467735996
4.307861572314463,-0.5908435461168341
4.308861772354471,-0.07358384363699598
4.309861972394479,-0.2686970469301864
4.310862172434487,0.28701435912143913
4.311862372474495,-0.4114109347596704
4.312862572514503,0.5949743819788407
4.313862772554511,0.12476434820071107
4.314862972594519,-0.7975704265949614
4.315863172634527,-0.12845667724217724
4.316863372674535,0.1696579961077146
4.317863572714543,-0.07964994973520131
4.318863772754551,-0.5673542206698543
4.319863972794559,-0.5481947798243808
4.320864172834567,1.0067392479684971
4.321864372874575,-0.18980853320672492
4.322864572914583,0.4405225789815369
4.323864772954591,-0.5888098305897488
4.3248649729945985,-0.04268820050107376
4.3258651730346065,0.218018108646966
4.3268653730746145,0.35612046797255487
4.3278655731146225,0.24411304220096938
4.3288657731546305,-0.2594726396811508
4.3298659731946385,0.4388894225437015
4.3308661732346465,-0.08726095967368788
4.3318663732746545,-0.059313071838223604
4.3328665733146625,-0.3152566770528962
4.3338667733546705,0.13874607056166258
4.3348669733946785,0.08318646745878065
4.3358671734346865,-0.05324210853277973
4.3368673734746945,-0.47208260936966834
4.3378675735147025,-0.38349908422316575
4.3388677735547105,-0.24695718964041408
4.3398679735947185,0.37471103121289795
4.3408681736347265,-0.0983596801213838
4.3418683736747345,-0.9210802161024515
4.3428685737147426,-0.38329832956841164
4.343868773754751,-0.2558659375249707
4.344868973794759,0.6706012220655583
4.345869173834767,-0.15469768413274024
4.346869373874775,-0.6823224175829844
4.347869573914783,-0.2745563077421458
4.348869773954791,-0.14724879677458458
4.349869973994799,0.2717100116648197
4.350870174034807,-0.029671659222640614
4.351870374074815,-0.367061483763602
4.352870574114823,-0.30570714876749333
4.353870774154831,-0.15587246312446806
4.354870974194839,0.26816837938037613
4.355871174234847,0.37731754435298204
4.356871374274855,0.17124930917508138
4.357871574314863,-0.2915750268113058
4.358871774354871,0.02989684533955885
4.359871974394879,-0.3168822852319315
4.360872174434887,-0.3910591183497771
4.361872374474895,0.016615494549001294
4.362872574514903,-0.16174138339588442
4.363872774554911,0.13287371112168694
4.364872974594919,-0.4136956451860641
4.365873174634927,-0.013115247911766187
4.366873374674935,-0.5507633967802174
4.367873574714943,-0.044206577407623016
4.368873774754951,0.03786238806294352
4.369873974794959,0.2388032624602551
4.370874174834967,-0.23259073366308775
4.371874374874975,0.1131247828635259
4.372874574914983,0.057319138253020076
4.373874774954991,-0.18004201538534922
4.374874974994999,0.12267803488216746
4.375875175035007,0.3899012224109275
4.376875375075015,0.1441103416348819
4.377875575115023,1.2789677317789567
4.378875775155031,0.4459665091179759
4.379875975195039,-0.11394384435546573
4.380876175235047,0.3337522849628042
4.381876375275055,-0.1630448114798885
4.382876575315063,-0.426078166264151
4.383876775355071,-0.13565317947846753
4.384876975395079,0.09647158124777265
4.385877175435087,0.9945476253838245
4.386877375475095,-1.215010815714666
4.387877575515103,0.09962267164499819
4.388877775555111,-0.1328695919960541
4.389877975595119,0.1823596888255723
4.390878175635127,-0.7469184755218432
4.391878375675135,0.35236961160471575
4.392878575715143,0.019118374814671976
4.393878775755151,0.13832475315411397
4.394878975795159,0.06671671886534085
4.395879175835167,0.576217565378506
4.396879375875175,-0.0384839166526946
4.397879575915183,-0.6252090835453692
4.398879775955191,-0.14400006748543864
4.399879975995199,0.6403540846627414
4.400880176035207,-0.4820950721938768
4.401880376075215,-0.43264356104262397
4.402880576115223,-0.22775667065397084
4.403880776155231,0.5081836098307992
4.404880976195239,-0.31922708941356
4.405881176235247,-0.15076906406423696
4.406881376275255,0.11336717204425771
4.407881576315263,0.39698930193519133
4.408881776355271,-0.318714338589085
4.409881976395279,0.8795304611614791
4.410882176435287,0.3066665819802371
4.411882376475295,0.2162656808639056
4.412882576515303,-0.04551628942688597
4.413882776555311,0.37153829176315656
4.414882976595319,-0.3834262467913971
4.415883176635327,-0.5248019989111193
4.416883376675335,-0.6186299653378933
4.417883576715343,-0.06253739401807439
4.418883776755351,-0.5464015907873571
4.419883976795359,0.1783816081174084
4.420884176835367,-0.32640158938870634
4.421884376875375,-0.1204716918164996
4.422884576915383,0.30565909120709167
4.423884776955391,0.3216548566708153
4.424884976995399,-0.6834317618051203
4.425885177035407,0.09827306828609148
4.426885377075415,0.7608524465284455
4.427885577115423,-0.32288118844561436
4.428885777155431,0.0761388331302519
4.429885977195439,0.0910506330972269
4.430886177235447,-0.6213117858827331
4.431886377275455,-0.4380793825999563
4.432886577315463,-0.383508795666073
4.433886777355471,-0.6601617614928054
4.434886977395479,0.48546443317681215
4.435887177435487,0.08735063050662151
4.436887377475495,0.1415503692401709
4.437887577515503,0.03151507046466754
4.438887777555511,-0.5560512289683531
4.439887977595519,-0.45615131723087365
4.440888177635527,1.5579480040403908
4.441888377675535,0.04295541823424513
4.442888577715543,0.4032521434412786
4.443888777755551,-0.44234108429590324
4.444888977795559,-0.28271559028772403
4.445889177835567,0.471981136962461
4.446889377875575,0.3030781357489745
4.447889577915583,0.5905034994516811
4.448889777955591,0.6363109795525296
4.449889977995599,-0.07086903266200771
4.450890178035607,0.2825517204363472
4.451890378075615,0.6109317755094158
4.452890578115623,-0.29137266979513815
4.453890778155631,-0.07437551289093168
4.454890978195639,0.004539895724406601
4.455891178235647,-0.018292367049684937
4.456891378275655,-0.15336912212715578
4.457891578315663,-0.8786771713768875
4.458891778355671,-0.03674265231516643
4.459891978395679,0.07495940056260503
4.460892178435687,0.1463695403109431
4.461892378475695,0.37054127524360597
4.462892578515703,0.052610154558607396
4.463892778555711,-0.09768225106538395
4.464892978595719,0.009109103491338321
4.465893178635727,0.5763860090161453
4.466893378675735,-0.6808376820321979
4.467893578715743,0.6436331700299374
4.468893778755751,-0.2458867302812596
4.469893978795759,0.8110806999025569
4.470894178835767,-0.12746138547897756
4.471894378875775,-0.1504332164411449
4.472894578915783,0.7781131409190605
4.473894778955791,0.20192334472417484
4.474894978995799,0.112808542004085
4.475895179035807,0.24525562587878824
4.476895379075815,0.39156444353280634
4.477895579115823,0.08920603575328472
4.478895779155831,0.3306159944836599
4.479895979195839,0.5008829670184178
4.480896179235847,-0.24132678026050433
4.481896379275855,-0.16459297732843348
4.482896579315863,0.04985060070416184
4.483896779355871,-0.6733700182611467
4.484896979395879,0.18054803440574124
4.485897179435887,0.29037251840277445
4.486897379475895,-0.5734097850613732
4.487897579515903,-0.3296789970774348
4.488897779555911,-0.2829154812282816
4.489897979595919,0.8773040995724062
4.490898179635927,0.051677376925585154
4.491898379675935,0.7068863859546919
4.492898579715943,-1.4630316483807557
4.493898779755951,0.6006854075936242
4.494898979795959,0.10403644186238843
4.495899179835967,0.9173250467553723
4.496899379875975,-0.2980355035734145
4.497899579915983,-0.7952840325449201
4.498899779955991,0.6083412390032208
4.499899979995999,-0.435428751133244
4.500900180036007,-0.34127831765348277
4.501900380076015,1.1264302859540356
4.502900580116023,-0.3871848078063882
4.503900780156031,0.3859827798629103
4.504900980196039,-1.156299782437205
4.505901180236047,0.3356079428875639
4.506901380276055,0.6794786231215714
4.507901580316063,0.05153441811365855
4.508901780356071,-0.25596617250713694
4.509901980396079,-0.2157048846824133
4.510902180436087,-0.3696117972236539
4.511902380476095,0.2343985306835076
4.512902580516103,0.10723887525906083
4.513902780556111,-0.268116837927924
4.514902980596119,-0.24471713532450864
4.515903180636127,-0.44819487293480154
4.516903380676135,0.39506218318703307
4.517903580716143,-0.3449525346683848
4.518903780756151,0.018502500918523814
4.519903980796159,-0.5147737484003078
4.520904180836167,0.3969710255189293
4.521904380876175,-0.3831953329151174
4.522904580916183,0.4657069387772055
4.523904780956191,0.24081057708974232
4.524904980996199,-0.5019981551371562
4.525905181036207,-0.8198422578760635
4.526905381076215,-0.09737185591800435
4.527905581116223,0.2613249109386634
4.528905781156231,-0.3526287804297306
4.529905981196239,0.11903209139088959
4.530906181236247,-0.3914296807716112
4.531906381276255,-0.1311962684235216
4.532906581316263,0.705666792923101
4.533906781356271,0.47910200636034406
4.534906981396279,-0.9728340362056984
4.535907181436287,-0.6662318338562828
4.536907381476295,0.7075805724926435
4.537907581516303,-0.026550708329089078
4.538907781556311,0.009138277103256761
4.539907981596319,-0.35107949859508464
4.540908181636327,-0.4504977743471255
4.541908381676335,-0.04558992495980436
4.542908581716343,-0.2973440107451934
4.543908781756351,-0.39325604217282184
4.544908981796359,-0.09030041022954252
4.545909181836367,-0.7096233394311571
4.546909381876375,-0.15748774498865778
4.547909581916383,0.11013742055614313
4.548909781956391,0.4183451178014839
4.549909981996399,-0.18093795443155924
4.550910182036407,-0.2574335471756418
4.551910382076415,-0.4779645602440462
4.552910582116423,-0.3512534723550267
4.553910782156431,-0.305738710040829
4.554910982196439,0.5103723248906686
4.555911182236447,0.31897122026599506
4.556911382276455,0.8768977831634763
4.557911582316463,0.6060634562329711
4.558911782356471,-0.740795944797889
4.559911982396479,-0.4461045184262836
4.560912182436487,-0.5609420210506142
4.561912382476495,0.06252018826845096
4.562912582516503,-0.025147364447495504
4.563912782556511,-0.2897697057307388
4.564912982596519,-0.1566446008684384
4.565913182636527,-0.07070091495695571
4.566913382676535,0.7460144332592318
4.567913582716543,-0.18333059809745933
4.568913782756551,-0.26555398290975435
4.569913982796559,0.15946808110623262
4.570914182836567,0.20792181356730544
4.571914382876575,-0.18947023172956262
4.572914582916583,-0.07674853367395203
4.573914782956591,0.5493889236379915
4.574914982996599,0.5510952985884995
4.575915183036607,-0.19402249766949536
4.576915383076615,0.14192150332622078
4.577915583116623,0.42583455581821944
4.578915783156631,0.10595275046635988
4.579915983196639,-0.6309059538365852
4.580916183236647,-0.4122641677052321
4.581916383276655,0.0639279783830152
4.582916583316663,0.4427104000559172
4.583916783356671,-0.5145266643260368
4.584916983396679,0.5826110970284297
4.585917183436687,-0.12535565516067795
4.586917383476695,0.031388432428394925
4.587917583516703,-0.03852787784433664
4.588917783556711,0.08879603128128345
4.589917983596719,-0.040410069334331555
4.590918183636727,-0.038585556551255944
4.591918383676735,-0.4142075471124666
4.592918583716743,-0.5077112700031774
4.5939187837567514,-0.018515348068985877
4.5949189837967594,0.05316074231907261
4.5959191838367675,0.43127322003269036
4.5969193838767755,0.3747646514058048
4.5979195839167835,0.8459808367223476
4.5989197839567915,-0.6083306415879822
4.5999199839967995,-0.3239694954042496
4.6009201840368075,0.43568359267486956
4.6019203840768155,-0.3823023568452598
4.6029205841168235,0.6186327589252535
4.6039207841568315,0.4534705827062047
4.6049209841968395,0.6926762590627245
4.6059211842368475,0.3715346282737378
4.6069213842768555,0.561890205171896
4.6079215843168635,-0.3459434138440712
4.6089217843568715,-0.4710900162319997
4.6099219843968795,0.6325143826087433
4.6109221844368875,0.6513451074157469
4.6119223844768955,-0.06947282258903216
4.6129225845169035,0.6787373516331284
4.6139227845569115,0.37365801922183156
4.6149229845969195,0.7150535575325461
4.6159231846369275,-0.03743370570562467
4.6169233846769355,0.6615437012038801
4.6179235847169435,0.2352398321855682
4.6189237847569515,0.5883618701254504
4.6199239847969595,-0.09435487459004335
4.6209241848369675,0.22886057667199963
4.6219243848769755,0.27444027462857784
4.6229245849169835,-0.08122897507643158
4.6239247849569916,-0.5268326077724781
4.6249249849969996,0.36215063582328216
4.625925185037008,0.24461885963552968
4.626925385077016,0.006202740132855736
4.627925585117024,0.690217485560914
4.628925785157032,-1.3572386838785693
4.62992598519704,-0.9016375623763886
4.630926185237048,-0.015199875079757704
4.631926385277056,0.4296161444840678
4.632926585317064,0.5779879423576402
4.633926785357072,-0.6814380453683371
4.63492698539708,-0.15406832855949362
4.635927185437088,-0.9374578523536041
4.636927385477096,0.03593635023424451
4.637927585517104,-0.12183870810515429
4.638927785557112,-0.20829434768014207
4.63992798559712,0.2744281947197277
4.640928185637128,-0.10722308972932815
4.641928385677136,-0.8457868275195459
4.642928585717144,0.31573603036723613
4.643928785757152,-0.10526516615364959
4.64492898579716,0.5286211032101384
4.645929185837168,0.5877968792847672
4.646929385877176,-0.05415102841722731
4.647929585917184,-0.011521732198468628
4.648929785957192,-0.3410296845068687
4.6499299859972,0.2886817736961991
4.650930186037208,-0.4257442787609104
4.651930386077216,0.5883468849298938
4.652930586117224,0.12635958180384682
4.653930786157232,-0.21282675201040965
4.65493098619724,-0.3284368450210527
4.655931186237248,-0.18249174724868952
4.656931386277256,0.4262705523867107
4.657931586317264,0.03727797185230168
4.658931786357272,0.418829910386483
4.65993198639728,0.4600225926154728
4.660932186437288,0.1856431061780517
4.661932386477296,0.01552056498774849
4.662932586517304,-0.22586244447410936
4.663932786557312,0.03411982608894415
4.66493298659732,-0.6483789851438334
4.665933186637328,-0.017345533198222986
4.666933386677336,0.018335204815144567
4.667933586717344,-0.16849223829642795
4.668933786757352,-0.10753543754672369
4.66993398679736,-0.24895114069264332
4.670934186837368,0.09265768807515487
4.671934386877376,0.0730481005586259
4.672934586917384,0.2336643292269571
4.673934786957392,0.25342394515786293
4.6749349869974,-0.785180572763275
4.675935187037408,-0.5255764422311725
4.676935387077416,0.27628940101747823
4.677935587117424,0.18581328530511065
4.678935787157432,0.12305845041779438
4.67993598719744,-0.3039465831630197
4.680936187237448,0.17431127341549882
4.681936387277456,-0.18804356248683415
4.682936587317464,0.19500010431086484
4.683936787357472,-0.18754846403564968
4.68493698739748,0.31445084372264326
4.685937187437488,-0.5531859921510878
4.686937387477496,-0.3316989521985962
4.687937587517504,0.10108596262200442
4.688937787557512,-0.16108718249917042
4.68993798759752,-0.3707492757982571
4.690938187637528,-0.2128804455569403
4.691938387677536,0.7695033467879523
4.692938587717544,0.384311866782532
4.693938787757552,0.1986791826512828
4.69493898779756,0.36176476348389275
4.695939187837568,-0.7628386297161872
4.696939387877576,-0.5628741209372131
4.697939587917584,-0.34317824003958347
4.698939787957592,-0.3359366402382683
4.6999399879976,-0.027579205480240312
4.700940188037608,-0.3024806979436045
4.701940388077616,0.3738662142140351
4.702940588117624,-0.2689686650167592
4.703940788157632,-0.26830337097658497
4.70494098819764,0.14271083557958042
4.705941188237648,0.08999500878037746
4.706941388277656,0.30833480249158324
4.707941588317664,0.3399744990529943
4.708941788357672,0.04909258061615669
4.70994198839768,0.2655406043611482
4.710942188437688,-0.09449112477247279
4.711942388477696,0.08749964789951759
4.712942588517704,0.09457504615118759
4.713942788557712,-0.8635957646633584
4.71494298859772,0.08557242490617853
4.715943188637728,0.08014881268083718
4.716943388677736,-0.49252484572913974
4.717943588717744,0.040387226863245994
4.718943788757752,0.5512568473257247
4.71994398879776,0.4863026588000954
4.720944188837768,-0.04278616301013804
4.721944388877776,0.37712660101614986
4.722944588917784,0.3982679186558724
4.723944788957792,0.22480887253994578
4.7249449889978,-0.17819408544197313
4.725945189037808,0.1339320908126674
4.726945389077816,-0.14559917556693303
4.727945589117824,-0.04503004710989964
4.728945789157832,-0.26016091070674996
4.72994598919784,0.024075677107403527
4.730946189237848,0.4320085814581062
4.731946389277856,0.44805643994869976
4.732946589317864,0.01626318063455128
4.733946789357872,0.22586760365373879
4.73494698939788,0.3097761888340728
4.735947189437888,0.12840030143692716
4.736947389477896,0.27200840629555334
4.737947589517904,0.14974369934883244
4.738947789557912,0.19738155615905875
4.73994798959792,0.05501116686327606
4.740948189637928,0.0052955014234824585
4.741948389677936,0.39212604208907414
4.742948589717944,-0.14933116999877855
4.743948789757952,-0.4238490434639937
4.74494898979796,-0.07100926564399325
4.745949189837968,-0.40888709334362905
4.746949389877976,0.0591458439094211
4.747949589917984,-0.09887818530731192
4.748949789957992,-0.24983104812049822
4.749949989998,-0.30256621321709815
4.750950190038008,0.06328330745333967
4.751950390078016,-0.31242879358662357
4.752950590118024,-0.13585274917284035
4.753950790158032,0.2611287457276255
4.75495099019804,0.13453552825648615
4.755951190238048,-0.17223969007964973
4.756951390278056,0.09831944938208832
4.757951590318064,-0.288870613271407
4.758951790358072,-0.1208462532412258
4.75995199039808,-0.0528391449829604
4.760952190438088,-0.14297150704229264
4.761952390478096,-0.2629464787534083
4.762952590518104,0.25568630531034764
4.763952790558112,-0.25587698992466285
4.76495299059812,0.12615269601635773
4.765953190638128,0.18458475630213447
4.766953390678136,-0.03504469947987836
4.767953590718144,-0.48795339284854233
4.768953790758152,-0.0339746105324542
4.76995399079816,-0.0789738295107466
4.770954190838168,0.16067586401200934
4.771954390878176,-0.052342377608744724
4.772954590918184,-0.33773405008471685
4.773954790958192,0.04331046300065684
4.7749549909982,-0.05644309319595245
4.775955191038208,0.04192865137667922
4.776955391078216,-0.20133722888389144
4.777955591118224,-0.2198708100338637
4.778955791158232,-0.2912168666264052
4.779955991198239,-0.2558195591529802
4.780956191238247,0.1883503686557052
4.781956391278255,0.24012751233881963
4.782956591318263,0.23440302571446048
4.783956791358271,-0.3015037438744735
4.784956991398279,-0.21826124540522032
4.785957191438287,-0.40756796071198037
4.786957391478295,-0.1055566342102478
4.787957591518303,-0.0503057193516757
4.788957791558311,-0.003622433016559859
4.789957991598319,0.14020898707853152
4.790958191638327,0.09673980599092227
4.791958391678335,-0.021583785214277517
4.792958591718343,-0.09286942334300223
4.793958791758351,0.13017153378979815
4.794958991798359,0.4905327073592177
4.795959191838367,-0.05944060970729826
4.796959391878375,-0.164014649345981
4.797959591918383,0.23203322230107148
4.798959791958391,0.051998026305454415
4.799959991998399,-0.31771947881195883
4.800960192038407,0.13537492368322682
4.801960392078415,0.0970465761895771
4.802960592118423,-0.07498966471849809
4.803960792158431,0.08043168973892598
4.804960992198439,-0.20027787629311253
4.805961192238447,-0.11668938963280955
4.806961392278455,0.15095343494671334
4.807961592318463,0.046685226840051094
4.808961792358471,0.061916146900504954
4.809961992398479,-0.07188927706323256
4.810962192438487,0.007812616239041245
4.811962392478495,-0.03739971045937939
4.812962592518503,0.20189090318388217
4.813962792558511,-0.21201219323812856
4.814962992598519,0.00996220929993823
4.815963192638527,-0.13697766301068762
4.816963392678535,-0.13620766553954303
4.817963592718543,-0.1572370407152879
4.818963792758551,0.25605593624665857
4.819963992798559,-0.06219728569021651
4.820964192838567,0.26621995049661884
4.821964392878575,-0.12877427591051957
4.822964592918583,-0.04591857940667085
4.823964792958591,-0.03530106157042602
4.824964992998599,0.030220565151993253
4.825965193038607,-0.23325810371190148
4.826965393078615,0.043244599762655905
4.827965593118623,0.16310714195784726
4.828965793158631,-0.013094951310336512
4.829965993198639,-0.1971058494616955
4.830966193238647,-0.07449369713645787
4.831966393278655,0.04162507834782484
4.832966593318663,0.1568697732974667
4.833966793358671,0.06557813351974255
4.834966993398679,-0.0933701107060146
4.835967193438687,-0.08281770092444232
4.836967393478695,-0.12825105405873022
4.837967593518703,-0.23306724143849905
4.838967793558711,-0.05555524095858641
4.839967993598719,-0.07287408749804924
4.840968193638727,0.04811683182606969
4.841968393678735,-0.13123117168355058
4.842968593718743,0.06886079420997802
4.8439687937587514,0.04834753824237846
4.8449689937987594,-0.09715899236841599
4.8459691938387675,0.06904823770474108
4.8469693938787755,0.07264744701219639
4.8479695939187835,0.006838200242469743
4.8489697939587915,0.03817993513735832
4.8499699939987995,0.035024429110759335
4.8509701940388075,-0.13798006389879597
4.8519703940788155,0.10723767614484522
4.8529705941188235,-0.030695394042503998
4.8539707941588315,-0.08103689373068565
4.8549709941988395,-0.12866634644455738
4.8559711942388475,-0.05085730105520129
4.8569713942788555,-0.1370821184713158
4.8579715943188635,-0.06426901946264417
4.8589717943588715,0.07049985004016983
4.8599719943988795,0.09808383536052208
4.8609721944388875,0.08737127540429376
4.8619723944788955,0.09254225156355773
4.8629725945189035,-0.010431788552403778
4.8639727945589115,-0.005426166968013469
4.8649729945989195,-0.013255305725575758
4.8659731946389275,-0.041524529409478594
4.8669733946789355,-0.08483409269314325
4.8679735947189435,0.01472258393031827
4.8689737947589515,-0.14637513953001244
4.8699739947989595,-0.002055540920190598
4.8709741948389675,-0.056995973367398485
4.8719743948789755,0.011838577527537697
4.8729745949189835,0.006385910373158059
4.8739747949589916,-0.08182768835775012
4.8749749949989996,0.08674993691562892
4.875975195039008,-0.0509191440548349
4.876975395079016,-0.016776749288247364
4.877975595119024,0.11294447597552128
4.878975795159032,0.002924541226323528
4.87997599519904,-0.044261330805320284
4.880976195239048,-0.1471225077594081
4.881976395279056,-0.13024909823819275
4.882976595319064,-0.08489119134004539
4.883976795359072,0.03031584999868662
4.88497699539908,-0.09952026202151107
4.885977195439088,-0.01738795720797532
4.886977395479096,-0.04531126265629728
4.887977595519104,0.048288407934006294
4.888977795559112,0.00046213200312974654
4.88997799559912,-0.03949482945229715
4.890978195639128,-0.0656978071478689
4.891978395679136,-0.07646812584515662
4.892978595719144,0.07373906495648087
4.893978795759152,0.05584197927411463
4.89497899579916,-0.08334441742198638
4.895979195839168,0.04751568561903868
4.896979395879176,-0.024761860704819474
4.897979595919184,0.029797093702810053
4.898979795959192,0.010150522048645787
4.8999799959992,-0.10302164692779926
4.900980196039208,0.014096027758019972
4.901980396079216,0.05243124213224287
4.902980596119224,0.009526059896473163
4.903980796159232,0.016647744571551337
4.90498099619924,0.08471835820180554
4.905981196239248,0.08460232353579872
4.906981396279256,0.07452632240655155
4.907981596319264,-0.13178913251309504
4.908981796359272,0.034707569856599736
4.90998199639928,0.02030931022263148
4.910982196439288,0.047705364737532195
4.911982396479296,0.0012614476131594511
4.912982596519304,0.0009784888328341302
4.913982796559312,-0.006014937340136523
4.91498299659932,0.020697233651196755
4.915983196639328,0.017589566483268666
4.916983396679336,-0.02550247983873855
4.917983596719344,-0.006000770558188738
4.918983796759352,0.020006494672930378
4.91998399679936,0.0163272522078085
4.920984196839368,-0.014700620461666796
4.921984396879376,-0.02509515404129652
4.922984596919384,0.030245251861556983
4.923984796959392,0.035783931423859605
4.9249849969994,-0.013351854073742897
4.925985197039408,0.0322956823652183
4.926985397079416,0.006791531924171955
4.927985597119424,0.018015823721689535
4.928985797159432,0.0070379979636172535
4.92998599719944,-0.02114639549988543
4.930986197239448,0.0010824448977160997
4.931986397279456,0.005348883725867346
4.932986597319464,0.004587005885350367
4.933986797359472,-0.021697491537568305
4.93498699739948,-0.00407642458072261
4.935987197439488,-0.024999232408382966
4.936987397479496,0.019202409085062214
4.937987597519504,0.029773575560794612
4.938987797559512,-0.00366407055243064
4.93998799759952,-0.01029201126721543
4.940988197639528,0.009945855692330776
4.941988397679536,-0.0008168022061679878
4.942988597719544,0.006022800408057882
4.943988797759552,-0.015051236730921312
4.94498899779956,-0.01807827059055829
4.945989197839568,0.01713641189576984
4.946989397879576,0.007546927208828508
4.947989597919584,-0.0006667479184596656
4.948989797959592,-0.004615542675360033
4.9499899979996,-0.0005123827287459455
4.950990198039608,0.00489810768665622
4.951990398079616,0.00446850197442844
4.952990598119624,0.009809232429276404
4.953990798159632,-0.006592201079933559
4.95499099819964,0.004143368127766264
4.955991198239648,-0.010762355384211745
4.956991398279656,0.01904583088267872
4.957991598319664,-0.02282600828634316
4.958991798359672,0.0024094097273278325
4.95999199839968,0.007743902001011795
4.960992198439688,0.002495363963764646
4.961992398479696,0.008842666879391446
4.962992598519704,-0.00024857259357921233
4.963992798559712,0.0021359305767299323
4.96499299859972,-0.005080674583381129
4.965993198639728,0.0025958634010140153
4.966993398679736,-0.0036841325072658228
4.967993598719744,-0.006619313688172577
4.968993798759752,0.004272419842853125
4.96999399879976,-0.0025947875569599247
4.970994198839768,-0.0014344524109331871
4.971994398879776,-0.009712078898817754
4.972994598919784,0.0024386752713057057
4.973994798959792,-0.003680185398107666
4.9749949989998,0.0019463519868176927
4.975995199039808,0.0014607934385251363
4.976995399079816,-0.0037880541364548334
4.977995599119824,0.003461595749435945
4.978995799159832,-1.9850398802206253e-05
4.97999599919984,0.0005356337996495645
4.980996199239848,0.002510496990768457
4.981996399279856,0.00034113297550529456
4.982996599319864,-0.001510726715612788
4.983996799359872,-0.0016890218936251801
4.98499699939988,-2.2578934624945087e-05
4.985997199439888,-0.0013331380121098383
4.986997399479896,-0.0012665033920021109
4.987997599519904,-4.564636533080692e-05
4.988997799559912,0.00033458940402968947
4.98999799959992,-4.970104651621223e-05
4.990998199639928,-0.00023395843679529428
4.991998399679936,0.00020875811513717586
4.992998599719944,-0.00038642286500722734
4.993998799759952,-0.00031501130345129347
4.99499899979996,0.00011761700061462082
4.995999199839968,-1.611847407618915e-05
4.996999399879976,0.00010751408582986111
4.997999599919984,-9.644126102759768e-06
4.998999799959992,-9.816861588728817e-07
5.0,-1.2277833280741685e-31
