Time (s),ECG Lead I (mV)
0.0,-0.04965563305839585
0.0010002000400080016,0.04235171074135355
0.002000400080016003,0.04325236372486173
0.0030006001200240046,0.15078697127235122
0.004000800160032006,0.05415442594266519
0.005001000200040008,-0.16808237364215112
0.006001200240048009,0.0805737418248109
0.007001400280056011,0.07807083495901876
0.008001600320064013,0.005285846018001403
0.009001800360072015,0.1163135077047416
0.010002000400080016,0.012115575930367058
0.011002200440088018,-0.01980374000828098
0.012002400480096018,0.21816294670375075
0.01300260052010402,0.24185814598353117
0.014002800560112022,0.036948850390190933
0.015003000600120024,-0.05503175877083691
0.016003200640128026,0.13239042487809827
0.017003400680136026,-0.15456739665576663
0.01800360072014403,0.018112391676017005
0.01900380076015203,0.08456340637084835
0.020004000800160033,-0.01502745804859247
0.021004200840168033,0.23194367401425658
0.022004400880176037,0.08100290973247755
0.023004600920184037,0.1953138482813277
0.024004800960192037,0.38564285593558134
0.02500500100020004,0.01875384042301778
0.02600520104020804,0.10712822494072086
0.027005401080216044,0.1980338863796412
0.028005601120224044,0.3960763640596672
0.029005801160232048,0.020945593857936998
0.030006001200240048,0.07961061287010074
0.03100620124024805,0.17289643113839578
0.03200640128025605,0.1385791278304432
0.033006601320264055,0.2057611829523158
0.03400680136027205,0.05006559108631252
0.035007001400280055,0.28491970787924814
0.03600720144028806,0.11766135332705822
0.03700740148029606,0.1952964728601732
0.03800760152030406,-0.2588593847030055
0.03900780156031206,-0.16900764818084157
0.040008001600320066,0.17624248995169922
0.04100820164032806,0.09144700753442611
0.042008401680336066,0.3208766865385413
0.04300860172034407,0.07142254662148116
0.04400880176035207,-0.10066409389449474
0.04500900180036007,0.048107297838906535
0.04600920184036807,0.13196475860781495
0.04700940188037608,-0.35475006376695983
0.048009601920384073,0.2575689524983441
0.04900980196039208,0.2497513715853968
0.05001000200040008,0.009673907791834968
0.051010202040408084,-0.0237012378788444
0.05201040208041608,0.25147921854823385
0.053010602120424084,-0.020970412149017126
0.05401080216043209,-0.004118979186209015
0.05501100220044009,0.35171382358472947
0.05601120224044809,0.09624436397134258
0.05701140228045609,0.1351071317566085
0.058011602320464095,0.48806173121013996
0.05901180236047209,0.33596022896435274
0.060012002400480095,0.2735938852475002
0.0610122024404881,0.025181686538015835
0.0620124024804961,0.49883237247373585
0.0630126025205041,0.18004756263964963
0.0640128025605121,0.17083742546050473
0.0650130026005201,0.2282289472178458
0.06601320264052811,0.258012876490183
0.06701340268053611,0.39896237993633976
0.0680136027205441,0.11892795318717941
0.0690138027605521,0.4500675036515164
0.07001400280056011,0.15897634634748697
0.07101420284056811,0.08621315441678185
0.07201440288057612,0.2788111511623308
0.07301460292058412,0.2801920527746538
0.07401480296059212,0.34019364130662344
0.07501500300060011,-0.048042408307423956
0.07601520304060812,0.2611374853777011
0.07701540308061612,0.04004019112915305
0.07801560312062412,0.33842904303529797
0.07901580316063213,0.16643230165886475
0.08001600320064013,0.23994110209945374
0.08101620324064814,0.12265155926791424
0.08201640328065612,0.006669699785786354
0.08301660332066413,0.36849053372849566
0.08401680336067213,-0.05833621133074118
0.08501700340068014,0.33233047983525743
0.08601720344068814,0.2572794395683145
0.08701740348069614,0.30473921817507715
0.08801760352070415,0.4738591679953261
0.08901780356071214,0.33221669167222745
0.09001800360072014,0.41200407494242247
0.09101820364072814,0.26755702982105256
0.09201840368073615,0.4089650998397808
0.09301860372074415,0.34404679199075927
0.09401880376075215,0.2482843021431811
0.09501900380076016,0.4365458053516098
0.09601920384076815,0.25560340716967667
0.09701940388077615,0.5581760822928163
0.09801960392078415,0.5762461959536964
0.09901980396079216,0.25431509802551855
0.10002000400080016,0.3748865206379207
0.10102020404080816,0.36181618991454184
0.10202040408081617,0.3756849323371773
0.10302060412082417,0.1866783242867601
0.10402080416083216,0.561264190522047
0.10502100420084017,0.6176831953493753
0.10602120424084817,0.5092688520710651
0.10702140428085617,0.6758667629981585
0.10802160432086418,0.472239165545396
0.10902180436087218,0.5631779036168051
0.11002200440088018,0.6555793939726801
0.11102220444088817,0.5029393252172984
0.11202240448089618,0.6133511990381788
0.11302260452090418,0.5584375471907422
0.11402280456091218,0.495291939431981
0.11502300460092019,0.5656840277891119
0.11602320464092819,0.5534969833819003
0.1170234046809362,0.7874706483171989
0.11802360472094418,0.52202444822476
0.11902380476095219,0.64311164495262
0.12002400480096019,0.3292135199595252
0.1210242048409682,0.5498351668371759
0.1220244048809762,0.7175586250461065
0.1230246049209842,0.655132289171922
0.1240248049609922,0.5240836899490284
0.1250250050010002,0.3285954537582862
0.1260252050410082,0.6942375217375338
0.1270254050810162,0.8832488769421029
0.1280256051210242,0.8997958682341709
0.1290258051610322,0.3980449773511893
0.1300260052010402,0.7842699150952477
0.13102620524104822,0.6038265331420124
0.13202640528105622,0.6469613713544472
0.13302660532106422,0.6549839639621152
0.13402680536107223,0.6674157815635151
0.13502700540108023,0.7999188062219145
0.1360272054410882,1.0144035659975708
0.1370274054810962,0.7088287647109892
0.1380276055211042,0.9702299133925872
0.13902780556111222,0.88747013468137
0.14002800560112022,1.0150418425593297
0.14102820564112822,0.9240530629205755
0.14202840568113623,1.0100971909417096
0.14302860572114423,0.7555178535235257
0.14402880576115223,1.0378480661495306
0.14502900580116024,1.3400271527650676
0.14602920584116824,0.8178968234335631
0.14702940588117624,1.0992643631789343
0.14802960592118425,0.6946149301212278
0.14902980596119225,0.9740675032806678
0.15003000600120023,0.9249271592317702
0.15103020604120823,1.1580585792865217
0.15203040608121624,1.296214139163875
0.15303060612122424,1.1373941199747168
0.15403080616123224,1.3779307577954798
0.15503100620124025,0.9832406904813764
0.15603120624124825,1.2591986145874383
0.15703140628125625,1.2454992915045042
0.15803160632126426,1.3162009273631867
0.15903180636127226,0.9523488851370256
0.16003200640128026,1.39733616984681
0.16103220644128827,1.6350155894428666
0.16203240648129627,1.4901220289985895
0.16303260652130427,1.5736132845664095
0.16403280656131225,1.7217777746894793
0.16503300660132025,1.351800166736691
0.16603320664132826,1.431729598672042
0.16703340668133626,1.5567945153379161
0.16803360672134426,1.7800996171750967
0.16903380676135227,1.5318795971012682
0.17003400680136027,1.7569111276122198
0.17103420684136827,2.2315284336118113
0.17203440688137628,1.4117093256171505
0.17303460692138428,1.9616345119269334
0.17403480696139229,1.6690119620229646
0.1750350070014003,1.8537262485897452
0.1760352070414083,1.9130738411706796
0.1770354070814163,1.9434567041675013
0.17803560712142427,1.8041457586899166
0.17903580716143228,1.981569246046385
0.18003600720144028,1.9108461505453351
0.18103620724144828,1.817925796018892
0.1820364072814563,2.0627394037686773
0.1830366073214643,2.2983559076510542
0.1840368073614723,1.9765355478816948
0.1850370074014803,1.7070059401648578
0.1860372074414883,1.9814520892286343
0.1870374074814963,2.1513435447860574
0.1880376075215043,2.0082330714696726
0.1890378075615123,2.0137183643981875
0.19003800760152031,2.0609953827117002
0.19103820764152832,2.2483932736829493
0.1920384076815363,2.187536097206247
0.1930386077215443,2.309130256782414
0.1940388077615523,2.335156539828623
0.1950390078015603,2.105812779559211
0.1960392078415683,2.3233874908229453
0.1970394078815763,2.1820270978073033
0.19803960792158432,2.298064747149332
0.19903980796159232,2.2925531350573554
0.20004000800160032,2.3020588648384117
0.20104020804160833,2.2312310578612293
0.20204040808161633,2.0835489824215934
0.20304060812162433,2.7600127249263173
0.20404080816163234,2.27870167597468
0.20504100820164034,2.5187281773174286
0.20604120824164834,2.060688272549904
0.20704140828165632,2.597640348983001
0.20804160832166432,2.2756515378957984
0.20904180836167233,2.2363317434635714
0.21004200840168033,2.1256104342246207
0.21104220844168833,2.418647958321265
0.21204240848169634,2.124553645885687
0.21304260852170434,2.4088758545264746
0.21404280856171234,2.2387662882137644
0.21504300860172035,2.24953811615453
0.21604320864172835,2.0981610996634315
0.21704340868173636,2.2346228815448756
0.21804360872174436,2.3393851275185917
0.21904380876175236,2.1258312961374175
0.22004400880176037,2.13073316140119
0.22104420884176834,2.1442184991084714
0.22204440888177635,2.1153612597992146
0.22304460892178435,2.213689626467285
0.22404480896179235,2.264913948266376
0.22504500900180036,1.998684961825137
0.22604520904180836,2.0350447161037386
0.22704540908181636,2.22589998755539
0.22804560912182437,1.9859489493967677
0.22904580916183237,1.915459951846501
0.23004600920184037,2.0244815095373085
0.23104620924184838,1.8193973879911411
0.23204640928185638,1.965497063549804
0.23304660932186438,2.0255398558409303
0.2340468093618724,1.939163277217482
0.23504700940188036,1.983603162861493
0.23604720944188837,2.058619797470489
0.23704740948189637,1.935967787066051
0.23804760952190437,1.6733013739805294
0.23904780956191238,2.107973833560481
0.24004800960192038,1.8910270351499117
0.24104820964192838,1.761136542052877
0.2420484096819364,1.6986020195673261
0.2430486097219444,1.6854505802706927
0.2440488097619524,1.470874478762422
0.2450490098019604,2.0192388113127
0.2460492098419684,1.5005953905742724
0.2470494098819764,1.3585446832283874
0.2480496099219844,1.7500404918137247
0.24904980996199239,1.6265431495772713
0.2500500100020004,1.2109656503345776
0.2510502100420084,1.5200739137070325
0.2520504100820164,1.5376414532600817
0.2530506101220244,1.683195703733856
0.2540508101620324,1.292639118814985
0.2550510102020404,1.2504397598844084
0.2560512102420484,1.1230138361785977
0.2570514102820564,1.2088583363424747
0.2580516103220644,1.4882872041008022
0.2590518103620724,1.3877490294803196
0.2600520104020804,1.5642628618918355
0.26105221044208843,0.9735296807587128
0.26205241048209643,1.3429540955774961
0.26305261052210444,1.1151057425075606
0.26405281056211244,1.0051240789056641
0.26505301060212044,1.163097265890205
0.26605321064212845,1.1997907743600698
0.26705341068213645,1.2410026219367594
0.26805361072214445,1.0627256222463362
0.26905381076215246,1.229851655811007
0.27005401080216046,1.080154421629161
0.2710542108421684,0.9755446371350724
0.2720544108821764,1.1432917499662292
0.2730546109221844,1.016141171488693
0.2740548109621924,0.9170739711651139
0.2750550110022004,1.0236657967797553
0.2760552110422084,0.8641048903090094
0.27705541108221643,0.9054293292118745
0.27805561112222443,0.9544253017815557
0.27905581116223244,0.9048707338741323
0.28005601120224044,0.9317588854837555
0.28105621124224844,0.9218405866419724
0.28205641128225645,0.8811226424625072
0.28305661132226445,0.7756068766499729
0.28405681136227245,0.8575224728502049
0.28505701140228046,0.6743194990779243
0.28605721144228846,0.6456919139745753
0.28705741148229647,0.5390101784541931
0.28805761152230447,0.5988491134345277
0.28905781156231247,0.6534982151627844
0.2900580116023205,0.4644311861243557
0.2910582116423285,0.32216196615677706
0.2920584116823365,0.6606968363103923
0.2930586117223445,0.815678623836144
0.2940588117623525,0.4366371128274469
0.2950590118023605,0.3212282977142999
0.2960592118423685,0.6014524826786144
0.2970594118823765,0.44844944643141815
0.2980596119223845,0.6724425293513001
0.29905981196239245,0.37755896557915275
0.30006001200240046,0.43664653197869496
0.30106021204240846,0.5723077518833095
0.30206041208241646,0.2321554047108612
0.30306061212242447,0.6154114618360772
0.30406081216243247,0.4036062263436651
0.3050610122024405,0.6848014591777469
0.3060612122424485,0.5626141246432647
0.3070614122824565,0.16927461543669242
0.3080616123224645,0.6267699858833454
0.3090618123624725,0.21518957596836788
0.3100620124024805,0.31372986172899275
0.3110622124424885,-0.031278203541547256
0.3120624124824965,0.5524373748886087
0.3130626125225045,0.6352959062648302
0.3140628125625125,0.4897112460464947
0.3150630126025205,0.3088513946169587
0.3160632126425285,0.441321530327727
0.3170634126825365,0.3776261896599154
0.3180636127225445,0.4946989326032806
0.3190638127625525,0.6253571511438948
0.3200640128025605,0.4839593364382354
0.32106421284256853,0.5400150712305194
0.32206441288257653,0.3491432533462306
0.32306461292258454,0.3852238968661083
0.32406481296259254,0.5347358308076184
0.32506501300260054,-0.06757441617114451
0.32606521304260855,0.4091101046625248
0.32706541308261655,0.3619724779273695
0.3280656131226245,0.2765471559704806
0.3290658131626325,0.32612071116483027
0.3300660132026405,0.2901995916820011
0.3310662132426485,0.5136341678150018
0.3320664132826565,0.34160896244567895
0.3330666133226645,0.3042396771246499
0.3340668133626725,0.3464243142950224
0.3350670134026805,0.24477515389582585
0.33606721344268853,0.4196708319772358
0.33706741348269653,0.260105939899291
0.33806761352270454,0.4814563757623148
0.33906781356271254,0.23427697640003897
0.34006801360272054,0.17253688226159974
0.34106821364272855,0.13222032670099687
0.34206841368273655,0.3764406273706864
0.34306861372274455,-0.04650365036392812
0.34406881376275256,0.5133130909365474
0.34506901380276056,0.2293055642633851
0.34606921384276856,0.3244654964762095
0.34706941388277657,0.2538182697865402
0.34806961392278457,0.3916382616173617
0.3490698139627926,0.1734773933800316
0.3500700140028006,0.3386709476391158
0.3510702140428086,0.4656827824172205
0.3520704140828166,0.3722688220201511
0.3530706141228246,0.37469733648758374
0.3540708141628326,0.18214809372175797
0.3550710142028406,0.0793984609009086
0.35607121424284854,0.40454508402445827
0.35707141428285655,0.43556479153782657
0.35807161432286455,0.060586073972270976
0.35907181436287255,0.09530890398734136
0.36007201440288056,0.3594248774276556
0.36107221444288856,0.07944958914015186
0.36207241448289657,0.3610546469682722
0.36307261452290457,0.13612922176534903
0.3640728145629126,0.29066939475862763
0.3650730146029206,0.14261460445514587
0.3660732146429286,-0.06168812575741253
0.3670734146829366,0.2833365982655543
0.3680736147229446,-0.02662050701557586
0.3690738147629526,0.13720931698544153
0.3700740148029606,0.09142505436875112
0.3710742148429686,0.18770608208654158
0.3720744148829766,0.5853161058669059
0.3730746149229846,0.39467590208511816
0.3740748149629926,0.1594480231200942
0.3750750150030006,0.19156306122184139
0.3760752150430086,-0.12350845876420113
0.3770754150830166,0.2495388805911864
0.3780756151230246,0.22593567542976145
0.3790758151630326,0.10069344239525495
0.38007601520304063,-0.12162192463163857
0.38107621524304863,-0.008910670050615938
0.38207641528305664,0.038416697240694284
0.38307661532306464,-0.05483202983994814
0.3840768153630726,0.15997565783706735
0.3850770154030806,0.13181289231265986
0.3860772154430886,0.09522984412798534
0.3870774154830966,0.27587720881315675
0.3880776155231046,0.06166438069008709
0.3890778155631126,0.025524319010621216
0.3900780156031206,0.23858348276962565
0.3910782156431286,0.06592786868164402
0.3920784156831366,0.042103638653643714
0.3930786157231446,0.20508248288496223
0.3940788157631526,0.22246301778023786
0.3950790158031606,0.192168591708874
0.39607921584316863,-0.015720306226803343
0.39707941588317663,0.23162927145094403
0.39807961592318464,0.07698151934869853
0.39907981596319264,0.030768903887907317
0.40008001600320064,-0.013178959867309256
0.40108021604320865,0.28116251032736606
0.40208041608321665,0.04279645241569416
0.40308061612322466,0.0730919772372389
0.40408081616323266,-0.06243524826104985
0.40508101620324066,0.04579010201533911
0.40608121624324867,-0.09431778106247404
0.40708141628325667,0.0661017431333242
0.4080816163232647,0.13523769676450867
0.4090818163632727,-0.0793927863344505
0.4100820164032807,-0.02389423084582903
0.4110822164432887,-0.15918234411665427
0.4120824164832967,-0.19830317154645177
0.41308261652330464,-0.13532255097811893
0.41408281656331264,-0.05824195919208166
0.41508301660332064,-0.1039950148060147
0.41608321664332865,-0.14926496124449337
0.41708341668333665,-0.09622446904813942
0.41808361672334465,0.05189381284995935
0.41908381676335266,-0.20003540191750327
0.42008401680336066,0.03564974964143106
0.42108421684336866,-0.03545815786569809
0.42208441688337667,-0.053709864891897996
0.42308461692338467,0.1027951968794777
0.4240848169633927,-0.309560528604991
0.4250850170034007,-0.14394544918511284
0.4260852170434087,-0.15195040704931068
0.4270854170834167,0.04557429269238974
0.4280856171234247,-0.15040698694025184
0.4290858171634327,-0.09149025352894202
0.4300860172034407,-0.10454374896127636
0.4310862172434487,-0.22103937569499535
0.4320864172834567,-0.34026404957506023
0.4330866173234647,-0.05787654156226041
0.4340868173634727,-0.09034485032415174
0.4350870174034807,-0.13458599805643712
0.4360872174434887,-0.1481818298946761
0.4370874174834967,-0.16863798020344475
0.4380876175235047,-0.19154306172823013
0.43908781756351273,0.04953846977823177
0.44008801760352073,0.051667962586563546
0.4410882176435287,0.03722158760665642
0.4420884176835367,-0.20182004527507783
0.4430886177235447,0.013028254354174942
0.4440888177635527,-0.20113084753171237
0.4450890178035607,-0.26493465988099896
0.4460892178435687,-0.0912107708932969
0.4470894178835767,0.1490003733359259
0.4480896179235847,0.08942369164567118
0.4490898179635927,-0.13710682633867852
0.4500900180036007,-0.2432955705289393
0.4510902180436087,-0.24809120159027478
0.4520904180836167,-0.008356114782290314
0.4530906181236247,-0.5053332980562774
0.4540908181636327,-0.11253384944744398
0.45509101820364073,-0.10443795485825236
0.45609121824364873,-0.15870909725541016
0.45709141828365674,0.008033482463318226
0.45809161832366474,-0.11951440584902284
0.45909181836367274,-0.12125140592009856
0.46009201840368075,0.003360341367540487
0.46109221844368875,-0.06554734041659799
0.46209241848369675,-0.04805586744447063
0.46309261852370476,-0.21456345568776525
0.46409281856371276,-0.39548118256122167
0.46509301860372076,-0.15715796035502616
0.46609321864372877,-0.09487616531999823
0.46709341868373677,-0.1968294505460702
0.4680936187237448,-0.016370376955819443
0.4690938187637528,-0.18883568280688162
0.4700940188037607,-0.008337045693602524
0.47109421884376873,-0.4406880726427259
0.47209441888377673,-0.2535783781587794
0.47309461892378474,0.020950429804357962
0.47409481896379274,-0.17132302767275304
0.47509501900380074,-0.14432525567731505
0.47609521904380875,-0.31932864491179325
0.47709541908381675,-0.0702192150781043
0.47809561912382476,-0.4573466841180518
0.47909581916383276,-0.3956238311970513
0.48009601920384076,-0.2640997590050408
0.48109621924384877,-0.1612856026602889
0.48209641928385677,-0.33229771414339415
0.4830966193238648,-0.3314869555375861
0.4840968193638728,-0.1972419197035641
0.4850970194038808,-0.33333664936270463
0.4860972194438888,-0.1304620685582632
0.4870974194838968,-0.4355290735802232
0.4880976195239048,-0.2629432740803878
0.4890978195639128,-0.0682831094801768
0.4900980196039208,-0.21440914859836008
0.4910982196439288,-0.4066566873335471
0.4920984196839368,-0.28357222597354703
0.4930986197239448,-0.4580965188934215
0.4940988197639528,-0.45860306187873867
0.4950990198039608,-0.3828652210645199
0.4960992198439688,-0.5381099585074618
0.4970994198839768,-0.5551625599456651
0.49809961992398477,-0.5104157234751097
0.4990998199639928,-0.4895397381473987
0.5001000200040008,-0.4058488668517212
0.5011002200440088,-0.2671722711723941
0.5021004200840168,-0.6148077146578912
0.5031006201240248,-0.19391813065536684
0.5041008201640328,-0.5211687008751522
0.5051010202040408,-0.4702955291958625
0.5061012202440488,0.0823162812981087
0.5071014202840568,-0.09096483968793276
0.5081016203240648,-0.28828976408259205
0.5091018203640728,-0.4138888144340044
0.5101020204040808,-0.278500121304185
0.5111022204440888,-0.2398153133657451
0.5121024204840968,-0.3678617443076526
0.5131026205241048,-0.4734946709064745
0.5141028205641128,-0.03811397753368184
0.5151030206041208,-0.1597993886472886
0.5161032206441288,-0.1763127185120626
0.5171034206841368,-0.595258960722772
0.5181036207241448,-0.24386942424937488
0.5191038207641528,-0.43209142025633585
0.5201040208041608,-0.3087967725678809
0.5211042208441689,-0.17172764208823096
0.5221044208841769,-0.2812357718353886
0.5231046209241849,-0.5842226952779841
0.5241048209641929,-0.015138615608518091
0.5251050210042009,-0.2435106428776449
0.5261052210442089,-0.5747555028922231
0.5271054210842169,-0.19819002986997053
0.5281056211242249,-0.2761572604815533
0.5291058211642329,-0.5047232362339229
0.5301060212042409,-0.37674145372195045
0.5311062212442489,-0.322152904976886
0.5321064212842569,-0.315268864790926
0.5331066213242649,-0.34453559112091536
0.5341068213642729,-0.4539289437581414
0.5351070214042809,-0.46156583456711564
0.5361072214442889,-0.12179331811077299
0.5371074214842969,-0.1806978826979912
0.5381076215243049,0.16066973892461248
0.5391078215643129,-0.289565658751132
0.5401080216043209,-0.5114395988337852
0.5411082216443288,-0.20491912263748246
0.5421084216843368,-0.3016154349362009
0.5431086217243448,-0.30587443541953885
0.5441088217643528,-0.3286508889436228
0.5451090218043608,-0.3020573896101831
0.5461092218443688,-0.040948259489422614
0.5471094218843768,-0.1067428677806134
0.5481096219243848,0.003443136165143454
0.5491098219643928,0.008171963416415767
0.5501100220044008,-0.16400517532566067
0.5511102220444088,-0.2967527864854752
0.5521104220844169,0.1650508179463247
0.5531106221244249,-0.048355546541713146
0.5541108221644329,0.07671963332784962
0.5551110222044409,0.06605857198691491
0.5561112222444489,-0.043497632776784464
0.5571114222844569,0.31144802513771075
0.5581116223244649,0.011707848719940028
0.5591118223644729,-0.015513499224294264
0.5601120224044809,0.0645033636612196
0.5611122224444889,0.11672759295915179
0.5621124224844969,0.15419203783197016
0.5631126225245049,0.1493634061034269
0.5641128225645129,0.237639053791319
0.5651130226045209,0.11991011029830113
0.5661132226445289,0.1510820908138798
0.5671134226845369,0.2840854891356007
0.5681136227245449,0.30169746744901577
0.5691138227645529,0.11606894333942816
0.5701140228045609,0.1993813939313766
0.5711142228445689,0.4449876594465777
0.5721144228845769,0.42456348878390276
0.5731146229245849,0.27068849719075777
0.5741148229645929,0.512232994645168
0.5751150230046009,0.2097405308462077
0.5761152230446089,0.4199406815056272
0.5771154230846169,0.49008135333472125
0.5781156231246249,0.7451630868474861
0.579115823164633,0.5051756818240927
0.580116023204641,0.3341415203967827
0.581116223244649,0.34907778095499375
0.582116423284657,0.3952592672908152
0.583116623324665,0.644991010878594
0.584116823364673,0.7229485311943236
0.585117023404681,0.684496491885389
0.586117223444689,0.6323402277730988
0.587117423484697,0.8745828907059524
0.588117623524705,0.940220651436086
0.589117823564713,0.6518063258916205
0.590118023604721,0.6642433368638512
0.591118223644729,0.813790113433997
0.592118423684737,0.8806687771721744
0.593118623724745,0.7733390624750284
0.594118823764753,0.8784322022994729
0.595119023804761,0.9290533743091384
0.596119223844769,1.1297396958735164
0.597119423884777,0.935407305354067
0.5981196239247849,1.0966548640742193
0.5991198239647929,0.805343915452971
0.6001200240048009,1.2040303551740086
0.6011202240448089,0.9751844953567733
0.6021204240848169,1.0874412620352079
0.6031206241248249,1.1759923342699543
0.6041208241648329,0.9283339898802956
0.6051210242048409,1.0799366797303662
0.6061212242448489,1.0801224262980444
0.6071214242848569,1.24225865739905
0.6081216243248649,1.1734612540564877
0.6091218243648729,1.2793928207405492
0.610122024404881,1.1484729641280764
0.611122224444889,1.329180612068872
0.612122424484897,1.1890453504234892
0.613122624524905,1.1368204331830194
0.614122824564913,1.2932817372173635
0.615123024604921,1.1825810337647333
0.616123224644929,1.2205304587829555
0.617123424684937,0.9587885895211903
0.618123624724945,1.3140255378216936
0.619123824764953,1.328291313494471
0.620124024804961,1.3588568681371498
0.621124224844969,1.1499661469677194
0.622124424884977,1.3256188905842505
0.623124624924985,1.4366802675100447
0.624124824964993,1.4446702442147812
0.625125025005001,1.4802310097239268
0.626125225045009,1.3760482176414999
0.627125425085017,1.320264490050613
0.628125625125025,1.1787889540128786
0.629125825165033,1.0375388697085342
0.630126025205041,1.4324038952920395
0.631126225245049,1.2420290478528835
0.632126425285057,1.4081547304517283
0.633126625325065,1.486797975828214
0.634126825365073,1.1470914104981644
0.635127025405081,1.3161985537089234
0.636127225445089,1.5063672344293526
0.637127425485097,1.2853112556637778
0.638127625525105,1.0376531750644173
0.639127825565113,1.1780271115993697
0.640128025605121,1.2198821677675888
0.6411282256451291,1.1232602466387385
0.6421284256851371,1.4529973263461677
0.6431286257251451,1.1706157454184034
0.6441288257651531,0.9830465252664436
0.6451290258051611,1.4180688116906617
0.6461292258451691,0.7673129780219043
0.6471294258851771,1.1833289852007407
0.6481296259251851,0.7498759447713315
0.6491298259651931,0.9082999102299429
0.6501300260052011,0.835835841543366
0.6511302260452091,1.079896452770619
0.6521304260852171,1.2231328060100894
0.6531306261252251,0.7382938760969084
0.6541308261652331,0.7964759739774603
0.655131026205241,0.9049652507621064
0.656131226245249,0.8781302254919079
0.657131426285257,0.8131600776955418
0.658131626325265,0.7953412261959283
0.659131826365273,0.8334701285827524
0.660132026405281,0.8266646766189141
0.661132226445289,0.8795324170725598
0.662132426485297,0.7474113553257345
0.663132626525305,0.5468832625887428
0.664132826565313,0.5604703608344098
0.665133026605321,0.6380199538892543
0.666133226645329,0.8218214362602875
0.667133426685337,0.7264344935242348
0.668133626725345,0.4301594914875955
0.669133826765353,0.5507705592901803
0.670134026805361,0.6158188116054906
0.671134226845369,0.34546082611934126
0.6721344268853771,0.7094562048783725
0.6731346269253851,0.33765798879245684
0.6741348269653931,0.4576809697982599
0.6751350270054011,0.28216571286089936
0.6761352270454091,0.35357751227109385
0.6771354270854171,0.16693880193932
0.6781356271254251,0.45313778869413107
0.6791358271654331,0.17138519732018004
0.6801360272054411,0.07674270634833194
0.6811362272454491,0.2559334918722587
0.6821364272854571,0.23948137663830774
0.6831366273254651,0.31749106034199803
0.6841368273654731,0.2338567020071665
0.6851370274054811,0.3708612123703692
0.6861372274454891,0.04570920788536274
0.6871374274854971,0.18413562353976654
0.6881376275255051,0.054037770105359886
0.6891378275655131,-0.10429341026335825
0.6901380276055211,-0.06548934444807658
0.6911382276455291,0.17594662395072536
0.6921384276855371,0.18499626667210234
0.6931386277255451,0.04319702315622717
0.6941388277655531,-0.1062947390262167
0.6951390278055611,-0.12207202089135656
0.6961392278455691,-0.11877497426781115
0.6971394278855771,-0.10024980693729271
0.6981396279255851,-0.2832878869587414
0.6991398279655932,0.0552894211376144
0.7001400280056012,0.08916506515026343
0.7011402280456092,-0.0037094289363277105
0.7021404280856172,0.0611459892097371
0.7031406281256252,-0.17417225326558167
0.7041408281656332,0.007376802393714937
0.7051410282056412,-0.29344959770698326
0.7061412282456492,-0.04938241782407006
0.7071414282856572,-0.09659599930308678
0.7081416283256652,-0.3129520751860002
0.7091418283656732,-0.2708318639001497
0.7101420284056812,0.17045409288147986
0.7111422284456892,-0.1815800205209971
0.7121424284856971,-0.29667738121296755
0.7131426285257051,-0.3118389936807894
0.7141428285657131,0.06528735461995697
0.7151430286057211,-0.4227168826165516
0.7161432286457291,-0.16857846127295822
0.7171434286857371,-0.037758193886205244
0.7181436287257451,-0.3338920730923948
0.7191438287657531,-0.022235021540553512
0.7201440288057611,-0.3120872225949851
0.7211442288457691,-0.09168671975677012
0.7221444288857771,-0.463797403448292
0.7231446289257851,-0.32288717616729157
0.7241448289657931,-0.17991555091724823
0.7251450290058011,-0.14406466065435597
0.7261452290458091,-0.26558251228104657
0.7271454290858171,-0.02429516260175313
0.7281456291258251,-0.40632218531134867
0.7291458291658331,-0.44643112391423856
0.7301460292058412,-0.32383671709784867
0.7311462292458492,-0.5601907724685101
0.7321464292858572,-0.4251599035710857
0.7331466293258652,-0.33670169380660186
0.7341468293658732,-0.5355073519176545
0.7351470294058812,-0.7094207011579432
0.7361472294458892,-0.6687070925032133
0.7371474294858972,-0.4035016057532773
0.7381476295259052,-0.398075900159834
0.7391478295659132,-0.2715272009589424
0.7401480296059212,-0.16837959852469936
0.7411482296459292,-0.08165008966995638
0.7421484296859372,-0.3313804489780845
0.7431486297259452,-0.39823635437985416
0.7441488297659532,-0.11969491594337045
0.7451490298059612,-0.56620515628914
0.7461492298459692,-0.26518712218129775
0.7471494298859772,-0.3074888426701518
0.7481496299259852,-0.4193005753040657
0.7491498299659932,-0.22545203212832443
0.7501500300060012,-0.14439020275654854
0.7511502300460092,-0.23131631771717226
0.7521504300860172,-0.5076459327383949
0.7531506301260252,-0.13174973574577276
0.7541508301660332,-0.3568201835590944
0.7551510302060412,-0.11042919972193596
0.7561512302460492,-0.4991543469887358
0.7571514302860572,-0.29103206295412376
0.7581516303260653,-0.5445366416140729
0.7591518303660733,-0.34148693054128615
0.7601520304060813,-0.1538234076690148
0.7611522304460893,-0.06206605616449065
0.7621524304860973,-0.31042766165387914
0.7631526305261053,-0.12570319980049205
0.7641528305661133,-0.2001633981194568
0.7651530306061213,-0.14207896833037897
0.7661532306461293,-0.388313661625455
0.7671534306861373,-0.2212066378416667
0.7681536307261452,-0.2703158598489186
0.7691538307661532,-0.34764854790541
0.7701540308061612,-0.3876265223292185
0.7711542308461692,-0.22205015229351754
0.7721544308861772,-0.449683785053817
0.7731546309261852,-0.2792420282947698
0.7741548309661932,0.024938704966454034
0.7751550310062012,-0.16303563880477784
0.7761552310462092,-0.34555864991492125
0.7771554310862172,-0.3594121673913764
0.7781556311262252,-0.46354815189655413
0.7791558311662332,-0.3905503665457658
0.7801560312062412,-0.17684625119095496
0.7811562312462492,0.07792878859013472
0.7821564312862572,-0.42440437902254036
0.7831566313262652,-0.11974502670911946
0.7841568313662732,-0.06826001883828756
0.7851570314062812,-0.18313583883752357
0.7861572314462892,-0.2046176335931333
0.7871574314862972,-0.0782556498744562
0.7881576315263052,-0.36235766927862717
0.7891578315663133,-0.26205597233853395
0.7901580316063213,-0.3837056105727556
0.7911582316463293,-0.27859977975494354
0.7921584316863373,0.03805836278224703
0.7931586317263453,-0.25706114052538215
0.7941588317663533,-0.2975492681631059
0.7951590318063613,-0.15933559528529945
0.7961592318463693,-0.07372298870244619
0.7971594318863773,-0.32480790445486823
0.7981596319263853,-0.058949183487041826
0.7991598319663933,-0.2258841021408871
0.8001600320064013,0.017686388537470454
0.8011602320464093,-0.19258680212813206
0.8021604320864173,-0.3947994452986113
0.8031606321264253,-0.025637651728284708
0.8041608321664333,-0.06205557139560924
0.8051610322064413,-0.32047226489970426
0.8061612322464493,-0.3049748126629483
0.8071614322864573,-0.36445730527564524
0.8081616323264653,-0.09429697634883663
0.8091618323664733,-0.09774017600083604
0.8101620324064813,-0.13563664295053854
0.8111622324464893,-0.22678864002494412
0.8121624324864973,-0.01757158290306892
0.8131626325265053,0.05563531169587449
0.8141628325665133,-0.04334383003851823
0.8151630326065213,-0.15596265944995763
0.8161632326465293,0.11560638742224294
0.8171634326865373,-0.07559357905325717
0.8181636327265454,-0.36926360209854636
0.8191638327665534,-0.13346421335003145
0.8201640328065614,-0.13044842853733984
0.8211642328465694,0.07194926088981207
0.8221644328865774,0.4113938530102258
0.8231646329265854,0.15384490852852128
0.8241648329665934,0.08846796602468726
0.8251650330066013,-0.2663090334251867
0.8261652330466093,0.17282947656505931
0.8271654330866173,-0.01091475314979639
0.8281656331266253,-0.16038289626319338
0.8291658331666333,0.13422072386429532
0.8301660332066413,0.2157624519718795
0.8311662332466493,0.025757496007377412
0.8321664332866573,0.0017827606866813745
0.8331666333266653,-0.13624829116649956
0.8341668333666733,-0.19995403191528763
0.8351670334066813,0.131068612853335
0.8361672334466893,0.3049592033243099
0.8371674334866973,0.007065721840164975
0.8381676335267053,0.37084577344986014
0.8391678335667133,0.047913591328066885
0.8401680336067213,0.10644000606146356
0.8411682336467293,-0.28417600009008115
0.8421684336867373,-0.11599032076938057
0.8431686337267453,0.0754441293049414
0.8441688337667533,0.3548000725676539
0.8451690338067613,-0.05851013753876506
0.8461692338467693,0.17049627365968592
0.8471694338867773,-0.17366533143698853
0.8481696339267853,0.11315971448294314
0.8491698339667934,0.17309613842964838
0.8501700340068014,0.05544821423916764
0.8511702340468094,-0.047814352555674025
0.8521704340868174,-0.03813588757487618
0.8531706341268254,0.08935155550338858
0.8541708341668334,0.13109533993128392
0.8551710342068414,0.2953196284291521
0.8561712342468494,0.03654399609794402
0.8571714342868574,0.17625655722250294
0.8581716343268654,0.13407082772388046
0.8591718343668734,0.11377360795594971
0.8601720344068814,-0.01766952190676993
0.8611722344468894,0.10279103786814539
0.8621724344868974,0.057097186838294234
0.8631726345269054,-0.03034096900658191
0.8641728345669134,0.313854857975844
0.8651730346069214,0.12603575521722557
0.8661732346469294,0.18357410230795596
0.8671734346869374,0.11886017539954911
0.8681736347269454,-0.013442379963942763
0.8691738347669534,0.10619352926005736
0.8701740348069614,0.29622195526773076
0.8711742348469694,-0.20749672378735015
0.8721744348869774,0.17673319044343788
0.8731746349269854,0.16564905433993618
0.8741748349669934,0.19286159830748673
0.8751750350070014,0.15789391310697273
0.8761752350470094,0.040309108303680063
0.8771754350870175,0.010777241634058798
0.8781756351270255,0.2686700956267764
0.8791758351670335,0.14413936475791966
0.8801760352070415,0.25707328564229465
0.8811762352470495,-0.04055675263863312
0.8821764352870574,0.2566855814964742
0.8831766353270654,0.17045264298801777
0.8841768353670734,0.2359295972788127
0.8851770354070814,0.14271933878843562
0.8861772354470894,0.2299858809403576
0.8871774354870974,0.18133153907029892
0.8881776355271054,0.2388933644297548
0.8891778355671134,0.2306136758316696
0.8901780356071214,0.390909019411134
0.8911782356471294,0.28173631880929445
0.8921784356871374,0.2579504632138102
0.8931786357271454,0.1506510427956815
0.8941788357671534,0.3245198861974005
0.8951790358071614,0.46070995670284975
0.8961792358471694,0.28708085772068576
0.8971794358871774,0.061154960327914676
0.8981796359271854,0.2964639393516795
0.8991798359671934,0.31024612261363294
0.9001800360072014,0.1556444872252533
0.9011802360472094,-0.18665799242103306
0.9021804360872174,0.1419255752099807
0.9031806361272254,0.23552234638986147
0.9041808361672334,-0.16236613114017645
0.9051810362072414,0.22373729041085388
0.9061812362472494,0.1370442314119409
0.9071814362872574,0.42638225820694486
0.9081816363272655,0.20565042028197295
0.9091818363672735,0.18970432052547703
0.9101820364072815,0.3153247786603779
0.9111822364472895,0.17995381294958634
0.9121824364872975,0.3539833099170909
0.9131826365273055,0.3037203220580196
0.9141828365673135,0.1719070325687691
0.9151830366073215,0.3976007775462804
0.9161832366473295,0.1987716919773761
0.9171834366873375,0.3073793624855948
0.9181836367273455,0.22494998724207674
0.9191838367673535,0.6428930040330261
0.9201840368073615,0.394106444895036
0.9211842368473695,0.4381435129196718
0.9221844368873775,0.3899703986916777
0.9231846369273855,0.3232709497689832
0.9241848369673935,0.5133010326517823
0.9251850370074015,0.2670482382884604
0.9261852370474095,0.4117417004462812
0.9271854370874175,0.5528394064245691
0.9281856371274255,0.3320768335716621
0.9291858371674335,0.4418570932425959
0.9301860372074415,0.06411526233040221
0.9311862372474495,0.3622071438459564
0.9321864372874575,0.342066638418063
0.9331866373274655,0.001982809418391296
0.9341868373674735,0.5586093078923371
0.9351870374074815,0.1532247299591596
0.9361872374474896,0.46761145159523315
0.9371874374874976,0.37010676123881087
0.9381876375275056,0.4209642374720741
0.9391878375675135,0.4996756085934628
0.9401880376075215,0.23173224395579747
0.9411882376475295,0.5399464787643289
0.9421884376875375,0.6080629748634853
0.9431886377275455,0.45332387647267
0.9441888377675535,0.38879307417290454
0.9451890378075615,0.5337211326694795
0.9461892378475695,0.7252811752550655
0.9471894378875775,0.29902077901782953
0.9481896379275855,0.6705529476919228
0.9491898379675935,0.36317537669375805
0.9501900380076015,0.8246281452957753
0.9511902380476095,0.5945224972985127
0.9521904380876175,0.6217177868149455
0.9531906381276255,0.499094561878056
0.9541908381676335,0.5046918907796814
0.9551910382076415,0.7478728032013019
0.9561912382476495,0.37964333096515257
0.9571914382876575,0.5566280017659818
0.9581916383276655,0.5097626306738143
0.9591918383676735,0.7019492398906259
0.9601920384076815,0.6364495626041687
0.9611922384476895,0.8107183772148041
0.9621924384876975,0.7469417113137271
0.9631926385277055,0.8186287914246089
0.9641928385677135,0.5693960042537528
0.9651930386077215,0.6842530211555313
0.9661932386477295,0.6379948965960698
0.9671934386877376,0.5443330328047157
0.9681936387277456,0.5491333348149533
0.9691938387677536,0.8043166550151141
0.9701940388077616,0.9753818289805358
0.9711942388477696,0.7480713262652633
0.9721944388877776,0.8579630672824088
0.9731946389277856,0.8095097065779661
0.9741948389677936,1.0415335572946651
0.9751950390078016,0.8491660781357175
0.9761952390478096,0.7313876420371362
0.9771954390878176,1.0644436112240445
0.9781956391278256,0.7785593885665725
0.9791958391678336,0.8002734764129579
0.9801960392078416,0.5800278699997139
0.9811962392478496,1.037353266900681
0.9821964392878576,1.2694825926337432
0.9831966393278656,1.1799766733587291
0.9841968393678736,1.0525354689790634
0.9851970394078816,1.3520309913839965
0.9861972394478896,1.1668767485463278
0.9871974394878976,1.2575049763745079
0.9881976395279056,1.2479631326742138
0.9891978395679136,1.3895573748220285
0.9901980396079216,1.0367128664114105
0.9911982396479296,1.3206942197199112
0.9921984396879376,1.1524872998270692
0.9931986397279456,1.5304477796558786
0.9941988397679536,1.3328299625176179
0.9951990398079616,1.3493985583431247
0.9961992398479695,1.6641321609541666
0.9971994398879775,1.418622302846683
0.9981996399279855,1.5725274217208887
0.9991998399679936,1.68508611376621
1.0002000400080016,1.6501283027730385
1.0012002400480096,1.4957245480424146
1.0022004400880176,1.5019202432778986
1.0032006401280256,1.7848518454119342
1.0042008401680336,1.4792673445384998
1.0052010402080416,1.7947608353059876
1.0062012402480496,1.6316398466815165
1.0072014402880576,1.74763349864016
1.0082016403280656,1.5862324533368
1.0092018403680736,1.673370505244716
1.0102020404080816,1.7032382781223234
1.0112022404480896,1.7909145990632562
1.0122024404880976,1.8638791780389623
1.0132026405281056,1.8273258800806111
1.0142028405681136,1.7776504122845955
1.0152030406081216,2.277146282063998
1.0162032406481296,2.1132733138011863
1.0172034406881376,2.1730325561939052
1.0182036407281456,1.934895159402361
1.0192038407681536,2.0702001127644665
1.0202040408081616,2.245203107782085
1.0212042408481696,2.33780417642854
1.0222044408881776,2.053333224586618
1.0232046409281856,2.077517625833453
1.0242048409681936,2.187652582012303
1.0252050410082016,1.825582730622256
1.0262052410482096,2.0733869459620933
1.0272054410882177,2.003068210389436
1.0282056411282257,2.149547464002975
1.0292058411682337,2.3356224609699594
1.0302060412082417,2.29542459950382
1.0312062412482497,2.2661857546715853
1.0322064412882577,2.191481816021745
1.0332066413282657,2.256876842029282
1.0342068413682737,2.5599715273037553
1.0352070414082817,2.2798472417090188
1.0362072414482897,2.447055388669802
1.0372074414882977,2.075667334466464
1.0382076415283057,2.0915932147657856
1.0392078415683137,2.6019936705248186
1.0402080416083217,1.9424089101849389
1.0412082416483297,2.4186799612850756
1.0422084416883377,2.2482643622448024
1.0432086417283457,2.169262513458564
1.0442088417683537,2.332652366715107
1.0452090418083617,2.2223628559800814
1.0462092418483697,2.3145286000710072
1.0472094418883777,2.0771332994368947
1.0482096419283857,2.14912905674848
1.0492098419683937,2.1505197085358363
1.0502100420084017,2.114050882118899
1.0512102420484097,2.3749009549459688
1.0522104420884177,2.298796082375615
1.0532106421284257,2.282424365309976
1.0542108421684337,2.332385015803214
1.0552110422084418,2.193295282827142
1.0562112422484498,2.193326361704008
1.0572114422884578,2.1578147064475246
1.0582116423284658,2.4379427856009874
1.0592118423684738,2.0008025421511815
1.0602120424084818,2.397864993195797
1.0612122424484898,2.1005282700324557
1.0622124424884978,2.0843095746763654
1.0632126425285058,2.0791796966488647
1.0642128425685138,2.2120713412238744
1.0652130426085218,1.9221143845364712
1.0662132426485298,1.8930102150121888
1.0672134426885378,2.0063512151340506
1.0682136427285458,2.1049315752929876
1.0692138427685538,2.013639013830266
1.0702140428085618,1.7198107300731327
1.0712142428485698,1.8686940164687447
1.0722144428885778,1.8459104094356853
1.0732146429285858,1.7345424091621608
1.0742148429685938,1.8732680609901946
1.0752150430086018,1.7310710399436422
1.0762152430486098,1.9112007809278704
1.0772154430886178,1.3141984778839644
1.0782156431286258,1.6341052839643102
1.0792158431686338,1.4854560537511836
1.0802160432086418,1.7649498686737013
1.0812162432486496,1.4742288254949611
1.0822164432886576,1.4988252837204636
1.0832166433286656,1.8248754996233725
1.0842168433686736,1.5266905835586673
1.0852170434086816,1.694629244401125
1.0862172434486896,1.5013124105864206
1.0872174434886976,1.5301247754060587
1.0882176435287056,1.5250685074582044
1.0892178435687137,1.253426674064821
1.0902180436087217,1.6106983225717206
1.0912182436487297,1.259072157582983
1.0922184436887377,1.3635240751724964
1.0932186437287457,1.340435887392379
1.0942188437687537,1.2322187868981551
1.0952190438087617,1.3007354712873351
1.0962192438487697,1.2888344987694174
1.0972194438887777,1.256436567854501
1.0982196439287857,0.9405874790464837
1.0992198439687937,1.0150682507442061
1.1002200440088017,1.0655879217141788
1.1012202440488097,0.8768218242710032
1.1022204440888177,1.0680123567226372
1.1032206441288257,0.92562703607745
1.1042208441688337,0.8306019127134185
1.1052210442088417,0.8685249942848747
1.1062212442488497,1.037326146765071
1.1072214442888577,0.6798990211543146
1.1082216443288657,0.8944151018234883
1.1092218443688737,0.5952674751058997
1.1102220444088817,0.9888167177710321
1.1112222444488897,0.9559414696502226
1.1122224444888977,0.8564763268734594
1.1132226445289057,0.8391894148137568
1.1142228445689137,0.5373447136398074
1.1152230446089217,0.7596982583649295
1.1162232446489297,0.7255186593403251
1.1172234446889378,0.617610210679328
1.1182236447289458,0.218047020065537
1.1192238447689538,0.46589267708587
1.1202240448089618,0.5992533172208765
1.1212242448489698,0.8243467171733926
1.1222244448889778,0.7331127834987383
1.1232246449289858,0.6102613191633763
1.1242248449689938,0.8773376666172801
1.1252250450090018,0.7802345866886355
1.1262252450490098,0.5544100076375392
1.1272254450890178,0.5968412307360224
1.1282256451290258,0.6518350384836868
1.1292258451690338,0.49724402729998984
1.1302260452090418,0.7187049916075332
1.1312262452490498,0.3240743993632333
1.1322264452890578,0.7857340857234644
1.1332266453290658,0.6890548798737773
1.1342268453690738,0.8044518548620688
1.1352270454090818,0.647691897388509
1.1362272454490898,0.599450590993853
1.1372274454890978,0.4485038097814207
1.1382276455291058,0.468643829040105
1.1392278455691138,0.28778290858521394
1.1402280456091218,0.7805015621481988
1.1412282456491298,0.25226681818902985
1.1422284456891378,0.6219470919975585
1.1432286457291458,0.7616039710984606
1.1442288457691538,0.4525291341414377
1.1452290458091618,0.5503326287205735
1.1462292458491699,0.24456130527172285
1.1472294458891779,0.41636331902156254
1.1482296459291859,0.48563574753320615
1.1492298459691939,0.6606547484241196
1.1502300460092019,0.3589061164458656
1.1512302460492099,0.34038519133055173
1.1522304460892179,0.2064002075246792
1.1532306461292259,0.607673325276452
1.1542308461692339,0.25216071265345386
1.1552310462092419,0.1682769148130843
1.1562312462492499,0.2388464339042356
1.157231446289258,0.43254359867622594
1.158231646329266,0.39669299072410935
1.159231846369274,0.21584644296871644
1.160232046409282,0.4534926301888087
1.16123224644929,0.1879917464690916
1.162232446489298,0.2965178933749877
1.163232646529306,0.41251300290322646
1.164232846569314,0.2643123040652838
1.165233046609322,0.18143731722237916
1.16623324664933,0.3422378147386439
1.167233446689338,0.4885486098203937
1.168233646729346,0.4349553591379578
1.169233846769354,0.2344634717286678
1.170234046809362,0.18841249752621614
1.17123424684937,0.3335943636489342
1.172234446889378,0.31659272331180377
1.173234646929386,0.3482057800626051
1.174234846969394,0.24357834259116443
1.175235047009402,0.463754198421893
1.17623524704941,0.06841244340501851
1.177235447089418,0.4231270445472607
1.178235647129426,0.054876060621162875
1.179235847169434,0.49099206373906035
1.180236047209442,0.14409251007026674
1.18123624724945,0.3548055490392472
1.182236447289458,0.2224107949996498
1.183236647329466,0.4096136913815772
1.184236847369474,0.1863920537457331
1.185237047409482,0.37617085757401036
1.18623724744949,0.26617518894265113
1.187237447489498,0.43424354123607395
1.188237647529506,-0.0032391180139942355
1.189237847569514,0.22167298063699986
1.190238047609522,0.2854059301521916
1.19123824764953,0.3066694477703032
1.192238447689538,0.14512557639818358
1.193238647729546,0.2665008350529312
1.194238847769554,0.1623007451154008
1.1952390478095618,0.24408378622374638
1.1962392478495698,0.3181743579178829
1.1972394478895778,0.018251177562215337
1.1982396479295858,0.25755174016526095
1.1992398479695938,-0.008310427908441442
1.2002400480096018,0.25760894885229724
1.2012402480496098,0.3404470258024419
1.2022404480896178,0.004833584275813818
1.2032406481296258,0.08941962930256228
1.2042408481696338,0.25531777342003364
1.2052410482096418,0.039442814685967414
1.2062412482496498,0.05801933466627268
1.2072414482896578,0.13871698813691982
1.2082416483296659,0.24366322989364547
1.2092418483696739,0.35148611923162676
1.2102420484096819,0.37722391066687394
1.2112422484496899,0.2851978612226478
1.2122424484896979,0.27912974056408957
1.2132426485297059,0.39160181811616157
1.2142428485697139,-0.03166631033825226
1.2152430486097219,0.2837083161530888
1.2162432486497299,0.016744863133058993
1.2172434486897379,-0.0026296474184357016
1.2182436487297459,0.13361938765479459
1.219243848769754,0.00583322184421535
1.220244048809762,-0.02024678506372496
1.22124424884977,0.24955737115334167
1.222244448889778,-0.011276058666003397
1.223244648929786,0.09402837987904851
1.224244848969794,0.06855017767186344
1.225245049009802,0.05705558723725066
1.22624524904981,0.1928639743466777
1.227245449089818,0.09844076120029459
1.228245649129826,0.2360167002901448
1.229245849169834,0.32975232691467626
1.230246049209842,-0.13890492334754384
1.23124624924985,0.08839207752576189
1.232246449289858,-0.09167486394219042
1.233246649329866,0.024568730747458585
1.234246849369874,-0.10176985165168174
1.235247049409882,0.2648558466428577
1.23624724944989,0.18713866264907464
1.237247449489898,0.12686505056774394
1.238247649529906,-0.1329906462501401
1.239247849569914,-0.16093060849975924
1.240248049609922,-0.22797020881777139
1.24124824964993,0.0009984514830750912
1.242248449689938,0.12395666025492595
1.243248649729946,-0.17872965850942346
1.244248849769954,-0.10974144840763209
1.245249049809962,-0.3098192878963439
1.24624924984997,-0.015434581939538864
1.247249449889978,-0.09420992202513105
1.248249649929986,0.15596518326817044
1.249249849969994,-0.17838787825416297
1.250250050010002,-0.27681052323723854
1.25125025005001,0.02548663270551155
1.252250450090018,-0.033107264266257055
1.253250650130026,0.17036005018986958
1.254250850170034,0.05549592731625446
1.255251050210042,-0.17220208413720733
1.25625125025005,0.17179470172471317
1.257251450290058,-0.12340467937565655
1.258251650330066,-0.21718536628693302
1.259251850370074,0.02134142707721489
1.260252050410082,-0.22552010687246832
1.26125225045009,-0.10810699179477057
1.262252450490098,-0.21726923300157094
1.263252650530106,-0.2596525455312199
1.264252850570114,-0.34664544485005544
1.265253050610122,-0.07558138590781119
1.26625325065013,-0.011212327178550682
1.267253450690138,-0.03371079959724099
1.268253650730146,-0.2937734325253002
1.269253850770154,-0.016334034269888102
1.270254050810162,0.024128192939888382
1.27125425085017,-0.06291157297647797
1.272254450890178,-0.3611192263612987
1.273254650930186,0.15547194442456852
1.274254850970194,-0.21150979040677303
1.275255051010202,0.2561189325193738
1.27625525105021,0.052906048093287625
1.277255451090218,-0.3038731435051393
1.278255651130226,-0.3363457886300193
1.279255851170234,-0.18672172767124026
1.280256051210242,-0.16649121145801887
1.2812562512502501,-0.09429930135014497
1.2822564512902581,-0.02249884237239992
1.2832566513302661,-0.15380710128815656
1.2842568513702741,-0.28912087308086976
1.2852570514102821,-0.052672481783398825
1.2862572514502901,0.04357765486024831
1.2872574514902981,-0.1741728302212088
1.2882576515303061,-0.253516235545936
1.2892578515703141,-0.17001475658491624
1.2902580516103221,-0.07809056506953628
1.2912582516503301,-0.04396498042013272
1.2922584516903382,-0.11666185052153874
1.2932586517303462,-0.05037750705127557
1.2942588517703542,0.10763403906298821
1.2952590518103622,-0.22434869444861189
1.2962592518503702,-0.2840327178192407
1.2972594518903782,-0.09783746028407543
1.2982596519303862,-0.24905208189649092
1.2992598519703942,-0.26740086915816147
1.3002600520104022,0.007187640374120202
1.3012602520504102,-0.387912801676942
1.3022604520904182,-0.33675337876746936
1.3032606521304262,-0.5334446195463587
1.3042608521704342,-0.35297889258831594
1.3052610522104422,0.0907749969366726
1.3062612522504502,0.17985474425049386
1.3072614522904582,-0.2358285314494647
1.3082616523304662,-0.1678097019844601
1.309261852370474,-0.24130661170687764
1.310262052410482,-0.19757553800476388
1.31126225245049,-0.23971732151120811
1.312262452490498,-0.335772635744362
1.313262652530506,0.011650764193855245
1.314262852570514,-0.014608425972008093
1.315263052610522,-0.33266774447211356
1.31626325265053,-0.1970382363956703
1.317263452690538,-0.3684305597135989
1.318263652730546,-0.3222325933614344
1.319263852770554,-0.45852191975668655
1.320264052810562,-0.3732022780737937
1.32126425285057,-0.388686349277144
1.322264452890578,-0.2461744423040494
1.323264652930586,-0.4815139778872263
1.324264852970594,-0.13554897765429375
1.325265053010602,-0.19770111444078792
1.32626525305061,-0.5196357394982367
1.327265453090618,-0.24261131489886964
1.328265653130626,-0.2586401880254524
1.329265853170634,-0.15022313971388204
1.330266053210642,-0.34848668375518776
1.33126625325065,-0.5180630542664798
1.332266453290658,-0.5779069647043883
1.333266653330666,-0.20447188171818043
1.334266853370674,-0.23983516645209707
1.335267053410682,-0.21094444021750114
1.33626725345069,-0.1557829674650196
1.337267453490698,-0.27121252447423144
1.338267653530706,-0.1383069981144893
1.339267853570714,-0.22551671507410836
1.340268053610722,-0.3597043917465607
1.34126825365073,-0.39537681349774895
1.342268453690738,-0.25332987113146493
1.343268653730746,-0.3024870121161195
1.3442688537707541,-0.2648717686773656
1.3452690538107621,-0.1730970270555028
1.3462692538507701,-0.2810077237924579
1.3472694538907781,-0.2586905421189661
1.3482696539307861,-0.34972601589150354
1.3492698539707941,-0.09254899599282443
1.3502700540108021,-0.2828912321471499
1.3512702540508101,-0.366338157774345
1.3522704540908181,-0.08301338296616237
1.3532706541308261,-0.531042819872084
1.3542708541708341,-0.431875722407858
1.3552710542108422,-0.3095288375105017
1.3562712542508502,-0.49534877880559247
1.3572714542908582,-0.4592142372581709
1.3582716543308662,-0.210234321950926
1.3592718543708742,-0.35753723872750015
1.3602720544108822,-0.1307401733205152
1.3612722544508902,-0.3552373673779163
1.3622724544908982,-0.4598733358336933
1.3632726545309062,-0.09713621019933344
1.3642728545709142,-0.25028370763196117
1.3652730546109222,-0.4409378031346649
1.3662732546509302,-0.24950636416566518
1.3672734546909382,-0.4653506279283759
1.3682736547309462,0.11841912919079062
1.3692738547709542,-0.3656175481837618
1.3702740548109622,-0.31903968228492297
1.3712742548509702,0.1591598919735048
1.3722744548909782,-0.1883072256623801
1.3732746549309862,-0.004235166275346952
1.3742748549709942,-0.25641653202569326
1.3752750550110022,-0.29975397640214585
1.3762752550510102,-0.22714929371096118
1.3772754550910182,-0.17661269738576127
1.3782756551310262,-0.30906209677220087
1.3792758551710342,-0.23425541868580246
1.3802760552110422,-0.2191527954081946
1.3812762552510502,0.1138511804138487
1.3822764552910582,-0.2067365961914876
1.3832766553310663,-0.10414103432446002
1.3842768553710743,0.04050573818337905
1.3852770554110823,-0.043929926666674946
1.3862772554510903,-0.1114820101596277
1.3872774554910983,-0.21507954497025783
1.3882776555311063,-0.18334557585819164
1.3892778555711143,0.08920977506521442
1.3902780556111223,-0.010170790023344211
1.3912782556511303,0.1907696864713559
1.3922784556911383,0.1762444493835466
1.3932786557311463,0.2143262999032972
1.3942788557711543,-0.036402769822903414
1.3952790558111623,0.21241019626898783
1.3962792558511703,0.06934107506711443
1.3972794558911783,0.25697821131380016
1.3982796559311863,0.20008541615699707
1.3992798559711943,0.19397403429718324
1.4002800560112023,0.22951500056073104
1.4012802560512103,0.07914886046555453
1.4022804560912183,0.2165591706603554
1.4032806561312263,0.4978699426017834
1.4042808561712343,0.6363349004770802
1.4052810562112423,0.4539850788055467
1.4062812562512503,0.23654217813368353
1.4072814562912583,0.3298329181072531
1.4082816563312663,0.37102975966253887
1.4092818563712743,0.27606017871627275
1.4102820564112823,0.47588405966265634
1.4112822564512904,0.25841444001505565
1.4122824564912984,0.47638188772639933
1.4132826565313064,0.5650956018570423
1.4142828565713144,0.7847679862323154
1.4152830566113224,0.3273171994308606
1.4162832566513304,0.6629307541982427
1.4172834566913384,0.29651604214050836
1.4182836567313464,0.8786923398114633
1.4192838567713544,0.7283705242551818
1.4202840568113624,0.6468066777157493
1.4212842568513704,1.0012509241456344
1.4222844568913784,0.7291258503766551
1.4232846569313862,0.6186474336053625
1.4242848569713942,0.9164582121119476
1.4252850570114022,0.5061063855439577
1.4262852570514102,0.7931949573797265
1.4272854570914182,0.8463119656308137
1.4282856571314262,0.6565815403904487
1.4292858571714342,1.0942964206067325
1.4302860572114422,1.0703629492609288
1.4312862572514502,1.1658219822637128
1.4322864572914582,1.1940920738723746
1.4332866573314662,0.979415197938516
1.4342868573714742,1.2026900699052285
1.4352870574114822,0.8947133639957199
1.4362872574514902,0.9991773101640489
1.4372874574914982,0.9932588063127356
1.4382876575315062,1.0469822526406423
1.4392878575715142,1.0307344846102828
1.4402880576115222,1.147287952547812
1.4412882576515302,1.2148039209316341
1.4422884576915382,1.223624502200341
1.4432886577315462,1.3501774933274189
1.4442888577715542,1.0609995091390532
1.4452890578115622,1.0434832105622744
1.4462892578515703,1.5810408753906786
1.4472894578915783,1.1459756619169965
1.4482896579315863,1.344453540019315
1.4492898579715943,1.3299886158184309
1.4502900580116023,1.4034193283975323
1.4512902580516103,1.5608807960921782
1.4522904580916183,1.2158965770242876
1.4532906581316263,1.1179823955501624
1.4542908581716343,1.2360839037737759
1.4552910582116423,1.1706867063177913
1.4562912582516503,1.152832588445519
1.4572914582916583,1.2816710470464132
1.4582916583316663,1.3106350765582353
1.4592918583716743,1.5554201088832955
1.4602920584116823,1.5235698516280312
1.4612922584516903,1.343929634754095
1.4622924584916983,1.3093361153943714
1.4632926585317063,1.2593291226773877
1.4642928585717143,1.312949146208346
1.4652930586117223,1.3222454463858413
1.4662932586517303,1.2139763414551203
1.4672934586917383,1.4112711573857253
1.4682936587317463,1.3415823859606493
1.4692938587717543,1.2175781234755882
1.4702940588117623,1.1563299321997331
1.4712942588517703,1.3964851110653032
1.4722944588917783,1.0027994972990635
1.4732946589317863,1.193874834147575
1.4742948589717944,1.2122689175027923
1.4752950590118024,1.2153440960524886
1.4762952590518104,1.0389736673036265
1.4772954590918184,1.3729674386390882
1.4782956591318264,1.1300061685286882
1.4792958591718344,1.1010086299524753
1.4802960592118424,1.0963381522785534
1.4812962592518504,0.8408377621753185
1.4822964592918584,1.0653896638558378
1.4832966593318664,0.8874534753542828
1.4842968593718744,1.1654203272825825
1.4852970594118824,0.8788703514306383
1.4862972594518904,0.8535071341897644
1.4872974594918984,1.1131790742816026
1.4882976595319064,0.6674681066583958
1.4892978595719144,1.037721027099436
1.4902980596119224,0.7397509230326581
1.4912982596519304,0.8363901752664503
1.4922984596919384,1.0936852085827193
1.4932986597319464,0.8056926833662044
1.4942988597719544,0.6785694710783989
1.4952990598119624,0.7760327945845917
1.4962992598519704,0.9989403196619404
1.4972994598919784,0.6216542100389663
1.4982996599319864,0.7065036222814085
1.4992998599719944,0.5999056276208355
1.5003000600120024,0.40418519482399573
1.5013002600520104,0.7770415550773977
1.5023004600920185,0.6499396668893819
1.5033006601320265,0.333357695858952
1.5043008601720345,0.5945791646088852
1.5053010602120425,0.32657248629920943
1.5063012602520505,0.10150441105594227
1.5073014602920585,0.5824108185525051
1.5083016603320665,0.37006173316236995
1.5093018603720745,0.40509841575454814
1.5103020604120825,0.5239346807068349
1.5113022604520905,0.47828079313022054
1.5123024604920985,0.23943484921387836
1.5133026605321065,0.11016238085569721
1.5143028605721145,0.2569854691261838
1.5153030606121225,0.1094391013354023
1.5163032606521305,0.037394258739354314
1.5173034606921385,0.058537687986992604
1.5183036607321465,-0.11378326264527788
1.5193038607721545,0.13201494182568585
1.5203040608121625,0.30021943208198065
1.5213042608521705,-0.14555694756159826
1.5223044608921785,0.1320284202732609
1.5233046609321865,0.1951468171946942
1.5243048609721945,0.22355905916100874
1.5253050610122025,-0.02974066170007665
1.5263052610522105,-0.0845137336294196
1.5273054610922185,-0.032831203572647516
1.5283056611322265,0.11775924846307337
1.5293058611722345,0.10872882751214707
1.5303060612122426,0.15071589784377085
1.5313062612522506,-0.07700389205400092
1.5323064612922586,-0.24262119498497273
1.5333066613322666,-0.15434491052515614
1.5343068613722746,-0.24693907882764846
1.5353070614122826,-0.22832529237534083
1.5363072614522904,0.1199263347079548
1.5373074614922984,0.06803484593656076
1.5383076615323064,-0.24141335089867139
1.5393078615723144,-0.05067103851974451
1.5403080616123224,-0.23626447545674767
1.5413082616523304,-0.1105011452195682
1.5423084616923384,-0.3454564293265097
1.5433086617323464,-0.2668581456598585
1.5443088617723544,-0.2844261450650317
1.5453090618123624,-0.1689135923588162
1.5463092618523704,-0.30761353533734465
1.5473094618923784,-0.25456484013560454
1.5483096619323864,-0.3233467063547226
1.5493098619723944,-0.30085307873466693
1.5503100620124024,-0.20923792501352786
1.5513102620524104,-0.28688537463542324
1.5523104620924184,-0.45676030874519646
1.5533106621324264,-0.4228023096776985
1.5543108621724344,-0.24882255967636524
1.5553110622124424,-0.27607055488247867
1.5563112622524504,-0.41665538731375906
1.5573114622924584,-0.24961817939655162
1.5583116623324664,-0.35787219859365693
1.5593118623724744,-0.37294726214695845
1.5603120624124824,-0.08612140485779035
1.5613122624524904,-0.5496367270044189
1.5623124624924984,-0.1655505517060119
1.5633126625325064,-0.5524620679549318
1.5643128625725145,-0.21642922511924673
1.5653130626125225,-0.33801304302082114
1.5663132626525305,-0.3461082640125601
1.5673134626925385,-0.2174045258413347
1.5683136627325465,-0.41290684903992164
1.5693138627725545,-0.3268117193377316
1.5703140628125625,-0.18795349560531174
1.5713142628525705,-0.3551569765023967
1.5723144628925785,-0.3327269191421337
1.5733146629325865,-0.23019612259107677
1.5743148629725945,-0.4934003804451176
1.5753150630126025,-0.06356231772520188
1.5763152630526105,-0.1057875237772454
1.5773154630926185,-0.17901430457244616
1.5783156631326265,-0.45722128112460525
1.5793158631726345,-0.15684828893814276
1.5803160632126425,-0.4947149341299313
1.5813162632526505,-0.20604733703930553
1.5823164632926585,-0.3317485153259079
1.5833166633326665,-0.2159365001833481
1.5843168633726745,0.08083744709651808
1.5853170634126825,-0.43105522453129275
1.5863172634526905,-0.2014441449906732
1.5873174634926985,-0.21422363778962705
1.5883176635327065,-0.3190664036920897
1.5893178635727145,-0.49897590890199484
1.5903180636127225,-0.2634116175987396
1.5913182636527305,-0.46178012808668256
1.5923184636927386,-0.4105449932986155
1.5933186637327466,-0.3971061077500383
1.5943188637727546,-0.19515898780145535
1.5953190638127626,-0.31819474003550546
1.5963192638527706,-0.42744952158662103
1.5973194638927786,0.0890226912347776
1.5983196639327866,-0.19731634726769626
1.5993198639727946,0.04427507446855147
1.6003200640128026,-0.3583056625730727
1.6013202640528106,-0.11026822954081333
1.6023204640928186,-0.21913246645174703
1.6033206641328266,-0.4166712518249669
1.6043208641728346,-0.07258296846401072
1.6053210642128426,-0.3430122353395405
1.6063212642528506,-0.3408763613367402
1.6073214642928586,-0.2905888177879668
1.6083216643328666,-0.43962847932562643
1.6093218643728746,-0.4303994262938384
1.6103220644128826,-0.2533350130200591
1.6113222644528906,-0.11952648353584215
1.6123224644928986,-0.1949318734684887
1.6133226645329066,-0.07557480525153694
1.6143228645729146,-0.3973260999648044
1.6153230646129226,-0.36168453966088593
1.6163232646529306,-0.303246347421649
1.6173234646929386,-0.24589141171341017
1.6183236647329466,-0.1192692754721953
1.6193238647729546,-0.1072999761575051
1.6203240648129626,-0.2715035010540141
1.6213242648529707,-0.25488724271503693
1.6223244648929787,-0.3220941372192584
1.6233246649329867,-0.44523724957688526
1.6243248649729947,0.08990614140518538
1.6253250650130027,-0.15739596952756238
1.6263252650530107,0.11292642801176897
1.6273254650930187,0.03765089159434609
1.6283256651330267,-0.08927038718568749
1.6293258651730347,-0.3119048656044344
1.6303260652130427,-0.26621064559710494
1.6313262652530507,-0.025846946863197634
1.6323264652930587,-0.13878265656592922
1.6333266653330667,-0.2228203116876331
1.6343268653730747,0.033767899998699114
1.6353270654130827,0.10526005314595546
1.6363272654530907,-0.14998923471507472
1.6373274654930987,-0.08486044188745019
1.6383276655331067,0.0902620999482733
1.6393278655731147,0.01652044173300468
1.6403280656131227,-0.13856904612807985
1.6413282656531307,-0.1666268126522908
1.6423284656931387,-0.1675474997859829
1.6433286657331467,-0.25902067941252976
1.6443288657731547,-0.18076497177471135
1.6453290658131627,0.06110995445557814
1.6463292658531707,-0.19576229633260722
1.6473294658931787,-0.07828628649043276
1.6483296659331867,-0.1013108658790442
1.6493298659731948,0.08632460956605552
1.6503300660132025,0.17802993617731472
1.6513302660532105,-0.13958070252776195
1.6523304660932185,-0.027086594768165162
1.6533306661332265,-0.2117084236287014
1.6543308661732345,-0.08138501132015497
1.6553310662132426,-0.06614784926799247
1.6563312662532506,0.04005941322672834
1.6573314662932586,-0.17959350946040423
1.6583316663332666,0.09894503663778721
1.6593318663732746,-0.040010145289071986
1.6603320664132826,-0.4528678225260141
1.6613322664532906,-0.22266728992336862
1.6623324664932986,0.0433538732361795
1.6633326665333066,-0.09496781508523575
1.6643328665733146,0.017911639920524018
1.6653330666133226,0.0592242610923452
1.6663332666533306,0.10115220577766494
1.6673334666933386,0.06175333102299725
1.6683336667333466,0.16858540778280592
1.6693338667733546,0.14300944698629242
1.6703340668133626,0.29781108234810494
1.6713342668533706,0.18323030881049593
1.6723344668933786,0.11928916188524746
1.6733346669333866,-0.1311548872952523
1.6743348669733946,-0.04826118339883946
1.6753350670134026,0.25863714190985854
1.6763352670534106,0.00754517974926687
1.6773354670934186,-0.07377633080998326
1.6783356671334266,-0.07068027746455448
1.6793358671734346,-0.05395297963468554
1.6803360672134426,-0.04195817594031093
1.6813362672534506,0.12949511199740482
1.6823364672934586,-0.08707303732539139
1.6833366673334667,0.19411272991794293
1.6843368673734747,-0.10570956385278212
1.6853370674134827,0.4118130321977663
1.6863372674534907,0.26389290790661585
1.6873374674934987,-0.009470671874386036
1.6883376675335067,-0.0017592623791121975
1.6893378675735147,-0.03068755415514751
1.6903380676135227,0.01749149608943379
1.6913382676535307,-0.051508794178977566
1.6923384676935387,0.13850784532195892
1.6933386677335467,0.072304373195304
1.6943388677735547,0.09673629528237798
1.6953390678135627,0.08537932231619269
1.6963392678535707,0.1742102686694142
1.6973394678935787,0.07517913158293815
1.6983396679335867,0.21984485615816662
1.6993398679735947,0.3047739942940542
1.7003400680136027,0.10289878849949075
1.7013402680536107,0.20150323358982264
1.7023404680936187,0.3543332906243196
1.7033406681336267,0.3804400504244904
1.7043408681736347,0.3654799911418183
1.7053410682136427,0.1438573705993787
1.7063412682536507,0.15673367437009533
1.7073414682936587,-0.26734521465687805
1.7083416683336667,0.17265051743191545
1.7093418683736747,0.0854688815886094
1.7103420684136827,0.10331375011599232
1.7113422684536908,0.19220001062722777
1.7123424684936988,0.10184212995572399
1.7133426685337068,0.14622230049671625
1.7143428685737148,0.14486092238667772
1.7153430686137228,0.17263680898972864
1.7163432686537308,0.29766206644873816
1.7173434686937388,0.22684919498842113
1.7183436687337468,0.5414773825873616
1.7193438687737548,0.30977143116683825
1.7203440688137628,0.2757191482880056
1.7213442688537708,0.02027208623019386
1.7223444688937788,0.09528645699794241
1.7233446689337868,0.305432218138661
1.7243448689737948,0.1689763366820425
1.7253450690138028,0.23732357504466
1.7263452690538108,0.10252601368729912
1.7273454690938188,0.297582512915574
1.7283456691338268,0.4620547291464798
1.7293458691738348,0.3870592414352224
1.7303460692138428,0.03748837756006662
1.7313462692538508,0.14677979425358928
1.7323464692938588,0.3458345661464419
1.7333466693338668,0.35407282588671274
1.7343468693738748,0.1989532747776741
1.7353470694138828,0.18513572360066222
1.7363472694538908,0.12859729764978903
1.7373474694938988,0.4142104229879128
1.7383476695339068,0.3926660643319199
1.7393478695739149,0.0561874405972822
1.7403480696139229,0.2294676842101921
1.7413482696539309,0.2999992127964329
1.7423484696939389,0.3327735231677231
1.7433486697339469,0.244457794238444
1.7443488697739549,0.3339990095076365
1.7453490698139629,0.25315239777388965
1.7463492698539709,0.46898712173811097
1.7473494698939789,0.18413407100121265
1.7483496699339869,0.18868979291352347
1.7493498699739949,0.3790814957143761
1.750350070014003,0.212295756032312
1.751350270054011,0.46755702488836554
1.752350470094019,0.13359668772520553
1.753350670134027,0.33872727044352796
1.754350870174035,0.32429585125775495
1.755351070214043,0.5007463516296937
1.756351270254051,0.25310153389478024
1.757351470294059,0.3170497052736552
1.758351670334067,0.42303378387045787
1.759351870374075,0.33224030896371615
1.760352070414083,0.15331547585453528
1.761352270454091,0.41814614899085933
1.762352470494099,0.5275017911530218
1.763352670534107,0.34848049440604967
1.7643528705741147,0.6186784895782813
1.7653530706141227,0.5674190595719835
1.7663532706541307,0.2875773990188283
1.7673534706941387,0.3020950608492624
1.7683536707341467,0.29081518221347297
1.7693538707741547,0.42201012337771454
1.7703540708141627,0.4360861048018176
1.7713542708541707,0.663028057029579
1.7723544708941787,0.3764778262114673
1.7733546709341867,0.557163175555771
1.7743548709741948,0.28243742493860463
1.7753550710142028,0.3277750608941111
1.7763552710542108,0.4710761723150775
1.7773554710942188,0.6556696350170921
1.7783556711342268,0.6932544773825129
1.7793558711742348,0.5899905530647607
1.7803560712142428,0.4553015529540923
1.7813562712542508,0.2769298881335009
1.7823564712942588,0.43752137334146185
1.7833566713342668,0.48275810142992226
1.7843568713742748,0.6738004591614344
1.7853570714142828,0.5864769755798757
1.7863572714542908,0.585969413036715
1.7873574714942988,0.369705653236241
1.7883576715343068,0.6826119038051838
1.7893578715743148,0.41362717602036303
1.7903580716143228,0.8530245212569251
1.7913582716543308,0.5832205860329001
1.7923584716943388,0.32033747471023033
1.7933586717343468,0.7724949251713423
1.7943588717743548,1.0001800514557697
1.7953590718143628,0.6503617323832155
1.7963592718543708,0.40797049335007685
1.7973594718943788,0.37926320873579966
1.7983596719343868,0.9031539688149499
1.7993598719743948,0.6069737874284559
1.8003600720144028,0.6629698145096632
1.8013602720544108,0.8830298312414838
1.8023604720944189,0.8158897209789355
1.8033606721344269,1.0322167877171746
1.8043608721744349,0.6471842863879702
1.8053610722144429,0.9617861739911071
1.8063612722544509,0.859702967436099
1.8073614722944589,0.9674964260110763
1.8083616723344669,0.9605183826565772
1.8093618723744749,0.9812001038101911
1.8103620724144829,1.0545379873994607
1.8113622724544909,1.2997851956654602
1.8123624724944989,0.9137158020769048
1.813362672534507,0.9182124369580333
1.814362872574515,1.0501172558098537
1.815363072614523,1.4337163355934393
1.816363272654531,0.8756497330047281
1.817363472694539,1.0877514164742672
1.818363672734547,1.1999477977870006
1.819363872774555,1.124162036837581
1.820364072814563,1.095228810368029
1.821364272854571,1.3067723882534625
1.822364472894579,1.273417404724023
1.823364672934587,1.3736025768589863
1.824364872974595,1.2300583961000644
1.825365073014603,1.4813605409589714
1.826365273054611,1.4658158360415543
1.827365473094619,1.4235391749525712
1.828365673134627,1.7941657616678846
1.829365873174635,1.6363822689294119
1.830366073214643,1.536649559476279
1.831366273254651,1.4628188265267572
1.832366473294659,1.6035845139300746
1.833366673334667,1.491551123773793
1.834366873374675,1.3237546691006654
1.835367073414683,1.5957247802378993
1.836367273454691,1.7310332815573255
1.837367473494699,1.847014028315791
1.838367673534707,1.7467115342208155
1.839367873574715,1.229829293580487
1.840368073614723,1.9035441656514804
1.841368273654731,1.9690283568245226
1.842368473694739,1.868866948198803
1.843368673734747,1.7656815358884532
1.844368873774755,1.9162419385878795
1.845369073814763,1.77466337534156
1.846369273854771,2.039354327850253
1.847369473894779,1.8244028702776278
1.848369673934787,1.6974322173383725
1.849369873974795,1.7973506966900943
1.850370074014803,2.196241853927475
1.851370274054811,1.972272804732161
1.852370474094819,2.22236534596101
1.853370674134827,2.2785936700372793
1.854370874174835,2.146291945519129
1.855371074214843,2.2075749992055878
1.856371274254851,2.1930876986203733
1.857371474294859,2.0944525873532434
1.858371674334867,1.9860021790735585
1.859371874374875,2.257683883395781
1.860372074414883,1.9299017969308598
1.861372274454891,2.356407984688982
1.862372474494899,1.9813789058623539
1.863372674534907,2.3436427634186625
1.864372874574915,2.106496967491471
1.865373074614923,2.43930672698926
1.866373274654931,2.2930112951183603
1.867373474694939,2.0374793850338064
1.868373674734947,2.291133679341948
1.869373874774955,2.085466476499743
1.870374074814963,2.118558525839429
1.871374274854971,2.169658424206571
1.872374474894979,2.4424707742150242
1.873374674934987,2.231390642194892
1.874374874974995,2.2955873965891294
1.8753750750150031,2.273461222820156
1.8763752750550111,2.2731444954178435
1.8773754750950191,2.395096108680421
1.878375675135027,2.376667178223226
1.879375875175035,2.3640209213626693
1.880376075215043,2.4914903262504673
1.881376275255051,2.2955236204039116
1.882376475295059,2.6304908430982654
1.883376675335067,2.0721708465254203
1.884376875375075,2.2102340300908687
1.885377075415083,2.241994854906648
1.886377275455091,2.115936595045893
1.887377475495099,2.4114519994554238
1.888377675535107,2.1910464784338903
1.889377875575115,2.1703908410454966
1.890378075615123,2.312165451510926
1.891378275655131,2.23127280331604
1.892378475695139,2.074078884409886
1.893378675735147,2.297613046640378
1.894378875775155,2.0647726676720155
1.895379075815163,2.2605918720551634
1.896379275855171,2.1143831599774088
1.897379475895179,2.000370409955902
1.898379675935187,1.9865245167375998
1.899379875975195,1.9437770803821794
1.900380076015203,2.1177626929396594
1.901380276055211,1.8888042884351057
1.902380476095219,2.177383105135421
1.903380676135227,1.8145260928644356
1.904380876175235,2.0782606561262718
1.905381076215243,1.8089073477152178
1.906381276255251,1.68480142069614
1.907381476295259,2.1550929219482393
1.908381676335267,1.7104848179757655
1.909381876375275,1.5454277049091947
1.910382076415283,1.891250466074672
1.911382276455291,2.0100036225580924
1.912382476495299,1.4331163643495228
1.913382676535307,1.7167450615623356
1.914382876575315,1.5128059812253392
1.915383076615323,1.7806515656993258
1.916383276655331,1.5918319951046418
1.917383476695339,1.5942014121349044
1.918383676735347,1.7323788707771166
1.919383876775355,1.3383062452178291
1.920384076815363,1.4962703536767479
1.921384276855371,1.131332516403306
1.922384476895379,1.4453333620657627
1.923384676935387,1.350498645642658
1.924384876975395,1.4835339937648484
1.925385077015403,1.2379659003937926
1.926385277055411,1.304442943495848
1.927385477095419,1.4680915154779643
1.928385677135427,1.1230099779671379
1.929385877175435,1.187103397683118
1.930386077215443,1.1146935480972004
1.931386277255451,1.2662018262767438
1.932386477295459,1.0003622685240434
1.933386677335467,1.1199144985326348
1.934386877375475,0.8679731220278548
1.935387077415483,1.1228113125098362
1.936387277455491,1.0469581435886772
1.937387477495499,0.9961711776338578
1.9383876775355071,0.9082406480209159
1.9393878775755151,0.8168417891120476
1.9403880776155231,1.0796297229007672
1.9413882776555311,0.8993190841963943
1.9423884776955391,1.0304098683742962
1.9433886777355471,0.8574512764537862
1.9443888777755551,0.8824474168241887
1.9453890778155631,0.6954449241410741
1.9463892778555711,0.8860405243251216
1.9473894778955791,0.4874586917413391
1.9483896779355871,0.9234858746535519
1.9493898779755952,0.7831695446360666
1.9503900780156032,0.873033929041436
1.9513902780556112,0.6451326172801432
1.9523904780956192,0.520796515296712
1.9533906781356272,0.7663167126209147
1.9543908781756352,0.6177316039543366
1.9553910782156432,0.9029652572521977
1.9563912782556512,0.6815379880727657
1.9573914782956592,0.6079349179658932
1.9583916783356672,0.6382367696167364
1.9593918783756752,0.7222460024523837
1.9603920784156832,0.6608558881482338
1.9613922784556912,0.7855286280494096
1.9623924784956992,0.7921737143188868
1.9633926785357072,0.5103724680485202
1.9643928785757152,0.42898952721095374
1.9653930786157232,0.5143312556911188
1.9663932786557312,0.40723252415879907
1.9673934786957392,0.6553300887312234
1.9683936787357472,0.34768765576716476
1.9693938787757552,0.5103849187558307
1.9703940788157632,0.5170438290946556
1.9713942788557712,0.35887485762323984
1.9723944788957792,0.5100341101798989
1.9733946789357872,0.5534287471757589
1.9743948789757952,0.4682727321553004
1.9753950790158032,0.35748453363940613
1.9763952790558112,0.5672711906158256
1.9773954790958193,0.7001481091831833
1.9783956791358273,0.43576372473495867
1.9793958791758353,0.26896675325491654
1.9803960792158433,0.4382454012126356
1.9813962792558513,0.8391526823587718
1.9823964792958593,0.274058918827344
1.9833966793358673,0.3446083758920001
1.9843968793758753,0.3624881829541126
1.9853970794158833,0.3243629094358666
1.9863972794558913,0.3375854563456317
1.9873974794958993,0.39614919574752194
1.9883976795359073,0.36039227894619413
1.9893978795759153,0.36371626878701774
1.9903980796159233,0.22918323416321862
1.9913982796559313,0.10393073124448632
1.992398479695939,0.12530975470185401
1.993398679735947,0.006202536130420655
1.994398879775955,0.44852428398386035
1.995399079815963,0.32677388661216367
1.996399279855971,0.12311974731747319
1.997399479895979,0.6066370375965375
1.998399679935987,0.46744757292455763
1.999399879975995,0.3027538424860336
2.000400080016003,0.4320085705219491
2.001400280056011,0.27599479836780894
2.002400480096019,0.3292416214317637
2.003400680136027,0.08824831989635515
2.004400880176035,0.343698804369537
2.005401080216043,0.2862310811192228
2.006401280256051,0.47807993794095605
2.007401480296059,0.5138268124586863
2.008401680336067,0.1955751625790555
2.009401880376075,0.16811198481928724
2.010402080416083,0.008255968074922626
2.011402280456091,0.11580844961686529
2.012402480496099,0.1062699568534197
2.013402680536107,0.4472801160091354
2.014402880576115,0.08954073660875747
2.015403080616123,0.14576084545596227
2.016403280656131,0.5106055313566314
2.017403480696139,0.3048306184674845
2.018403680736147,0.23306669673560748
2.019403880776155,0.31887599384838333
2.020404080816163,0.14323396970284752
2.021404280856171,0.5276198265498009
2.022404480896179,0.42465898001388425
2.023404680936187,0.011452541366936575
2.024404880976195,0.20848974537147152
2.025405081016203,0.2083119745386054
2.026405281056211,-0.02360667997157967
2.027405481096219,0.2587011539933228
2.028405681136227,0.13366706979171178
2.029405881176235,0.2981151068588314
2.030406081216243,0.10841825125713636
2.0314062812562512,0.2122790378395374
2.0324064812962592,0.0002651975508852489
2.0334066813362672,0.09367294220273971
2.0344068813762752,0.43092494304017376
2.0354070814162832,0.09142430792790132
2.0364072814562912,0.027166251954007237
2.0374074814962992,0.0125242930767486
2.0384076815363072,0.4487378816885252
2.0394078815763153,0.08440649777210783
2.0404080816163233,0.3942143796375317
2.0414082816563313,0.007016445346321093
2.0424084816963393,0.23921624790863466
2.0434086817363473,0.24708921262115374
2.0444088817763553,-0.05542814699798554
2.0454090818163633,0.0736179855998828
2.0464092818563713,-0.058943768379249584
2.0474094818963793,0.16066137631846092
2.0484096819363873,0.12769933348464899
2.0494098819763953,-0.04023846789019131
2.0504100820164033,0.10708923161789173
2.0514102820564113,0.28236521557137184
2.0524104820964193,0.3166018635381888
2.0534106821364273,0.21393857151350731
2.0544108821764353,0.24163538355877678
2.0554110822164433,0.07147336186319324
2.0564112822564513,-0.025242208382064424
2.0574114822964593,0.22563940712292618
2.0584116823364673,-0.07324548813143995
2.0594118823764753,0.0802108518414286
2.0604120824164833,0.08523352551366649
2.0614122824564913,0.11242845933116033
2.0624124824964993,-0.08822721992236658
2.0634126825365073,-0.14995996441517762
2.0644128825765153,-0.22756875173842853
2.0654130826165233,-0.02844577079470967
2.0664132826565313,0.08402938957920733
2.0674134826965394,0.09839523162270031
2.0684136827365474,-0.39450452519811596
2.0694138827765554,0.22166261517118793
2.0704140828165634,-0.19219187369689078
2.0714142828565714,-0.11215976283521442
2.0724144828965794,-0.0033897604553057223
2.0734146829365874,-0.21994537315405652
2.0744148829765954,0.04310472380285209
2.0754150830166034,-0.24137438655718893
2.0764152830566114,-0.03101896422778227
2.0774154830966194,0.1846628192591479
2.0784156831366274,0.004202527615436302
2.0794158831766354,-0.20382722036039375
2.0804160832166434,-0.08267540467894431
2.0814162832566514,-0.22276872089523467
2.0824164832966594,0.0397640713922127
2.0834166833366674,0.07690066929375255
2.0844168833766754,0.11394194463072038
2.0854170834166834,-0.09010270958858987
2.0864172834566914,-0.041641050476442926
2.0874174834966994,-0.14999146027177598
2.0884176835367074,0.04525713653733328
2.0894178835767154,-0.07981959090252612
2.0904180836167234,-0.3480362417370587
2.0914182836567314,0.20054231948678594
2.0924184836967394,0.385256719068914
2.0934186837367474,0.006111791028923161
2.0944188837767554,-0.07577217961562062
2.0954190838167635,-0.0158497586356997
2.0964192838567715,-0.11527803580368251
2.0974194838967795,-0.036268469357462
2.0984196839367875,-0.11338634178704106
2.0994198839767955,0.007412150903640176
2.1004200840168035,-0.06494034017328333
2.1014202840568115,-0.25763584020198993
2.1024204840968195,-0.04875057825838772
2.1034206841368275,0.035632152972591494
2.1044208841768355,-0.25438049976183913
2.1054210842168435,-0.04822784761401594
2.1064212842568515,0.15167755915179465
2.1074214842968595,-0.014056654947592118
2.1084216843368675,-0.19875601851142055
2.1094218843768755,-0.05720582578765214
2.1104220844168835,0.025870929952885258
2.1114222844568915,-0.043059059557062795
2.1124224844968995,-0.1782633183404197
2.1134226845369075,0.07258286681730931
2.1144228845769155,-0.1510336772003136
2.1154230846169235,-0.4316059416679139
2.1164232846569315,-0.26180355976770275
2.1174234846969395,-0.09612366293413074
2.1184236847369475,-0.003083528850943429
2.1194238847769555,-0.3425310094509231
2.1204240848169635,-0.06021630158750728
2.1214242848569715,-0.39745865206534803
2.1224244848969795,-0.04511060990882387
2.1234246849369875,-0.19814817652928599
2.1244248849769956,-0.28163040778672527
2.1254250850170036,-0.17139845452594663
2.1264252850570116,-0.3699578209911223
2.1274254850970196,0.027011554786928987
2.1284256851370276,0.004456957572348319
2.1294258851770356,-0.3369783213955346
2.1304260852170436,-0.11254872221198983
2.1314262852570516,-0.2668205107002981
2.1324264852970596,-0.49407565373691975
2.1334266853370676,-0.16549869859561517
2.1344268853770756,-0.41022341356817205
2.1354270854170836,-0.3159601870687074
2.1364272854570916,-0.4167242222885072
2.1374274854970996,-0.3441606612295939
2.1384276855371076,-0.09015527885792116
2.1394278855771156,-0.13030043837892874
2.1404280856171236,-0.3586177615569469
2.1414282856571316,-0.4469588017709891
2.1424284856971396,-0.20554641385207537
2.1434286857371476,-0.3204269089603115
2.1444288857771556,-0.09983409491971242
2.1454290858171636,-0.4215773637799948
2.1464292858571716,-0.19133182224279432
2.1474294858971796,-0.37790877993939864
2.1484296859371876,-0.5647171979385083
2.1494298859771956,-0.13770210736173671
2.1504300860172036,-0.14463414499310429
2.1514302860572116,-0.2901542557271546
2.1524304860972197,-0.029379972539154253
2.1534306861372277,-0.3117137998148335
2.1544308861772357,-0.14201578315800273
2.1554310862172437,-0.3145591973300907
2.1564312862572517,-0.0635319551778871
2.1574314862972597,-0.44701014565978614
2.1584316863372677,-0.021109966181254436
2.1594318863772757,-0.3630814796372244
2.1604320864172837,-0.2585255111353948
2.1614322864572917,-0.22026003969435198
2.1624324864972992,-0.38772223866015093
2.1634326865373072,-0.4287918139535825
2.1644328865773153,-0.3730342644677786
2.1654330866173233,-0.42695511500882644
2.1664332866573313,-0.23834165609836636
2.1674334866973393,-0.3678615347101769
2.1684336867373473,-0.3084000204416253
2.1694338867773553,-0.5060566069302823
2.1704340868173633,-0.38059923052191497
2.1714342868573713,-0.5242834936777406
2.1724344868973793,-0.16318161058706915
2.1734346869373873,-0.3492361626501712
2.1744348869773953,-0.45796959274517013
2.1754350870174033,-0.1857477078929191
2.1764352870574113,-0.23979218765710159
2.1774354870974193,-0.13195307873234877
2.1784356871374273,-0.24092980381091955
2.1794358871774353,-0.398856841864499
2.1804360872174433,-0.2874715704199266
2.1814362872574513,-0.299874409103954
2.1824364872974593,-0.35208134503155986
2.1834366873374673,-0.4794390064392684
2.1844368873774753,-0.4313658079132612
2.1854370874174833,-0.03897359727746835
2.1864372874574913,-0.35539765764217535
2.1874374874974993,-0.20659029887503716
2.1884376875375073,-0.3517345432588226
2.1894378875775153,-0.19085566921268027
2.1904380876175233,-0.08536002005974289
2.1914382876575313,-0.45101824161197224
2.1924384876975394,-0.3783720174742508
2.1934386877375474,-0.06707894851812918
2.1944388877775554,-0.43030006696027845
2.1954390878175634,-0.14160581890063723
2.1964392878575714,-0.11169448094467416
2.1974394878975794,0.032582530531761855
2.1984396879375874,-0.42914778854552904
2.1994398879775954,-0.007474761471120417
2.2004400880176034,-0.4929416037283172
2.2014402880576114,-0.3581448173496785
2.2024404880976194,-0.12658562899565395
2.2034406881376274,-0.22037626129520174
2.2044408881776354,0.06317325887717068
2.2054410882176434,-0.0641306022634468
2.2064412882576514,-0.14256201818590608
2.2074414882976594,-0.5203940318759992
2.2084416883376674,-0.1375085420853752
2.2094418883776754,-0.16416337250050755
2.2104420884176834,-0.37785719041497084
2.2114422884576914,-0.24705669216227655
2.2124424884976994,-0.5467862877012092
2.2134426885377074,-0.38378724255029156
2.2144428885777154,-0.046799727118869025
2.2154430886177234,-0.28452834625555956
2.2164432886577314,-0.15074079964984077
2.2174434886977394,-0.04046610363647044
2.2184436887377474,0.00661147283197315
2.2194438887777554,-0.010009888439974184
2.2204440888177635,0.1654068903742476
2.2214442888577715,0.23933612400838145
2.2224444888977795,0.05615233004383893
2.2234446889377875,0.07368818879780023
2.2244448889777955,0.02951846891033938
2.2254450890178035,0.09068403299829264
2.2264452890578115,0.0035893878014697234
2.2274454890978195,0.5645782922613453
2.2284456891378275,-0.1833476280804654
2.2294458891778355,0.00902209369562848
2.2304460892178435,0.06456902705088426
2.2314462892578515,0.22165613839929077
2.2324464892978595,0.08629546860301694
2.2334466893378675,0.3965800453059307
2.2344468893778755,0.23469922579420138
2.2354470894178835,0.29868008630102055
2.2364472894578915,0.21400354026930118
2.2374474894978995,0.17856232175558664
2.2384476895379075,0.4208134226141978
2.2394478895779155,0.4389813853882334
2.2404480896179235,0.45034192288285446
2.2414482896579315,0.6313709519315847
2.2424484896979395,0.41890921894358507
2.2434486897379475,0.35549018478396066
2.2444488897779555,0.3738725995947905
2.2454490898179635,0.6226352189659463
2.2464492898579715,0.4640013332992257
2.2474494898979795,0.40003181238747554
2.2484496899379876,0.7679580299246749
2.2494498899779956,0.45477234399061606
2.2504500900180036,0.591021842029417
2.2514502900580116,0.7633845494732115
2.2524504900980196,0.49131182133389834
2.2534506901380276,0.6433727843114556
2.2544508901780356,0.7686615968148036
2.2554510902180436,0.679184934328152
2.2564512902580516,0.6249453536610436
2.2574514902980596,1.0717044364753874
2.2584516903380676,0.7735022422236192
2.2594518903780756,0.9071086944620768
2.2604520904180836,0.8292386032526978
2.2614522904580916,0.8641418139343734
2.2624524904980996,0.7575195637613517
2.2634526905381076,1.0046229342114514
2.2644528905781156,1.2054968878687151
2.2654530906181236,0.8751287433140841
2.2664532906581316,0.8949854252683154
2.2674534906981396,1.1351900047822665
2.2684536907381476,1.0191199461484481
2.2694538907781556,1.0879723441644615
2.2704540908181636,1.221655444748686
2.2714542908581716,1.4750314498246044
2.2724544908981796,0.8803840834912661
2.2734546909381876,0.8865273781155151
2.2744548909781956,1.3840704740324798
2.2754550910182036,0.9619084496012162
2.2764552910582116,1.1035650977421345
2.2774554910982197,1.4329101651693277
2.2784556911382277,0.7983376054682836
2.2794558911782357,1.2246716989857596
2.2804560912182437,1.3868989158567342
2.2814562912582517,1.2803155337234513
2.2824564912982597,1.2114090079121203
2.2834566913382677,1.398550870958492
2.2844568913782757,1.3559895972861915
2.2854570914182837,1.1652076799518132
2.2864572914582917,1.1468233277971074
2.2874574914982997,1.2907903622999508
2.2884576915383077,1.3567404540488142
2.2894578915783157,1.4715641198797154
2.2904580916183237,1.415413585872657
2.2914582916583317,1.1533677578020187
2.2924584916983397,1.2594058523096128
2.2934586917383477,1.1322425161038139
2.2944588917783557,1.4535132777880677
2.2954590918183637,1.5430431142623513
2.2964592918583717,1.375339255777854
2.2974594918983797,1.2275714336173271
2.2984596919383877,1.379324868902408
2.2994598919783957,1.0534486882396907
2.3004600920184037,1.475713640997936
2.3014602920584117,1.4991668547264834
2.3024604920984197,1.1558417195723003
2.3034606921384277,1.2681749309499162
2.3044608921784357,1.0080035283270943
2.3054610922184438,1.1649970390512394
2.3064612922584518,1.3786276338131835
2.3074614922984598,1.0907404176797586
2.3084616923384678,1.0572863092533495
2.3094618923784758,1.2397826778548309
2.3104620924184838,0.9929547995379905
2.3114622924584918,1.1687286062133873
2.3124624924984998,1.0668921569055176
2.313462692538508,1.1615977108040987
2.314462892578516,0.8670057009408657
2.315463092618524,0.8703719018194037
2.316463292658532,0.7084348786061585
2.31746349269854,1.0876821825954488
2.318463692738548,1.3032555533404078
2.319463892778556,0.6680508169413568
2.320464092818564,1.449360616137136
2.321464292858572,0.6792754421552786
2.32246449289858,0.9933988545539266
2.323464692938588,0.6775254332077092
2.324464892978596,0.92991919723054
2.325465093018604,0.7912003122220327
2.326465293058612,0.4945819647900856
2.32746549309862,0.8097673879258923
2.328465693138628,0.9355093584899545
2.329465893178636,0.7735999127083126
2.330466093218644,0.9265529926197544
2.331466293258652,0.832833917375849
2.33246649329866,0.7557645616840107
2.333466693338668,0.7181788186428988
2.334466893378676,0.25759882958989233
2.335467093418684,0.5266599644261761
2.336467293458692,0.3105532612761326
2.3374674934987,0.690077024230193
2.338467693538708,0.5933052631306395
2.339467893578716,0.5902876631453126
2.340468093618724,0.20587311350453502
2.341468293658732,0.4587333721909835
2.34246849369874,0.43168959389159345
2.343468693738748,0.3012573942637994
2.344468893778756,0.4895956529809644
2.345469093818764,0.30289828603865554
2.346469293858772,0.1169657553990053
2.34746949389878,0.20827753348550393
2.348469693938788,0.3485454804771125
2.349469893978796,0.33336157713251047
2.350470094018804,-0.036385123525502855
2.351470294058812,0.38401120791391774
2.35247049409882,0.253393543447874
2.353470694138828,0.36059962783362154
2.354470894178836,0.2274946110276279
2.355471094218844,0.0949038940749064
2.356471294258852,0.2587411219639457
2.35747149429886,0.07383468636974652
2.358471694338868,-0.0883969745683039
2.359471894378876,-0.3317891221588165
2.360472094418884,0.03997837015115205
2.361472294458892,-0.1713181207420305
2.3624724944989,-0.13497840666879052
2.363472694538908,0.08497732879024206
2.364472894578916,0.020510203457978424
2.365473094618924,-0.17607602629384567
2.366473294658932,-0.1874279994009687
2.36747349469894,0.1017580169900936
2.368473694738948,-0.26453591594783654
2.369473894778956,-0.14840017225507823
2.370474094818964,-0.07992317669888307
2.371474294858972,-0.10506726973613603
2.37247449489898,-0.20314032102504584
2.373474694938988,-0.247913024449551
2.374474894978996,0.017183650129671796
2.375475095019004,-0.06346608284326447
2.376475295059012,-0.08544882029558715
2.37747549509902,-0.3800682476379175
2.378475695139028,-0.12765028584696048
2.379475895179036,-0.4766672744966173
2.380476095219044,-0.41150312913339293
2.381476295259052,-0.17048330601149797
2.38247649529906,-0.45852672248506743
2.383476695339068,-0.16761006583894666
2.384476895379076,0.020303446899049282
2.385477095419084,-0.3036519586851916
2.386477295459092,-0.2904105606714257
2.3874774954991,-0.56662912266103
2.388477695539108,-0.30403802098690375
2.389477895579116,-0.038734763306216946
2.3904780956191236,-0.03371428454821912
2.3914782956591316,-0.2464202306306022
2.3924784956991396,-0.26367842962285054
2.3934786957391476,-0.41763847217455374
2.3944788957791556,-0.5032243534233547
2.3954790958191636,-0.4030516236070081
2.3964792958591716,-0.6349765873314518
2.3974794958991796,-0.250012983187841
2.3984796959391876,-0.308786358991479
2.3994798959791956,-0.43590270080279386
2.4004800960192036,-0.258298657701262
2.4014802960592116,-0.08480155522517199
2.4024804960992197,-0.416642150167045
2.4034806961392277,-0.5121596345315729
2.4044808961792357,-0.297090786731968
2.4054810962192437,-0.3922744102790281
2.4064812962592517,-0.2641164291919059
2.4074814962992597,-0.504547169837824
2.4084816963392677,-0.20717603214967284
2.4094818963792757,0.06781931465306862
2.4104820964192837,-0.16241771888840315
2.4114822964592917,-0.5750324348678975
2.4124824964992997,-0.23945050545807867
2.4134826965393077,-0.4276908806827173
2.4144828965793157,-0.6092933595252512
2.4154830966193237,-0.2559275549484749
2.4164832966593317,-0.512076455050721
2.4174834966993397,-0.14702424893758095
2.4184836967393477,-0.21593736765684857
2.4194838967793557,-0.001054913181828654
2.4204840968193637,-0.2060804253927091
2.4214842968593717,-0.34265716361595133
2.4224844968993797,-0.03958269469581782
2.4234846969393877,0.027622681720688103
2.4244848969793957,-0.5081263513690326
2.4254850970194037,-0.13903707208348876
2.4264852970594117,0.05943670786598171
2.4274854970994197,-0.39246952799080514
2.4284856971394277,-0.3097003940065125
2.4294858971794357,-0.314027867559448
2.4304860972194438,-0.2639760617413583
2.4314862972594518,-0.14514532046285317
2.4324864972994598,-0.022048999101579037
2.4334866973394678,-0.05000576203422816
2.4344868973794758,-0.3220175442352948
2.4354870974194838,-0.23617825925265248
2.4364872974594918,-0.05155047133931251
2.4374874974994998,-0.034706470026384356
2.438487697539508,-0.36032817840099274
2.439487897579516,-0.1538691085135166
2.440488097619524,-0.12489178767724479
2.441488297659532,-0.30088918338560294
2.44248849769954,-0.09156773258661312
2.443488697739548,-0.21976163212154873
2.444488897779556,-0.11001591718988452
2.445489097819564,-0.35819006417566834
2.446489297859572,-0.028084348462898506
2.44748949789958,-0.11746250679304636
2.448489697939588,-0.12517047543160603
2.449489897979596,-0.34642430328716267
2.450490098019604,-0.14765568938792545
2.451490298059612,-0.08857621268704603
2.45249049809962,-0.017301211099205016
2.453490698139628,-0.10848346160908853
2.454490898179636,-0.31780156658520964
2.455491098219644,-0.11096866165995706
2.456491298259652,-0.19482145815938606
2.45749149829966,-0.10665326246793932
2.458491698339668,-0.12479151665807663
2.459491898379676,-0.23964232228428986
2.460492098419684,-0.30092744118515014
2.461492298459692,-0.09345424693473238
2.4624924984997,-0.04141547213567898
2.463492698539708,-0.015672365136349342
2.464492898579716,0.1865965668018232
2.465493098619724,0.20611643017315665
2.466493298659732,-0.17660164214690904
2.46749349869974,0.024903433900416716
2.468493698739748,0.14646822936054987
2.469493898779756,0.03100655516489957
2.470494098819764,-0.29242122602375764
2.471494298859772,-0.13618371392368017
2.47249449889978,-0.1520653894394169
2.473494698939788,0.0007279559465777907
2.474494898979796,0.16516610502611648
2.475495099019804,-0.06109910611226457
2.476495299059812,0.10185459257660685
2.47749549909982,-0.041775689766696364
2.478495699139828,-0.3027030003405391
2.479495899179836,-0.20122731792337073
2.480496099219844,0.009681287364930444
2.481496299259852,-0.2765163882038661
2.48249649929986,-0.08378485019674273
2.483496699339868,-0.1526213886234718
2.484496899379876,0.005136241361302946
2.485497099419884,-0.17148628260346344
2.486497299459892,-0.15016557052565405
2.4874974994999,-0.010786392424262777
2.488497699539908,0.0995634630140701
2.489497899579916,-0.15481020483869182
2.490498099619924,0.08667327036627054
2.491498299659932,-0.14813637521198203
2.49249849969994,-0.043280540177222535
2.493498699739948,-0.1916918905866508
2.494498899779956,0.06561317919006776
2.495499099819964,0.10552388899820214
2.496499299859972,0.03607427133257035
2.49749949989998,-0.15632189377692102
2.498499699939988,-0.13821398980684063
2.499499899979996,-0.07688240132768032
2.500500100020004,-0.1893909216236306
2.501500300060012,-0.014369973568843085
2.50250050010002,0.3221715971727279
2.503500700140028,-0.11598935456693865
2.504500900180036,-0.10236372306489455
2.505501100220044,0.355209054766146
2.506501300260052,-0.03742963066521662
2.50750150030006,-0.00326394162033709
2.508501700340068,0.02966953955809118
2.509501900380076,-0.03164205541235763
2.510502100420084,0.052434112363066845
2.511502300460092,0.17904981503086526
2.5125025005001,-0.1597658988713698
2.513502700540108,-0.06494487485718603
2.514502900580116,0.09471356047933982
2.515503100620124,-0.10120151865362963
2.516503300660132,0.004661138100283228
2.51750350070014,0.1250101299394734
2.518503700740148,0.1138690251620939
2.519503900780156,0.08884259900948288
2.520504100820164,0.37493733741433566
2.521504300860172,-0.013147664920120525
2.52250450090018,0.1891878481141469
2.523504700940188,0.022242823112565785
2.524504900980196,0.24702666876145907
2.525505101020204,0.2858774431125475
2.526505301060212,-0.17955276874813764
2.52750550110022,0.29640065114356573
2.528505701140228,0.015230318641780552
2.529505901180236,0.13125749183097096
2.530506101220244,-0.01150814169051978
2.531506301260252,0.36663782663198197
2.53250650130026,0.003762943165451685
2.533506701340268,0.05758851688085313
2.534506901380276,0.1591583381089693
2.535507101420284,0.12644814202305618
2.536507301460292,0.3281456561118211
2.5375075015003,0.1323792312662517
2.538507701540308,0.05990074810427837
2.539507901580316,-0.012759569154069672
2.540508101620324,0.22290220822692472
2.541508301660332,0.20263615153626163
2.54250850170034,0.023286360877888518
2.543508701740348,0.12989063417717023
2.544508901780356,0.11563238898706987
2.545509101820364,0.09164216169959978
2.546509301860372,0.40854235936192473
2.54750950190038,-0.010675965330002646
2.548509701940388,0.22150122381929344
2.549509901980396,0.041063370956449324
2.550510102020404,0.029227712540741357
2.551510302060412,0.439201550174319
2.55251050210042,0.043124931392980764
2.553510702140428,0.30599674560510126
2.554510902180436,0.48250143405002455
2.555511102220444,0.06287635926001481
2.556511302260452,-0.1441793951097247
2.55751150230046,0.29600335734039
2.558511702340468,0.07075078067744517
2.559511902380476,0.4616691756743222
2.560512102420484,0.15895681658639135
2.561512302460492,0.046084731051344
2.5625125025005002,0.2365618311749396
2.5635127025405082,0.21282692165684777
2.5645129025805162,0.4410011268349642
2.5655131026205242,0.2389650080335591
2.5665133026605322,0.2744853786484305
2.5675135027005402,0.27083696107698535
2.5685137027405482,0.3948633898662057
2.5695139027805562,0.06766934969179622
2.5705141028205643,0.29325056810801975
2.5715143028605723,0.3802461632805799
2.5725145029005803,0.2741267519231685
2.5735147029405883,0.1231373446090262
2.5745149029805963,0.47125042165491626
2.5755151030206043,0.31275767836927465
2.5765153030606123,0.3395280330100568
2.5775155031006203,0.3893023071529258
2.5785157031406283,0.32221611675005696
2.5795159031806363,-0.004117167995121518
2.5805161032206443,0.18578765017965854
2.5815163032606523,0.4695318110180593
2.5825165033006603,0.4638339106447307
2.5835167033406683,0.1870781453360952
2.5845169033806763,0.17895213729024367
2.5855171034206843,0.29612969207000184
2.5865173034606923,0.5348377738918245
2.5875175035007003,0.4062374108035056
2.5885177035407083,0.3104523094107631
2.5895179035807163,0.3093930135394214
2.5905181036207243,0.5202734000578303
2.5915183036607323,0.22200819713038664
2.5925185037007403,0.3101229444848378
2.5935187037407483,0.30171590610797144
2.5945189037807563,0.31389101886286463
2.5955191038207643,0.5463325871520471
2.5965193038607723,0.2731231657573182
2.5975195039007803,0.5055620404486336
2.5985197039407884,0.6910016942540502
2.5995199039807964,0.4832154603962814
2.6005201040208044,0.5066688482523655
2.6015203040608124,0.2351320697337829
2.6025205041008204,0.525111907118828
2.6035207041408284,0.42179176651156625
2.6045209041808364,0.43299170422491345
2.6055211042208444,0.3906952040980015
2.6065213042608524,0.19938607458522034
2.6075215043008604,0.1803173172977432
2.6085217043408684,0.4679358295400284
2.6095219043808764,0.44466644612459316
2.6105221044208844,0.4498585474390628
2.6115223044608924,0.5750942307285227
2.6125225045009004,0.6600320858664255
2.6135227045409084,0.4680479656894065
2.6145229045809164,0.40951327140539767
2.6155231046209244,0.6847627970708076
2.6165233046609324,0.36483490358242504
2.61752350470094,0.5842116406643205
2.618523704740948,0.5017383114016719
2.619523904780956,0.4423284690121666
2.620524104820964,0.6528059786346949
2.621524304860972,0.6001630402351806
2.62252450490098,0.6154657311408879
2.623524704940988,0.632581729564989
2.624524904980996,0.8009559646531557
2.625525105021004,0.6569477899229297
2.626525305061012,0.6003287703841104
2.62752550510102,0.7950052685306231
2.628525705141028,0.6421602619568018
2.629525905181036,0.7827929809023982
2.630526105221044,0.7885125529196338
2.631526305261052,0.9282372421236502
2.63252650530106,0.8882191768350898
2.633526705341068,0.5782362908263528
2.634526905381076,0.6048952473633156
2.635527105421084,0.8552494588540612
2.636527305461092,0.6309216746418352
2.6375275055011,0.9752605995666515
2.638527705541108,1.1216135021673708
2.639527905581116,0.7482575441183873
2.640528105621124,0.7141534208095173
2.641528305661132,1.0152007528634175
2.64252850570114,0.8476511249363092
2.643528705741148,0.965706230804676
2.644528905781156,1.2390496826487587
2.645529105821164,0.9509658699299928
2.646529305861172,0.9799198576629276
2.64752950590118,1.2048278079421941
2.648529705941188,1.1172977752442625
2.649529905981196,0.8462224216278504
2.650530106021204,1.5218981492139618
2.651530306061212,1.4591864251756388
2.65253050610122,1.0065157815218848
2.653530706141228,1.211508055859787
2.654530906181236,1.4043246376326253
2.655531106221244,1.2171510564343377
2.656531306261252,1.3421288075893805
2.65753150630126,1.2992299024843592
2.658531706341268,1.082176584324697
2.659531906381276,1.423385109119635
2.660532106421284,1.525343450300965
2.661532306461292,1.6518669090002478
2.6625325065013,1.6189923264973616
2.663532706541308,1.4390914656169747
2.664532906581316,1.4738875714126978
2.665533106621324,1.6018504016648876
2.666533306661332,1.5073668383964252
2.66753350670134,1.7445519367660756
2.668533706741348,1.5531307247054262
2.669533906781356,1.923970944211497
2.670534106821364,1.5819664471122383
2.671534306861372,1.8705024318753518
2.67253450690138,1.6593229281675357
2.673534706941388,1.8047109163501562
2.674534906981396,1.9560024262463493
2.675535107021404,2.033621894463917
2.676535307061412,1.9734596374494542
2.67753550710142,2.153734155157828
2.678535707141428,1.8537063046073905
2.679535907181436,1.6922875386634755
2.680536107221444,2.0967693496303976
2.681536307261452,1.9524344852810616
2.68253650730146,1.9662752711425264
2.683536707341468,1.7559807820419033
2.684536907381476,2.0251813462301964
2.685537107421484,1.8254110771380705
2.686537307461492,1.7963596924641334
2.6875375075015002,2.26731590681151
2.6885377075415082,2.2112747009350726
2.6895379075815162,2.412922581617916
2.6905381076215242,2.4302944475417676
2.6915383076615322,2.0263355065026634
2.6925385077015402,2.115973767026545
2.6935387077415482,2.239131627559994
2.6945389077815562,2.3663391343569393
2.6955391078215643,2.0986126287958395
2.6965393078615723,2.2490809868495365
2.6975395079015803,2.2385534089849055
2.6985397079415883,2.252365516306267
2.6995399079815963,2.4151347870829287
2.7005401080216043,2.3937959959717356
2.7015403080616123,2.414659524559176
2.7025405081016203,2.4499466288611442
2.7035407081416283,2.447365977262939
2.7045409081816363,2.102853534479612
2.7055411082216443,2.4559380479713653
2.7065413082616523,2.242059373230775
2.7075415083016603,2.2247777377959856
2.7085417083416683,2.3475176897445427
2.7095419083816763,2.1677831496766213
2.7105421084216843,2.4386064282675024
2.7115423084616923,2.0900383700043785
2.7125425085017003,2.5297744630231254
2.7135427085417083,2.1058439232330444
2.7145429085817163,2.393211881618097
2.7155431086217243,2.1854620845914265
2.7165433086617323,2.0423816008239664
2.7175435087017403,2.2322360860847974
2.7185437087417483,2.216470064323741
2.7195439087817563,2.041938252474119
2.7205441088217643,2.5796511943793394
2.7215443088617723,2.301674796955019
2.7225445089017803,2.0564016670176994
2.7235447089417884,2.242161751788432
2.7245449089817964,2.0664331345492664
2.7255451090218044,2.202315379459998
2.7265453090618124,2.211013363281735
2.7275455091018204,2.2113648174777807
2.7285457091418284,1.8478189228438184
2.7295459091818364,2.0501375201330365
2.7305461092218444,2.024502914474221
2.7315463092618524,2.0704491063752197
2.7325465093018604,1.9595894085340573
2.7335467093418684,1.817775581090308
2.7345469093818764,2.175728572054276
2.7355471094218844,1.777506123834769
2.7365473094618924,1.9318687373008068
2.7375475095019004,1.8634287673120773
2.7385477095419084,1.9772386788960885
2.7395479095819164,1.9479910657631623
2.7405481096219244,1.993680335570071
2.7415483096619324,1.7972153478242354
2.7425485097019404,1.9038949853965388
2.7435487097419484,1.6291560656699966
2.7445489097819564,1.9732874674451906
2.7455491098219644,1.6568641443583758
2.7465493098619724,1.694670938797644
2.7475495099019804,1.4434546449460708
2.7485497099419884,1.8125755696970989
2.7495499099819964,1.6567148367382316
2.7505501100220044,1.8274451093028599
2.7515503100620124,1.313578583010116
2.7525505101020205,1.558890946858716
2.7535507101420285,1.2830053122676832
2.7545509101820365,1.582524733420723
2.7555511102220445,1.6219112891377423
2.7565513102620525,1.41502428551604
2.7575515103020605,1.353125496671927
2.7585517103420685,1.3230551800475618
2.7595519103820765,1.2667120056906749
2.7605521104220845,1.2059060940997306
2.7615523104620925,1.0409386206786364
2.7625525105021005,1.4068437861828693
2.7635527105421085,1.4983280624895272
2.7645529105821165,1.3857121662377658
2.7655531106221245,1.2508117470121651
2.7665533106621325,1.034175281192595
2.7675535107021405,1.1775044491462592
2.7685537107421485,0.7610355102379942
2.7695539107821565,0.8819659753658589
2.7705541108221645,1.1685422483615349
2.7715543108621725,1.071861943638817
2.7725545109021805,1.122263102036455
2.7735547109421885,1.115762239331382
2.7745549109821965,0.8147466251175031
2.7755551110222045,0.9269148034997905
2.7765553110622125,1.0503751242561061
2.7775555111022205,0.7646665867600827
2.7785557111422285,0.6671936758844527
2.7795559111822365,0.8329079596367293
2.7805561112222446,0.8558657818298974
2.7815563112622526,0.8258041721118796
2.7825565113022606,1.041170296730538
2.7835567113422686,0.7762137965530984
2.7845569113822766,0.7177282809501184
2.7855571114222846,0.5246909499709377
2.7865573114622926,0.6933807377485168
2.7875575115023006,0.7205403766720722
2.7885577115423086,0.5312338567444589
2.7895579115823166,0.6420918421119438
2.7905581116223246,0.1427228531936215
2.7915583116623326,0.6465345735769069
2.7925585117023406,0.6419794246869986
2.7935587117423486,0.4914191227961665
2.7945589117823566,0.8231405089632455
2.7955591118223646,0.6115348170259814
2.7965593118623726,0.5410560889388154
2.7975595119023806,0.5372554269674887
2.7985597119423886,0.333568749668088
2.7995599119823966,0.8941647007888145
2.8005601120224046,0.47749476256933204
2.8015603120624126,0.3851771573959641
2.8025605121024206,0.42012035214055704
2.8035607121424286,0.42381187368703466
2.8045609121824366,0.5625169507461802
2.8055611122224446,0.38742729223756994
2.8065613122624526,0.7272051178724726
2.8075615123024606,0.24506208688252096
2.8085617123424687,0.46061636114665994
2.8095619123824767,0.31626817684770847
2.8105621124224847,0.3779045311821899
2.8115623124624927,0.38041254497154187
2.8125625125025007,0.5627247906753203
2.8135627125425087,0.2607376874878107
2.8145629125825167,0.6375286169510266
2.8155631126225247,0.3998296975877077
2.8165633126625327,0.20275279610370264
2.8175635127025407,0.569939394030518
2.8185637127425487,0.47052778656155725
2.8195639127825567,0.31817132207143534
2.8205641128225647,0.3619324367424246
2.8215643128625727,0.3973937953715925
2.8225645129025807,0.3981123928650908
2.8235647129425887,0.22861400556727765
2.8245649129825967,0.38464180557618105
2.8255651130226047,0.10687536981249862
2.8265653130626127,0.3350482140526439
2.8275655131026207,0.027646052340382032
2.8285657131426287,0.12994935211094286
2.8295659131826367,0.28260257186178234
2.8305661132226447,0.33061420784808665
2.8315663132626527,0.29242135601165126
2.8325665133026607,0.14806441535293347
2.8335667133426687,0.5668188313028719
2.8345669133826767,0.21059912795759023
2.8355671134226847,0.37864929793847857
2.8365673134626928,0.295258614158842
2.8375675135027008,0.05711911097539693
2.8385677135427088,0.24215243558170552
2.8395679135827168,0.4890572306983501
2.8405681136227248,0.2172382741410878
2.8415683136627328,0.4762475701843983
2.8425685137027408,0.4618395169337639
2.8435687137427488,0.34263560820902483
2.844568913782757,0.2295418186657283
2.8455691138227643,0.3760802946815932
2.8465693138627723,0.1106115344465109
2.8475695139027803,0.42111108216574394
2.8485697139427884,0.24231204391026917
2.8495699139827964,0.38474348609112186
2.8505701140228044,0.15345081610029393
2.8515703140628124,0.3820044113133513
2.8525705141028204,0.23770801384164308
2.8535707141428284,0.051725386786205224
2.8545709141828364,0.4328621091426911
2.8555711142228444,0.22306760073435353
2.8565713142628524,0.30521713606085965
2.8575715143028604,0.463697717671795
2.8585717143428684,0.21234748470261816
2.8595719143828764,0.18590621686895475
2.8605721144228844,0.1495346694968978
2.8615723144628924,0.18568006732116976
2.8625725145029004,0.09855586676541939
2.8635727145429084,0.1335498831503081
2.8645729145829164,0.2160313056954214
2.8655731146229244,0.24743698998967167
2.8665733146629324,0.15824503806771112
2.8675735147029404,0.21729102349795207
2.8685737147429484,0.14678532804252853
2.8695739147829564,0.23265413802524762
2.8705741148229644,0.2039404426140361
2.8715743148629724,0.12718632297493804
2.8725745149029804,0.2886886649997352
2.8735747149429884,0.06301956536841363
2.8745749149829964,0.02112512930898805
2.8755751150230044,0.34529438578602767
2.8765753150630125,0.19686671134189132
2.8775755151030205,-0.035854039699010354
2.8785757151430285,0.3743801523447346
2.8795759151830365,0.19811461305593486
2.8805761152230445,0.2343103211284383
2.8815763152630525,0.018691898670214785
2.8825765153030605,0.10273754927469628
2.8835767153430685,0.04818009938958717
2.8845769153830765,0.22646853423473245
2.8855771154230845,0.14540829309806713
2.8865773154630925,0.208481928745845
2.8875775155031005,-0.03766379364477607
2.8885777155431085,-0.19105948552706742
2.8895779155831165,-0.07589815245971399
2.8905781156231245,-0.05813093836189158
2.8915783156631325,0.33112995031451714
2.8925785157031405,0.05179858346872123
2.8935787157431485,0.10626674967708404
2.8945789157831565,0.31430136939130565
2.8955791158231645,0.05839113139106101
2.8965793158631725,-0.048240502143163985
2.8975795159031805,0.12332727030376772
2.8985797159431885,-0.061409586186020076
2.8995799159831965,0.24199764178898783
2.9005801160232045,0.001182388151135555
2.9015803160632125,0.09729071439338169
2.9025805161032205,-0.06804910440047725
2.9035807161432285,0.053688866132018793
2.9045809161832365,-0.15197853008686069
2.9055811162232446,0.05712319494785389
2.9065813162632526,0.1858768640141154
2.9075815163032606,0.08091250704558087
2.9085817163432686,-0.07087140833189119
2.9095819163832766,0.04025763810619435
2.9105821164232846,-0.0567580015606996
2.9115823164632926,0.041616456226145515
2.9125825165033006,0.09299079009543812
2.9135827165433086,-0.32909351621048727
2.9145829165833166,0.3509709507141358
2.9155831166233246,0.11455565644454492
2.9165833166633326,0.011724194865120469
2.9175835167033406,0.011166322537645393
2.9185837167433486,-0.08955051128997481
2.9195839167833566,0.2959870550722224
2.9205841168233646,0.03741542209274157
2.9215843168633726,-0.2533505979789775
2.9225845169033806,-0.0549618834254801
2.9235847169433886,-0.03830084972767907
2.9245849169833966,0.06064801335207447
2.9255851170234046,0.00974771809895441
2.9265853170634126,-0.1835917177884657
2.9275855171034206,0.20298538705292696
2.9285857171434286,0.1754532139320347
2.9295859171834366,0.008904224150033967
2.9305861172234446,0.07768175502480973
2.9315863172634526,0.09875416083752503
2.9325865173034606,-0.1473021043950773
2.9335867173434687,-0.17080360003152828
2.9345869173834767,0.21588353253521364
2.9355871174234847,0.04384830523227269
2.9365873174634927,0.06763235430424515
2.9375875175035007,-0.3227156863640101
2.9385877175435087,-0.1743607858255411
2.9395879175835167,-0.06809335155545736
2.9405881176235247,-0.04735303686609417
2.9415883176635327,-0.0052289535249711305
2.9425885177035407,-0.038941226970073795
2.9435887177435487,0.22101086056568525
2.9445889177835567,-0.1955848166477611
2.9455891178235647,0.02261402970127055
2.9465893178635727,0.05540659359567858
2.9475895179035807,-0.2852091215128404
2.9485897179435887,0.19848907481841305
2.9495899179835967,-0.05538411358256051
2.9505901180236047,-0.16402440454201822
2.9515903180636127,-0.204079056016078
2.9525905181036207,0.11763413975425244
2.9535907181436287,-0.09381611082405145
2.9545909181836367,-0.04292859492723486
2.9555911182236447,-0.017923446674939114
2.9565913182636527,-0.21845325978405986
2.9575915183036607,-0.42768755460223706
2.9585917183436687,-0.07236797242287415
2.9595919183836767,-0.06602389028344584
2.9605921184236847,-0.12805918210381628
2.9615923184636928,-0.04519008644859622
2.9625925185037008,-0.3383957087580357
2.9635927185437088,-0.3699863699504886
2.9645929185837168,0.009807163320542878
2.9655931186237248,-0.1758754007606351
2.9665933186637328,-0.1681553435943891
2.9675935187037408,-0.21866029844744186
2.9685937187437488,0.006644875388789773
2.969593918783757,-0.24671187143127202
2.970594118823765,-0.491386951068832
2.971594318863773,-0.21642974877273868
2.972594518903781,-0.1776109699623915
2.973594718943789,0.005693628424222469
2.974594918983797,0.14325476858881775
2.975595119023805,-0.336956302070468
2.976595319063813,-0.07400581949795623
2.977595519103821,-0.11178460672850765
2.978595719143829,-0.4255381293780104
2.979595919183837,-0.1341670812827416
2.980596119223845,-0.42424880979895513
2.981596319263853,-0.04023242146728262
2.982596519303861,-0.1603566461380907
2.983596719343869,-0.34581669062400566
2.984596919383877,-0.341334596826562
2.985597119423885,0.030716035110354534
2.986597319463893,-0.25136778869166043
2.987597519503901,-0.4688369205537929
2.988597719543909,-0.43289574917667906
2.989597919583917,-0.3036673736920407
2.990598119623925,-0.1707791834259197
2.991598319663933,-0.4316152016805922
2.992598519703941,-0.22209475045825047
2.993598719743949,-0.31699660541332264
2.994598919783957,-0.09888451810319754
2.995599119823965,-0.3790044392566153
2.996599319863973,-0.31497139788789885
2.997599519903981,-0.6085819479593448
2.998599719943989,-0.12447036984296131
2.999599919983997,-0.425694786632622
3.000600120024005,-0.2947806203700052
3.001600320064013,-0.15894263181188328
3.002600520104021,-0.04600185386620417
3.003600720144029,-0.47122731656308897
3.004600920184037,-0.3309648178231423
3.005601120224045,-0.35000522256583727
3.006601320264053,-0.5290617809445861
3.007601520304061,-0.12869542051737262
3.008601720344069,-0.228421019377656
3.009601920384077,-0.3353405954305355
3.010602120424085,-0.23894306396810533
3.011602320464093,-0.3243752731544889
3.012602520504101,-0.21061327426168897
3.013602720544109,-0.27500971667030777
3.014602920584117,-0.1683904320803764
3.015603120624125,-0.13343981939016394
3.016603320664133,-0.12559473624354872
3.017603520704141,-0.30690472239689953
3.018603720744149,-0.2794708414502227
3.019603920784157,-0.1839107615005402
3.020604120824165,-0.37102846785993104
3.021604320864173,-0.454456140094734
3.022604520904181,-0.49586136759584426
3.023604720944189,-0.43845175784182655
3.024604920984197,-0.3087997129736334
3.025605121024205,-0.39170368717619414
3.026605321064213,-0.28554582382859955
3.027605521104221,-0.27473853948780913
3.028605721144229,-0.434112107461169
3.029605921184237,-0.1705659211017021
3.030606121224245,-0.2709770568236052
3.031606321264253,-0.17182290624783886
3.032606521304261,-0.18215258701941167
3.033606721344269,-0.2482503252532482
3.034606921384277,-0.21654162719850478
3.035607121424285,-0.26696879709719784
3.036607321464293,-0.07985058927622815
3.037607521504301,-0.33426517433637204
3.038607721544309,-0.22753288721864454
3.039607921584317,-0.06157897804549675
3.040608121624325,-0.24796953966888916
3.041608321664333,-0.2616337473517056
3.042608521704341,-0.2278675465365244
3.043608721744349,-0.23416215462049253
3.044608921784357,-0.010782652842209556
3.045609121824365,-0.386434454232063
3.046609321864373,0.26516710055460296
3.047609521904381,0.07020788386092675
3.048609721944389,-0.1261028431159157
3.049609921984397,-0.1204726736949682
3.050610122024405,-0.23267388942842843
3.051610322064413,-0.09943992499472475
3.052610522104421,-0.006847621291899225
3.053610722144429,0.16316658218531796
3.054610922184437,0.07237370809007707
3.055611122224445,-0.16590329949090485
3.056611322264453,-0.22020675055397093
3.057611522304461,0.012078056420831061
3.058611722344469,0.24373760348231918
3.059611922384477,0.2502769440400233
3.060612122424485,-0.07455728405087272
3.061612322464493,0.10844363645985679
3.062612522504501,0.054738209932401305
3.063612722544509,-0.0864672429618907
3.064612922584517,0.12558805640821216
3.065613122624525,0.23377838024164838
3.066613322664533,-0.11857712652174124
3.067613522704541,0.28897126700080583
3.068613722744549,0.47500983954144405
3.069613922784557,0.019930830083558837
3.070614122824565,0.18454704116880769
3.071614322864573,0.37238460548852576
3.0726145229045807,0.5593286408356961
3.0736147229445887,0.3983035990377741
3.0746149229845967,0.46945308490681126
3.0756151230246047,0.44417542973753305
3.0766153230646127,0.5977446850681684
3.0776155231046207,0.4012589831987731
3.0786157231446287,0.3483728400508993
3.0796159231846367,0.34893189983057493
3.0806161232246447,0.5359616541322682
3.0816163232646527,0.6226495070039886
3.0826165233046607,0.6908168120803364
3.0836167233446687,0.5958085624619583
3.0846169233846767,0.6221568580361985
3.0856171234246847,0.7899016000758495
3.0866173234646928,0.8146071313483325
3.0876175235047008,0.9310107242210218
3.0886177235447088,0.6485872601559974
3.0896179235847168,0.8524220708756393
3.0906181236247248,0.7164646867900076
3.0916183236647328,0.9784339245153298
3.0926185237047408,1.1882330433189687
3.0936187237447488,1.2466262376793447
3.094618923784757,0.7407008970368756
3.095619123824765,0.6218771577549338
3.096619323864773,1.0751196786133068
3.097619523904781,1.093018079754404
3.098619723944789,0.7573667689691054
3.099619923984797,1.0621328217929396
3.100620124024805,1.0000691455569997
3.101620324064813,1.3148328156163758
3.102620524104821,1.3148644856768819
3.103620724144829,0.7125801740769414
3.104620924184837,1.1661354306289415
3.105621124224845,1.4663781349857095
3.106621324264853,0.9622325237924674
3.107621524304861,1.2763513757504696
3.108621724344869,1.272204436006615
3.109621924384877,1.1862294038475074
3.110622124424885,0.9789028228352228
3.111622324464893,1.2702598205180176
3.112622524504901,1.1769923990211733
3.113622724544909,1.0428605197895677
3.114622924584917,1.134170278919149
3.115623124624925,0.9746468471591141
3.116623324664933,1.3070044237473122
3.117623524704941,1.1871819779022241
3.118623724744949,1.4034772476079922
3.119623924784957,1.2525158139310233
3.120624124824965,1.338303013210013
3.121624324864973,1.197686676995858
3.122624524904981,1.130409224219816
3.123624724944989,1.214599824845842
3.124624924984997,1.4828838789711223
3.125625125025005,1.2364078222813217
3.126625325065013,1.2198826713745146
3.127625525105021,1.2998686109920563
3.128625725145029,1.518496112115541
3.129625925185037,0.929086858581214
3.130626125225045,1.2804516526239162
3.131626325265053,1.2094227920070295
3.132626525305061,1.0767497408345612
3.133626725345069,0.9060622575211332
3.134626925385077,1.1589509836754048
3.135627125425085,1.2056944582304812
3.136627325465093,1.1283918836949025
3.137627525505101,1.0432347135942788
3.138627725545109,1.0502018027818194
3.139627925585117,1.3023263808639185
3.140628125625125,1.316561034898704
3.141628325665133,1.2718808128613421
3.142628525705141,1.1842054870873233
3.143628725745149,1.2078200906340977
3.144628925785157,0.7745790761386169
3.145629125825165,1.140396386387548
3.146629325865173,1.0168286748830093
3.147629525905181,0.9372275167166043
3.148629725945189,0.9253292954419238
3.149629925985197,0.9762881319281916
3.150630126025205,1.1772610647010915
3.151630326065213,0.6716335902346267
3.152630526105221,1.0488297039403323
3.153630726145229,0.9611776137812271
3.154630926185237,0.8589097045684997
3.155631126225245,0.9038095389619543
3.156631326265253,0.7393189124695074
3.157631526305261,0.9587174056956744
3.158631726345269,0.738824823096305
3.159631926385277,1.0213341623662722
3.160632126425285,0.887009443361011
3.161632326465293,0.8696407787346125
3.162632526505301,0.5796700790771234
3.163632726545309,0.6334557056233542
3.164632926585317,0.6002684285244405
3.165633126625325,0.5909577186374952
3.166633326665333,0.473753135040739
3.167633526705341,0.6164350878515694
3.168633726745349,0.5602657981663334
3.169633926785357,0.6200065003213351
3.170634126825365,0.3958442795590795
3.171634326865373,0.5017066888401464
3.172634526905381,0.5562830929398972
3.173634726945389,0.3689923697347499
3.174634926985397,0.326535358876965
3.175635127025405,0.07819889091971466
3.176635327065413,0.3343452871925824
3.177635527105421,0.4197585364628964
3.178635727145429,0.4491807048416312
3.179635927185437,0.10520954668989277
3.180636127225445,0.17489830181601435
3.181636327265453,-0.0023365040239572976
3.182636527305461,0.05681978888353345
3.183636727345469,0.15400497796874196
3.184636927385477,-0.3560004093393773
3.185637127425485,-0.10826889667972506
3.186637327465493,0.1865225540244277
3.187637527505501,-0.018714880203880596
3.188637727545509,0.38863421301451034
3.189637927585517,-0.18539801197271355
3.190638127625525,0.06033740231319941
3.191638327665533,-0.12447590950703555
3.192638527705541,0.32335516326520214
3.193638727745549,-0.04999201526162036
3.194638927785557,0.15531059478879755
3.195639127825565,0.07349933469874911
3.196639327865573,-0.037769502498867895
3.197639527905581,-0.031407371602642294
3.198639727945589,-0.061857470056118496
3.199639927985597,0.05434139126974577
3.200640128025605,0.13655799721987633
3.201640328065613,-0.04097744823256812
3.202640528105621,-0.30895658029458195
3.203640728145629,-0.17795399079784954
3.204640928185637,0.04652699953884459
3.205641128225645,-0.27888761677610485
3.206641328265653,-0.1416687025455307
3.207641528305661,-0.1308006332039344
3.208641728345669,-0.13572287596950444
3.209641928385677,-0.22606064752520708
3.210642128425685,-0.2756722316401439
3.211642328465693,-0.34294632670779845
3.212642528505701,-0.411125139206553
3.213642728545709,-0.38116046479508736
3.214642928585717,0.009009759029652037
3.215643128625725,-0.4106812824108359
3.216643328665733,-0.4844894772597965
3.217643528705741,-0.09058569789207238
3.218643728745749,-0.008403312974537391
3.2196439287857572,-0.38643301878179437
3.2206441288257652,-0.3714508867966802
3.2216443288657732,-0.12598084964255168
3.2226445289057812,-0.246320533696825
3.2236447289457892,-0.6772226634721441
3.2246449289857972,-0.2782793922188763
3.2256451290258052,-0.5690568465735628
3.2266453290658133,-0.18922962654618294
3.2276455291058213,0.06289026251582108
3.2286457291458293,-0.2149516358637633
3.2296459291858373,-0.14861664840791106
3.2306461292258453,-0.36818894065433766
3.2316463292658533,-0.43882035476494985
3.2326465293058613,-0.03600944338096418
3.2336467293458693,-0.21366549633656134
3.2346469293858773,-0.06588367463935435
3.2356471294258853,-0.2720705562663785
3.2366473294658933,-0.5260115411450901
3.2376475295059013,-0.21153696929280286
3.2386477295459093,-0.2575386591495106
3.2396479295859173,-0.19936241882284333
3.2406481296259253,-0.2713428644510992
3.2416483296659333,-0.3455608094773519
3.2426485297059413,-0.20731261953386548
3.2436487297459493,-0.5384229166158172
3.2446489297859573,-0.17143477577143967
3.2456491298259653,-0.24083998167249682
3.2466493298659733,-0.2803046716299248
3.2476495299059813,-0.09726175729321321
3.2486497299459893,-0.22192222070157003
3.2496499299859973,-0.3319506158330048
3.2506501300260053,-0.38001438287122297
3.2516503300660133,-0.37140375431932954
3.2526505301060213,-0.1184159180765709
3.2536507301460293,-0.09545047962059686
3.2546509301860373,-0.08820000023936392
3.2556511302260454,-0.4733658610905584
3.2566513302660534,-0.3713323759639713
3.2576515303060614,-0.0011620889176837124
3.2586517303460694,0.042211833470545856
3.2596519303860774,-0.5003521031548113
3.2606521304260854,-0.44142104381856717
3.2616523304660934,-0.019701065901114423
3.2626525305061014,0.09876222946187552
3.2636527305461094,-0.14122467333187216
3.2646529305861174,-0.4237285203206629
3.2656531306261254,0.045595667147913244
3.2666533306661334,-0.20491674798152248
3.2676535307061414,-0.2566429670853285
3.2686537307461494,-0.38792141961082205
3.2696539307861574,-0.056960260143162134
3.2706541308261654,-0.4555587786193853
3.2716543308661734,-0.35734808404547247
3.2726545309061814,-0.12891780360009186
3.2736547309461894,0.025495061502043892
3.2746549309861974,-0.23102805819576186
3.2756551310262054,-0.45319613958085825
3.2766553310662134,-0.4508668026051814
3.2776555311062214,0.12411003387999978
3.2786557311462294,-0.13773014132121641
3.2796559311862374,-0.22820369718090033
3.2806561312262454,-0.13013611495127098
3.2816563312662534,-0.28110166834481454
3.2826565313062614,-0.4673654226985243
3.2836567313462695,-0.27769348684212086
3.2846569313862775,-0.03899848347934046
3.2856571314262855,-0.16511334358762023
3.2866573314662935,0.047923760116024255
3.2876575315063015,0.01249091017081555
3.2886577315463095,-0.1434219723261574
3.2896579315863175,-0.10599672035689184
3.2906581316263255,-0.19564404309134048
3.2916583316663335,-0.37181831805111
3.2926585317063415,-0.08800443104313765
3.2936587317463495,0.030698269429474068
3.2946589317863575,-0.04434137092984354
3.2956591318263655,0.004506896140494293
3.2966593318663735,-0.20079757602569265
3.2976595319063815,-0.13363764973959505
3.2986597319463895,-0.30682139637880856
3.2996599319863975,0.06458594597275483
3.300660132026405,0.0005332655065320852
3.301660332066413,-0.04540631953832039
3.302660532106421,-0.2994373709148799
3.303660732146429,-0.47669764698292805
3.304660932186437,-0.25077006697506943
3.305661132226445,-0.2076602023527559
3.306661332266453,-0.11487536484021243
3.307661532306461,-0.22865780215508122
3.308661732346469,-0.05190594014361163
3.309661932386477,-0.2554230804660975
3.310662132426485,-0.20064455249788554
3.311662332466493,0.020411380127257003
3.312662532506501,-0.02529840435872468
3.313662732546509,-0.032069258554114
3.314662932586517,0.12348931746666773
3.315663132626525,0.24275585573218228
3.316663332666533,0.1516777646256487
3.317663532706541,-0.0029344088455596773
3.318663732746549,-0.10642583205179257
3.319663932786557,-0.20112880545952566
3.320664132826565,-0.044061854857684726
3.321664332866573,-0.2622779811892591
3.322664532906581,-0.11565731882683514
3.323664732946589,0.15171809023407581
3.324664932986597,-0.1950967784589568
3.325665133026605,-0.09022524442235404
3.326665333066613,-0.08957747459920751
3.327665533106621,0.07384232515768464
3.328665733146629,0.005677359911170025
3.329665933186637,0.06959546409569556
3.330666133226645,0.18302078781713702
3.331666333266653,0.17203664878291083
3.332666533306661,0.1683620131174544
3.333666733346669,0.03281867570683813
3.334666933386677,-0.09114491461366062
3.335667133426685,-0.06462250257880389
3.336667333466693,-0.07884479682621474
3.337667533506701,0.1181643337622525
3.338667733546709,0.34758223407015787
3.339667933586717,0.21305710950978124
3.340668133626725,0.06538000803431644
3.341668333666733,0.13397966866876235
3.342668533706741,-0.3210381427180038
3.343668733746749,-0.10322012075808479
3.3446689337867572,0.1809745605939167
3.3456691338267652,0.27085520297773075
3.3466693338667732,-0.06461197619337997
3.3476695339067812,0.07757398344017247
3.3486697339467892,0.0005692124762213396
3.3496699339867972,-0.04197095306156436
3.3506701340268052,-0.1983340696639899
3.3516703340668133,-0.013587761180781241
3.3526705341068213,0.28450098803410817
3.3536707341468293,-0.3111389122252147
3.3546709341868373,-0.12008197229900375
3.3556711342268453,0.12463734312360858
3.3566713342668533,-0.07045602767836157
3.3576715343068613,-0.04111357509397247
3.3586717343468693,0.236931472065707
3.3596719343868773,-0.31252528813320835
3.3606721344268853,0.24636852670998804
3.3616723344668933,0.014752359358348524
3.3626725345069013,0.07681952432522997
3.3636727345469093,-0.056573314369692
3.3646729345869173,0.038873322096909094
3.3656731346269253,0.4865427892531988
3.3666733346669333,-0.16672928067268047
3.3676735347069413,0.176656518083392
3.3686737347469493,0.1585666832251853
3.3696739347869573,0.14525081678817525
3.3706741348269653,0.25776551270402576
3.3716743348669733,0.16318030137602077
3.3726745349069813,-0.015879204227514737
3.3736747349469893,0.38207539293987713
3.3746749349869973,0.2759146685845035
3.3756751350270053,0.16891893045254208
3.3766753350670133,0.3712393688722383
3.3776755351070213,0.5145656626159818
3.3786757351470293,0.3030524969834789
3.3796759351870374,0.19242370585166818
3.3806761352270454,0.11706002908213528
3.3816763352670534,0.3071178794970971
3.3826765353070614,0.2550965722509413
3.3836767353470694,0.2116265778060646
3.3846769353870774,-0.039851857338840085
3.3856771354270854,0.15817936951701395
3.3866773354670934,-0.03555567970237153
3.3876775355071014,0.31496788989263497
3.3886777355471094,0.14588344996941047
3.3896779355871174,0.1525563198506921
3.3906781356271254,0.5092097175090118
3.3916783356671334,0.19714951461618754
3.3926785357071414,0.3893359510402717
3.3936787357471494,0.6494472787692964
3.3946789357871574,-0.09990930736450296
3.3956791358271654,0.04289084572683069
3.3966793358671734,-0.10890727711673615
3.3976795359071814,0.4186450423836321
3.3986797359471894,0.014824162701671806
3.3996799359871974,0.0023605081068969747
3.4006801360272054,0.18478083510014737
3.4016803360672134,0.19726414720724378
3.4026805361072214,-0.045246573483933905
3.4036807361472294,0.5406473820715757
3.4046809361872374,0.14076703946798835
3.4056811362272454,0.3742502019363357
3.4066813362672534,0.32313699507731014
3.4076815363072614,0.34292238646263873
3.4086817363472695,0.18384102119064372
3.4096819363872775,0.4904641274220416
3.4106821364272855,0.08940620268149516
3.4116823364672935,0.36674456211954143
3.4126825365073015,0.457660236018099
3.4136827365473095,0.1872938151002211
3.4146829365873175,0.31762349375987137
3.4156831366273255,0.1709995492147656
3.4166833366673335,0.40260611803226476
3.4176835367073415,0.4851798555622152
3.4186837367473495,0.48503017372070845
3.4196839367873575,0.47385165747164043
3.4206841368273655,0.3387930867531111
3.4216843368673735,0.301965268490984
3.4226845369073815,0.1549776953764286
3.4236847369473895,0.19432008052994454
3.4246849369873975,0.33498818331263563
3.4256851370274055,0.018619029465448078
3.4266853370674135,0.0736696975961475
3.4276855371074215,0.31632687787566244
3.4286857371474295,0.13096978328133274
3.4296859371874375,-0.017696634806595612
3.4306861372274455,0.2645625279445389
3.4316863372674535,0.29789558627967233
3.4326865373074615,0.6540572857620027
3.4336867373474695,0.47930838431353673
3.4346869373874775,0.40084669515055504
3.4356871374274855,0.21790071533444919
3.4366873374674936,0.5085753809713839
3.4376875375075016,0.49394079738354085
3.4386877375475096,0.2880640075364572
3.4396879375875176,0.468217225487143
3.4406881376275256,0.450854184975866
3.4416883376675336,0.6912539372478176
3.4426885377075416,0.5220104309609325
3.4436887377475496,0.35705976478319745
3.4446889377875576,0.6666757532150787
3.4456891378275656,0.31980318176418265
3.4466893378675736,0.6022120514390673
3.4476895379075816,0.6080661262547195
3.4486897379475896,0.16862013506597984
3.4496899379875976,0.6063335833936041
3.4506901380276056,0.6952154569822502
3.4516903380676136,0.4731439875690252
3.4526905381076216,0.6547595165643385
3.4536907381476296,0.3021022240829959
3.4546909381876376,0.6847793546855793
3.4556911382276456,0.8304075272126396
3.4566913382676536,0.6082559745922442
3.4576915383076616,0.8299674582388467
3.4586917383476696,0.6050197491346115
3.4596919383876776,0.7774640382966114
3.4606921384276856,0.7948498518314308
3.4616923384676936,0.491255609688576
3.4626925385077016,0.900003891064644
3.4636927385477096,0.4406937597335001
3.4646929385877177,0.5063171004767635
3.4656931386277257,0.6359858441013083
3.4666933386677337,0.6781106038835653
3.4676935387077417,0.7677622767872408
3.4686937387477497,0.5645271908391644
3.4696939387877577,0.7855135554507958
3.4706941388277657,0.8475512607145065
3.4716943388677737,0.7184008838319806
3.4726945389077817,0.7154774468996831
3.4736947389477897,0.7458179334677566
3.4746949389877977,1.093224149945219
3.4756951390278057,0.9856220136136413
3.4766953390678137,0.9503727778828812
3.4776955391078217,0.8398152136561059
3.4786957391478297,1.0011374447050478
3.4796959391878377,1.0461521089490273
3.4806961392278457,1.1287088116130102
3.4816963392678537,1.0827994706116135
3.4826965393078617,1.132196153242218
3.4836967393478697,1.247699375092827
3.4846969393878777,1.155873312435172
3.4856971394278857,0.9695884669596453
3.4866973394678937,1.2187164714263343
3.4876975395079017,1.1932200313179535
3.4886977395479097,1.2964485932279362
3.4896979395879177,1.3406215937735981
3.4906981396279257,1.2375811426183618
3.4916983396679337,1.5072022340634075
3.4926985397079418,1.2717972385359093
3.4936987397479498,1.418091689075722
3.4946989397879578,1.200266832388717
3.4956991398279658,1.3251444672491586
3.4966993398679738,1.6674439979013118
3.4976995399079818,1.3566409269086588
3.4986997399479898,1.5436674081267856
3.4996999399879978,1.4468709195330864
3.500700140028006,1.5654210387428031
3.501700340068014,1.5015230165493136
3.502700540108022,1.484290702170436
3.50370074014803,2.0035987727942324
3.504700940188038,1.7582526844411954
3.505701140228046,1.7788977144626656
3.506701340268054,1.5884831912701152
3.507701540308062,1.6741131237244136
3.50870174034807,2.2021807005800786
3.509701940388078,1.7415287446578993
3.510702140428086,1.6216593344608605
3.511702340468094,1.763013953711122
3.512702540508102,1.9799924488028764
3.51370274054811,1.9279627415141696
3.514702940588118,1.9542349064125768
3.515703140628126,2.090850979617936
3.516703340668134,1.9044134392833791
3.517703540708142,1.8995403925744712
3.51870374074815,1.9547067263754099
3.519703940788158,2.0947295378372037
3.520704140828166,2.009531918202266
3.521704340868174,2.2733038277606847
3.522704540908182,2.1606217586765757
3.52370474094819,2.3438976878559776
3.524704940988198,2.2705002017277005
3.525705141028206,2.2521528879559702
3.526705341068214,2.1210537556507
3.527705541108222,1.8982578756714885
3.5287057411482294,2.2180343821726063
3.5297059411882374,1.9878650804896896
3.5307061412282454,2.0900149943893336
3.5317063412682534,2.3139880247842917
3.5327065413082614,1.8610052585119121
3.5337067413482695,2.052702773560877
3.5347069413882775,2.084535817805161
3.5357071414282855,2.2414661354008603
3.5367073414682935,2.380112897888505
3.5377075415083015,2.427525439206506
3.5387077415483095,2.5790186019273973
3.5397079415883175,2.045845835996593
3.5407081416283255,2.3039843979118655
3.5417083416683335,2.2274552657952267
3.5427085417083415,2.3806177931267065
3.5437087417483495,2.2228401988486106
3.5447089417883575,2.298328152569219
3.5457091418283655,2.085510172107295
3.5467093418683735,2.2974947859724577
3.5477095419083815,2.3302897776383587
3.5487097419483895,2.3047397677841466
3.5497099419883975,2.0240192068139296
3.5507101420284055,2.071557586688292
3.5517103420684135,2.4078081742554547
3.5527105421084215,2.1312836804482145
3.5537107421484295,2.1204469885975703
3.5547109421884375,2.222837565066261
3.5557111422284455,2.2707892938594827
3.5567113422684535,2.0150223986530436
3.5577115423084615,2.2571609081658455
3.5587117423484695,2.2668195991720137
3.5597119423884775,2.013712076105706
3.5607121424284855,2.0731444200935027
3.5617123424684936,2.061531855771826
3.5627125425085016,1.9615520407412506
3.5637127425485096,2.101085357228842
3.5647129425885176,1.9398784500910502
3.5657131426285256,2.2366396400995554
3.5667133426685336,2.081400419044576
3.5677135427085416,1.986048770772403
3.5687137427485496,1.7884865600706634
3.5697139427885576,2.019746157961281
3.5707141428285656,2.039829559131159
3.5717143428685736,1.8070184776766647
3.5727145429085816,1.9573626185417958
3.5737147429485896,1.8274839735967436
3.5747149429885976,1.8461416096368455
3.5757151430286056,1.7019564311806612
3.5767153430686136,1.749807120149778
3.5777155431086216,1.6834305451775946
3.5787157431486296,1.8278903717397221
3.5797159431886376,1.7788242667451806
3.5807161432286456,1.4299250007111912
3.5817163432686536,1.6496716147993462
3.5827165433086616,1.4727649944271584
3.5837167433486696,1.6009511148706443
3.5847169433886776,1.7370995147731794
3.5857171434286856,1.6763777445878187
3.5867173434686936,1.2416004047884306
3.5877175435087016,1.4940187537677836
3.5887177435487096,1.5364918193948967
3.5897179435887177,1.6914595488673245
3.5907181436287257,1.4302151926936701
3.5917183436687337,1.290324374868219
3.5927185437087417,1.3905637398622532
3.5937187437487497,1.1299038065587728
3.5947189437887577,1.3201461549637585
3.5957191438287657,1.4115065678840741
3.5967193438687737,1.1992874410945038
3.5977195439087817,1.1634258680647658
3.5987197439487897,1.124720494876655
3.5997199439887977,1.4766689639593737
3.6007201440288057,0.8908057607351877
3.6017203440688137,1.3341362307583768
3.6027205441088217,1.1788442172393996
3.6037207441488297,1.219670642940757
3.6047209441888377,1.144711259751269
3.6057211442288457,1.0778415152026946
3.6067213442688537,0.9602519857595033
3.6077215443088617,0.7394126636802186
3.6087217443488697,0.9458817401300529
3.6097219443888777,0.6559638980350837
3.6107221444288857,0.982643114320204
3.6117223444688937,1.0446686138756278
3.6127225445089017,0.9466715092788012
3.6137227445489097,0.7165327671737024
3.6147229445889177,0.7755920296267892
3.6157231446289257,0.49238569422613176
3.6167233446689337,0.6453583053503625
3.6177235447089418,0.7149587214433692
3.6187237447489498,0.9995422956605664
3.6197239447889578,0.34574109846177653
3.6207241448289658,0.6862487987592519
3.6217243448689738,0.6164034706768486
3.6227245449089818,0.8470926831827075
3.6237247449489898,0.4597804343295967
3.6247249449889978,0.7414707131871592
3.625725145029006,0.6142551017217812
3.626725345069014,0.7033142173241613
3.627725545109022,0.5596622434239268
3.62872574514903,0.23320696204000563
3.629725945189038,0.6310803931756995
3.630726145229046,0.5460114205404134
3.631726345269054,0.18377914197259282
3.632726545309062,0.44929803961453557
3.63372674534907,0.6139451642385919
3.634726945389078,0.37837633669154835
3.635727145429086,0.6152166213597648
3.636727345469094,0.4084748198991138
3.637727545509102,0.7994936006186112
3.63872774554911,0.7798895850581933
3.639727945589118,0.548536355628704
3.640728145629126,0.2943048743905389
3.641728345669134,0.4664540341820033
3.642728545709142,0.4245176373822307
3.64372874574915,0.34279927271764843
3.644728945789158,0.1862758247237034
3.645729145829166,0.5200743008258324
3.646729345869174,0.4770768330498541
3.647729545909182,0.6082541694833012
3.64872974594919,0.5391182364652711
3.649729945989198,0.27897069231231175
3.650730146029206,0.3324691422800662
3.651730346069214,0.716079709372685
3.652730546109222,0.178119323026004
3.65373074614923,0.5971255348278225
3.654730946189238,0.3364319029133116
3.655731146229246,0.3713605488372823
3.656731346269254,0.19546766050133196
3.657731546309262,0.542034768286895
3.65873174634927,0.46256292870340177
3.659731946389278,0.287295966133394
3.660732146429286,0.4755046117588385
3.661732346469294,0.17906745627866166
3.662732546509302,0.3037860027427125
3.66373274654931,0.5490132062991515
3.664732946589318,0.3086755600312866
3.665733146629326,0.3798315384174867
3.666733346669334,0.2354497544279964
3.667733546709342,0.4332541785829153
3.66873374674935,0.6299102775219092
3.669733946789358,0.22749320313235072
3.670734146829366,0.403127661297221
3.671734346869374,0.4532649745913061
3.672734546909382,-0.021693627521851833
3.67373474694939,0.06898538241536448
3.674734946989398,0.42231996205720623
3.675735147029406,0.07607286625613466
3.676735347069414,0.06653754103135587
3.677735547109422,0.19778008976836614
3.67873574714943,0.34597538257590943
3.679735947189438,0.32110631844179927
3.680736147229446,0.2970210755642536
3.681736347269454,0.3289484399253212
3.682736547309462,0.49823216651666824
3.68373674734947,0.16644755607200937
3.684736947389478,0.0874529443379172
3.685737147429486,0.20037672785606206
3.686737347469494,0.1088615542176076
3.687737547509502,0.026534598179349278
3.68873774754951,0.18568467997933313
3.689737947589518,0.27778848882070795
3.690738147629526,0.46128594704438114
3.691738347669534,0.15141995002566833
3.692738547709542,0.13392616718927802
3.69373874774955,0.28185543359101867
3.694738947789558,0.0362300860659211
3.695739147829566,0.28820599703948685
3.696739347869574,0.11745838311261328
3.697739547909582,0.23028884903384847
3.69873974794959,0.11819112936745842
3.699739947989598,0.4235800669959693
3.700740148029606,-0.007268010724211016
3.701740348069614,-0.0033899793605021156
3.702740548109622,0.15625627728893404
3.70374074814963,0.18837492145844031
3.704740948189638,0.33603403998544834
3.705741148229646,0.10114440408068194
3.706741348269654,0.19185615107301623
3.707741548309662,0.06906053019131277
3.70874174834967,0.1117950479639584
3.709741948389678,0.31922293129080315
3.710742148429686,0.3110308527011014
3.711742348469694,0.15443147568959384
3.712742548509702,0.18934100140583765
3.71374274854971,0.01214866723965155
3.714742948589718,0.23176223262327617
3.715743148629726,0.20592319286757987
3.716743348669734,0.048803625843376414
3.717743548709742,-0.06971033871260066
3.71874374874975,0.07837177081188908
3.719743948789758,-0.012205054036134172
3.720744148829766,0.1420122075208544
3.721744348869774,0.023978100146265835
3.722744548909782,0.0015739289928388411
3.72374474894979,0.04863361561238051
3.724744948989798,0.19571625564212367
3.725745149029806,0.15946736286365895
3.726745349069814,0.15395107000986852
3.727745549109822,0.020387521464322128
3.72874574914983,0.12792174699431147
3.729745949189838,-0.171718854684149
3.730746149229846,-0.1870582445060131
3.731746349269854,0.045019081339981074
3.732746549309862,0.008052926596854852
3.73374674934987,0.03658196177913096
3.734746949389878,0.0590291714268714
3.735747149429886,0.004325952328125188
3.736747349469894,-0.04640971219566849
3.737747549509902,0.013879780877733262
3.73874774954991,0.16732049187792208
3.739747949589918,0.15830406095811766
3.740748149629926,0.004390540079736386
3.741748349669934,0.11575648778207034
3.742748549709942,0.3405351164985885
3.74374874974995,-0.1252993732282567
3.744748949789958,0.05604979171775063
3.745749149829966,-0.05748489516937494
3.746749349869974,-0.11417653940340365
3.747749549909982,0.26879697906995165
3.74874974994999,0.06625278507327137
3.749749949989998,0.07398708851346741
3.7507501500300062,-0.06370462533074203
3.7517503500700142,0.029580731315142286
3.7527505501100222,-0.07145810835391904
3.7537507501500302,-0.13568336047532406
3.7547509501900382,-0.07544102065669211
3.755751150230046,-0.06352532241322213
3.756751350270054,-0.560499957976822
3.757751550310062,-0.12353989183941474
3.75875175035007,-0.08772615197009766
3.759751950390078,-0.09799594438946072
3.760752150430086,0.3008981958275093
3.761752350470094,-0.010732097035047107
3.762752550510102,-0.27351512629197805
3.76375275055011,-0.015776054693035273
3.764752950590118,-0.0185830459221513
3.765753150630126,-0.09560942496283296
3.766753350670134,-0.2858499148424414
3.767753550710142,-0.11174921300440313
3.76875375075015,-0.09205658563739673
3.769753950790158,0.1090393105504676
3.770754150830166,0.013954080522034201
3.771754350870174,0.122202198510597
3.772754550910182,0.0031867521269460103
3.77375475095019,0.07662771135535223
3.774754950990198,0.0851982569590265
3.775755151030206,-0.12674838257599436
3.776755351070214,-0.21061435651864838
3.777755551110222,-0.12921572367953832
3.77875575115023,0.009149403823768318
3.779755951190238,0.032610205588783775
3.780756151230246,-0.14740576599542082
3.781756351270254,0.2484668573106475
3.782756551310262,-0.5588514343939774
3.78375675135027,-0.15397419624787084
3.784756951390278,-0.21925379393796507
3.785757151430286,-0.21234372762991635
3.786757351470294,-0.16163839139535696
3.787757551510302,0.08683049965274947
3.78875775155031,-0.07288872235723781
3.789757951590318,0.09034129949299163
3.790758151630326,-0.20203987253350503
3.791758351670334,-0.40001451506672697
3.792758551710342,-0.3472354419718138
3.79375875175035,-0.010324807586953005
3.794758951790358,-0.26450393355203444
3.795759151830366,-0.23742430138832998
3.796759351870374,-0.19024182600762723
3.797759551910382,0.026363220027094764
3.79875975195039,-0.3267466427604232
3.799759951990398,-0.21727719442944632
3.800760152030406,-0.20282979652141375
3.801760352070414,-0.21642195835474728
3.802760552110422,-0.20137440120219538
3.80376075215043,-0.008688280664462283
3.804760952190438,0.21006719683180947
3.805761152230446,-0.21990354598307135
3.806761352270454,-0.16722539160795452
3.807761552310462,-0.3470917076980927
3.80876175235047,-0.23118494306346254
3.809761952390478,-0.2531138402623003
3.810762152430486,-0.20691170969882497
3.811762352470494,-0.1701307687152214
3.812762552510502,-0.23613951859230436
3.81376275255051,-0.10311111515537102
3.814762952590518,-0.12261695217270624
3.815763152630526,-0.33259858223140437
3.816763352670534,-0.3037417884180867
3.817763552710542,-0.5115462904181353
3.81876375275055,-0.47909332576230546
3.819763952790558,-0.26921421237447335
3.820764152830566,-0.1505018568654234
3.821764352870574,-0.39444136225409643
3.822764552910582,-0.3757718620391025
3.82376475295059,-0.4393101267211833
3.824764952990598,-0.08019883126155536
3.825765153030606,-0.004189515176053371
3.826765353070614,-0.28727128539649643
3.827765553110622,-0.3755847123279037
3.82876575315063,-0.2986189484218315
3.829765953190638,-0.31900699035464125
3.830766153230646,-0.324888435943296
3.831766353270654,-0.18525733905350633
3.832766553310662,-0.03503816757295991
3.83376675335067,-0.4291161656734265
3.834766953390678,-0.23573518085513334
3.835767153430686,-0.6174691511877006
3.836767353470694,-0.2552979689982331
3.837767553510702,-0.04882685981024357
3.83876775355071,-0.22879968701586245
3.839767953590718,-0.1834639766307411
3.840768153630726,-0.13661636820792813
3.841768353670734,-0.3703537337712464
3.842768553710742,-0.16472613094342362
3.84376875375075,-0.3170662360868414
3.844768953790758,-0.2772636134162545
3.845769153830766,-0.11421132685890609
3.846769353870774,-0.4319519929860063
3.847769553910782,-0.3036349391273113
3.84876975395079,-0.13315373901873648
3.849769953990798,-0.5378275556949283
3.850770154030806,-0.4381258626224165
3.851770354070814,0.0009019018625661679
3.852770554110822,-0.307051442979783
3.85377075415083,-0.3828433762846796
3.854770954190838,-0.3588956993888719
3.855771154230846,-0.13127588218278044
3.856771354270854,-0.2935801494980518
3.857771554310862,-0.30333013195933184
3.85877175435087,-0.3231011269061922
3.859771954390878,-0.4072523453421279
3.860772154430886,-0.28119253789432974
3.861772354470894,-0.25135279357713103
3.862772554510902,-0.22786779576612212
3.86377275455091,-0.02471231753790995
3.864772954590918,-0.3728223280570351
3.865773154630926,-0.035887680635303815
3.866773354670934,-0.19351915985126414
3.867773554710942,-0.24709671099166675
3.86877375475095,-0.3707089697418169
3.869773954790958,-0.20749226466012713
3.870774154830966,-0.27575245552143113
3.871774354870974,-0.30486529845722005
3.872774554910982,-0.053545295305484825
3.87377475495099,-0.22402906056476898
3.874774954990998,-0.18299313810069237
3.8757751550310062,-0.2092570461998343
3.8767753550710142,-0.14663278260534712
3.8777755551110222,0.06491881644943429
3.8787757551510302,0.022381350004872264
3.8797759551910382,-0.3225902557302583
3.8807761552310462,-0.21681228496434393
3.8817763552710542,0.2332685082231093
3.8827765553110622,-0.2225455765651818
3.8837767553510703,-0.3027464979591066
3.8847769553910783,-0.17413607691209787
3.8857771554310863,-0.1835752724152175
3.8867773554710943,-0.17625286424350434
3.8877775555111023,0.14126808097699162
3.8887777555511103,0.009309964066769354
3.8897779555911183,0.10789929110154012
3.8907781556311263,0.16561149160026403
3.8917783556711343,0.1988519915448908
3.8927785557111423,0.14352995193550022
3.8937787557511503,0.053250099293956105
3.8947789557911583,0.03819268422736671
3.8957791558311663,0.06127569983317209
3.8967793558711743,0.15447801995419622
3.8977795559111823,-0.11273886589818433
3.8987797559511903,0.2927112116108746
3.8997799559911983,0.14692176625392694
3.9007801560312063,0.10752068998683603
3.9017803560712143,0.18990020977890398
3.9027805561112223,0.44256223158702646
3.9037807561512303,0.33842241966681497
3.9047809561912383,0.10412283827520111
3.9057811562312463,0.23560287113849326
3.9067813562712543,0.10833655036186352
3.9077815563112623,0.4860075626561664
3.9087817563512703,0.7887676011187648
3.9097819563912783,0.5311300274207268
3.9107821564312863,0.2532559242434196
3.9117823564712944,0.4821061276110104
3.9127825565113024,0.4708599411365179
3.9137827565513104,0.4309299713808859
3.9147829565913184,0.45871843079040897
3.9157831566313264,0.9336174485360591
3.9167833566713344,0.8809312307052315
3.9177835567113424,0.6446100912159477
3.9187837567513504,0.7908474807090132
3.9197839567913584,0.7120394216163086
3.9207841568313664,0.6157471342694727
3.9217843568713744,0.8364282628303552
3.9227845569113824,0.8980948979008165
3.9237847569513904,0.7699126981366301
3.9247849569913984,0.773232802848163
3.9257851570314064,0.673415716450252
3.9267853570714144,0.7593188870284089
3.9277855571114224,0.9010016936757909
3.9287857571514304,0.923488413957832
3.9297859571914384,0.8783535043914426
3.9307861572314464,0.8498317461955415
3.9317863572714544,1.0386176974230314
3.9327865573114624,0.919451169573906
3.9337867573514704,0.9143589055093978
3.9347869573914784,0.8174634787053863
3.9357871574314864,0.9333243516639292
3.9367873574714944,1.1158025044554354
3.9377875575115024,0.9966840100967761
3.9387877575515104,1.0875293013333143
3.9397879575915185,0.9674346691582545
3.9407881576315265,1.0202410333597802
3.9417883576715345,1.1024071457045364
3.9427885577115425,1.1701945808301815
3.9437887577515505,0.9103173998787042
3.9447889577915585,1.050341228003171
3.9457891578315665,1.081761297863317
3.9467893578715745,1.2342817731715423
3.9477895579115825,1.4026904017063764
3.9487897579515905,1.1202212650132748
3.9497899579915985,1.1695806676825091
3.9507901580316065,1.043146283551846
3.9517903580716145,1.1593271643927712
3.9527905581116225,1.3666471843287855
3.9537907581516305,1.1365785385746738
3.9547909581916385,1.3212643296355517
3.9557911582316465,1.3230939844591378
3.9567913582716545,1.5189339736295948
3.9577915583116625,1.21622330974069
3.9587917583516705,1.794603563324368
3.9597919583916785,1.3883511626084504
3.9607921584316865,1.275573312297419
3.9617923584716945,1.4424379452793372
3.9627925585117025,1.3177807900463383
3.9637927585517105,1.4012695621897002
3.9647929585917185,1.2280528767248593
3.9657931586317265,1.1104919379213885
3.9667933586717345,1.1900043804028155
3.9677935587117426,1.3141444001530451
3.9687937587517506,1.206773246512269
3.9697939587917586,1.175058468363234
3.9707941588317666,1.4387985163150772
3.9717943588717746,1.2097397667875696
3.9727945589117826,1.3298496609291621
3.9737947589517906,1.3153308881035823
3.9747949589917986,1.2237102300544278
3.9757951590318066,1.2254964427564567
3.9767953590718146,1.1463034029658428
3.9777955591118226,1.067920841095385
3.9787957591518306,0.9308074778662182
3.9797959591918386,1.0294865461749112
3.9807961592318466,0.8367245454128078
3.9817963592718546,0.8276647455319158
3.9827965593118626,0.9179984095366301
3.98379675935187,0.9334061679580375
3.984796959391878,1.0589189795523635
3.985797159431886,0.6397129538661522
3.986797359471894,0.6780391832968866
3.987797559511902,0.6972879122843115
3.98879775955191,0.9872921709169842
3.989797959591918,0.7328958336705098
3.990798159631926,0.8833512784148919
3.991798359671934,0.8205342997547863
3.992798559711942,0.5303253472520157
3.99379875975195,0.7818201102836287
3.994798959791958,0.5331345004840524
3.995799159831966,0.7886077760144948
3.996799359871974,0.6757010727830773
3.997799559911982,0.7151892679589448
3.99879975995199,0.877727767628323
3.999799959991998,0.5865112928967222
4.000800160032006,0.531781274968985
4.001800360072014,0.4626836538010792
4.002800560112022,0.45841461117109567
4.00380076015203,0.4332834766436996
4.004800960192038,0.2868083587637197
4.005801160232046,0.32172016231016215
4.006801360272054,0.5118213932088472
4.007801560312062,0.32143169799669635
4.00880176035207,0.36426967727320075
4.009801960392078,0.46646452088282253
4.010802160432086,0.6829600537251395
4.011802360472094,0.2961720450755458
4.012802560512102,0.6221639360233813
4.01380276055211,0.20639742220379226
4.014802960592118,0.3261199337422355
4.015803160632126,0.26955537611875896
4.016803360672134,0.3485449159574113
4.017803560712142,0.44093094191648624
4.01880376075215,0.292171324185277
4.019803960792158,0.13278797622123162
4.020804160832166,0.1742906265310999
4.021804360872174,0.08417064289870538
4.022804560912182,0.10321349466795844
4.02380476095219,-0.021772324737417845
4.024804960992198,0.3506569209633235
4.025805161032206,0.016787349509892954
4.026805361072214,-0.23182601963306887
4.027805561112222,0.12684144056493749
4.02880576115223,0.1344099980817932
4.029805961192238,-0.11384199984241208
4.030806161232246,0.014273699944505655
4.031806361272254,0.04363206881262016
4.032806561312262,0.3223107811931374
4.03380676135227,-0.38580369637545814
4.034806961392278,0.0729593417037919
4.035807161432286,-0.19325586049796367
4.036807361472294,-0.14185258862897981
4.037807561512302,-0.07270670515040513
4.03880776155231,0.06255843465420019
4.039807961592318,-0.4322033227203324
4.040808161632326,-0.22715924380178104
4.041808361672334,-0.25494757118248074
4.042808561712342,-0.08723733480866581
4.04380876175235,-0.2512642468644775
4.044808961792358,-0.3562613033592979
4.045809161832366,-0.3028091197776132
4.046809361872374,-0.3529630223802784
4.047809561912382,-0.10972202537004255
4.04880976195239,-0.30812825088845536
4.049809961992398,-0.24010214792505286
4.050810162032406,-0.33319693471463996
4.051810362072414,-0.17471735000486444
4.052810562112422,-0.4504636992365336
4.05381076215243,-0.22272463976574453
4.054810962192438,-0.19032564875678487
4.055811162232446,-0.24060483936356153
4.056811362272454,-0.2891944676826764
4.057811562312462,-0.3053241139852033
4.05881176235247,-0.15237301117623356
4.059811962392478,-0.40106301665513494
4.060812162432486,-0.4223825877993932
4.061812362472494,-0.5991431604173849
4.0628125625125024,-0.257738780208073
4.0638127625525104,-0.086837478566786
4.0648129625925185,-0.2441189095992267
4.0658131626325265,-0.17435713391149713
4.0668133626725345,-0.4318552457550577
4.0678135627125425,-0.35252098584892133
4.0688137627525505,-0.4550235080177102
4.0698139627925585,-0.24358490104841185
4.0708141628325665,-0.3616855022485758
4.0718143628725745,-0.4344748982994521
4.0728145629125825,-0.2761321693497755
4.0738147629525905,-0.24827265819734295
4.0748149629925985,-0.4843587525815327
4.0758151630326065,-0.20624739718362015
4.0768153630726145,-0.5310473337709187
4.0778155631126225,-0.28890830471472045
4.0788157631526305,-0.28330813548109285
4.0798159631926385,-0.47829039049633315
4.0808161632326465,-0.3462336503929393
4.0818163632726545,-0.23117648008079544
4.0828165633126625,-0.3707993336881339
4.0838167633526705,-0.3438308348581469
4.0848169633926785,-0.14073472574009852
4.0858171634326865,-0.06639630989239362
4.0868173634726945,-0.3777649902163317
4.0878175635127025,-0.12753401035446704
4.0888177635527105,-0.33604128034503233
4.0898179635927185,-0.3146933730598857
4.0908181636327265,-0.11978877319144293
4.0918183636727345,-0.29388479598914496
4.0928185637127426,-0.3269449966461683
4.0938187637527506,-0.22061826093430592
4.094818963792759,-0.2986663276487814
4.095819163832767,-0.268065982667912
4.096819363872775,-0.08379200427129296
4.097819563912783,-0.06212396857148053
4.098819763952791,-0.01330013246164255
4.099819963992799,-0.4052027340933301
4.100820164032807,-0.02504618045625262
4.101820364072815,-0.1741423047788973
4.102820564112823,-0.41102091722284295
4.103820764152831,-0.12941995055473718
4.104820964192839,-0.23446985204020748
4.105821164232847,-0.33984983680399117
4.106821364272855,-0.2623864142029334
4.107821564312863,-0.11161488230474657
4.108821764352871,-0.2945326704867461
4.109821964392879,-0.4948225178951676
4.110822164432887,-0.31656928294998965
4.111822364472895,-0.11651519503841339
4.112822564512903,-0.17618102250399473
4.113822764552911,-0.24847295532157335
4.114822964592919,-0.33096043027970146
4.115823164632927,-0.057815980550320695
4.116823364672935,-0.35733762896769317
4.117823564712943,-0.24727697688032335
4.118823764752951,-0.12078485597911935
4.119823964792959,-0.2098072944046634
4.120824164832967,-0.061185980226685796
4.121824364872975,-0.17828400862860552
4.122824564912983,-0.2602387872650677
4.123824764952991,-0.32184955032238727
4.124824964992999,-0.06209281170303865
4.125825165033007,0.00966537666440917
4.126825365073015,-0.04629811170167765
4.127825565113023,-0.23311409524946597
4.128825765153031,-0.2510156017997484
4.129825965193039,0.07207350202894891
4.130826165233047,-0.2947984075148983
4.131826365273055,-0.19467550566509734
4.132826565313063,-0.40288633021662473
4.133826765353071,-0.19965165417769998
4.134826965393079,-0.11836099002976237
4.135827165433087,-0.06490980738671147
4.136827365473095,-0.14249361027832844
4.137827565513103,-0.13534933005516883
4.138827765553111,-0.138403027881214
4.139827965593119,-0.11360405503786523
4.140828165633127,-0.341626589741051
4.141828365673135,-0.1403000884949227
4.142828565713143,-0.09661895615194675
4.143828765753151,-0.13843069906192126
4.144828965793159,0.03408052384883262
4.145829165833167,0.04785384303551288
4.146829365873175,-0.23431738809659297
4.147829565913183,-0.10394504780134753
4.148829765953191,-0.2991142391276287
4.149829965993199,-0.0024796044473123086
4.150830166033207,-0.3360272045388364
4.151830366073215,0.0801857312867363
4.152830566113223,-0.10047618368675612
4.153830766153231,0.1591993577205854
4.154830966193239,-0.15546536642765535
4.155831166233247,0.05773992606540851
4.156831366273255,-0.20077551118093012
4.157831566313263,0.10248293838080466
4.158831766353271,-0.17638726011907516
4.159831966393279,0.02716486571808157
4.160832166433287,-0.24802589527360838
4.161832366473295,0.1552737517274266
4.162832566513303,0.1958899447311706
4.163832766553311,0.09520442748123634
4.164832966593319,0.15870157445495886
4.165833166633327,-0.18651397371252723
4.166833366673335,0.14128480366918184
4.167833566713343,0.0698047641649669
4.168833766753351,-0.11234691800395107
4.169833966793359,0.0027448234423665726
4.170834166833367,0.020209457702522103
4.171834366873375,0.024709037459824203
4.172834566913383,0.08931668282706033
4.173834766953391,-0.2043492792273021
4.174834966993399,-0.049069859419082734
4.175835167033407,0.3211648808072104
4.176835367073415,0.09464769689592484
4.177835567113423,0.15507863581247958
4.178835767153431,0.05121959080805534
4.179835967193439,-0.14800149209809055
4.180836167233447,-0.029025191472205628
4.181836367273455,0.07085651245325436
4.182836567313463,-0.2738976188191981
4.183836767353471,-0.2552224068947096
4.184836967393479,0.24986406098008343
4.185837167433487,0.06821788315954382
4.186837367473495,0.2530516090244318
4.187837567513503,0.008102471373130485
4.188837767553511,-0.05877405691575846
4.189837967593519,0.1929319752637016
4.190838167633527,0.02269817362427637
4.191838367673535,0.04842665992946047
4.192838567713543,0.011282374341599025
4.193838767753551,0.07346961050141906
4.194838967793559,0.06926813952180338
4.195839167833567,-0.03385068478156218
4.196839367873575,0.004151571460477649
4.197839567913583,-0.07750896737822074
4.198839767953591,0.06391970080920467
4.199839967993599,0.2227765110087923
4.200840168033607,-0.035686516481952396
4.201840368073615,0.08429913685592502
4.202840568113623,0.1779286114573364
4.203840768153631,0.18537888420803145
4.204840968193639,0.2182552003554704
4.205841168233647,0.1968817949748362
4.206841368273655,0.3174584059277773
4.207841568313663,-0.09194887187358783
4.208841768353671,0.20790141339070756
4.209841968393679,0.27364689601087583
4.210842168433687,0.04941803393473021
4.211842368473695,0.1334040975195258
4.212842568513703,0.059522834407861755
4.213842768553711,0.2185801108902587
4.214842968593719,0.24135206158738445
4.215843168633727,0.13133178261008624
4.216843368673735,0.16207340230107972
4.217843568713743,0.1738720990757907
4.218843768753751,0.2304930193509045
4.219843968793759,-0.03244868412186408
4.220844168833767,0.22531782035671086
4.221844368873775,0.20845376075824756
4.222844568913783,0.14438695498207826
4.223844768953791,0.5484667408431002
4.224844968993799,0.26199562472096843
4.225845169033807,0.29226520379341536
4.226845369073815,0.39320392293136863
4.227845569113823,0.1600432322447831
4.228845769153831,0.3192941688005043
4.229845969193839,0.26449860455209206
4.230846169233847,0.21920739503992506
4.231846369273855,0.2215747682506408
4.232846569313863,0.18464105871128267
4.233846769353871,0.21154544097728267
4.234846969393879,0.2362313375864221
4.235847169433887,0.2633270675254946
4.236847369473895,0.1046285563958593
4.237847569513903,0.1887260397991256
4.238847769553911,0.4159033611070206
4.239847969593919,0.2509904536549646
4.240848169633927,0.20089873307314424
4.241848369673935,0.39986915238919507
4.242848569713943,0.23359954866123983
4.243848769753951,0.23822982055263367
4.244848969793959,0.192894117111224
4.245849169833967,0.18247596916876885
4.246849369873975,0.4469081011795867
4.247849569913983,0.2911652078883071
4.248849769953991,0.4229965346887825
4.249849969993999,0.26624479615089275
4.250850170034007,0.16122402063751215
4.251850370074015,0.41622872585696047
4.252850570114023,0.2934115334725024
4.253850770154031,0.484335574288388
4.254850970194039,0.1915013502620714
4.255851170234047,0.5538449150475132
4.256851370274055,0.3203089067126049
4.257851570314063,0.44079846176304655
4.258851770354071,0.20537389080627932
4.259851970394079,0.5528751198466881
4.260852170434087,0.2466206858630619
4.261852370474095,0.20124726591784456
4.262852570514103,0.2959056820314708
4.263852770554111,0.6158167266804893
4.264852970594119,0.356326861719873
4.265853170634127,0.45238007138335945
4.266853370674135,0.5913419447334093
4.267853570714143,0.4610894278482023
4.268853770754151,0.27580977326479594
4.269853970794159,0.6274617437574355
4.270854170834167,0.17544167132364402
4.271854370874175,0.24740517662398884
4.272854570914183,0.4079867611540709
4.273854770954191,0.6699366086243846
4.274854970994199,0.38274839257191906
4.275855171034207,0.4838357199011639
4.276855371074215,0.5978133073063641
4.277855571114223,0.3852887867873279
4.278855771154231,0.5030978204771918
4.279855971194239,0.510046743108697
4.280856171234247,0.306294788778519
4.281856371274255,0.8241882411780279
4.282856571314263,0.4313809278875649
4.283856771354271,0.33963374696519566
4.284856971394279,0.6662631907751734
4.285857171434287,0.6577078344736232
4.286857371474295,0.38000756529010393
4.287857571514303,0.3901561716728036
4.288857771554311,0.7617505163405291
4.289857971594319,0.5990261260932649
4.290858171634327,0.5916826398487247
4.291858371674335,0.4946200076944727
4.292858571714343,0.6785008520506042
4.293858771754351,0.3033469258980786
4.294858971794359,0.6928002375654342
4.295859171834367,0.5709126033717156
4.296859371874375,0.6469173326522529
4.297859571914383,0.7882199654960237
4.298859771954391,0.5779590170945704
4.299859971994399,0.743866629347464
4.300860172034407,0.9247050102597358
4.301860372074415,0.5832765022924845
4.302860572114423,0.5092268851774492
4.303860772154431,0.8344549912224385
4.304860972194439,1.0771292473662448
4.305861172234447,0.7445856893081181
4.306861372274455,0.8811919574171003
4.307861572314463,0.981615242486303
4.308861772354471,0.8031118553170389
4.309861972394479,1.157713092926494
4.310862172434487,1.0322634729112847
4.311862372474495,0.8209366787491621
4.312862572514503,0.8625220165547262
4.313862772554511,0.7900745988064156
4.314862972594519,1.1191359598056034
4.315863172634527,1.0367457703099956
4.316863372674535,1.183422409674833
4.317863572714543,1.1764393002339308
4.318863772754551,1.2278193349702615
4.319863972794559,1.1505641523623416
4.320864172834567,1.1869894848752367
4.321864372874575,1.2395586484937844
4.322864572914583,1.0663109383377918
4.323864772954591,1.353290442881459
4.3248649729945985,1.3796726706238953
4.3258651730346065,1.2844447454475245
4.3268653730746145,1.3323597083955399
4.3278655731146225,1.4316383902763503
4.3288657731546305,1.3663173866014893
4.3298659731946385,1.516580305589021
4.3308661732346465,1.419439374879376
4.3318663732746545,1.4683378319001426
4.3328665733146625,1.65893005226152
4.3338667733546705,1.9058825978406124
4.3348669733946785,1.720172672137167
4.3358671734346865,1.4051239304085068
4.3368673734746945,1.375471812300126
4.3378675735147025,1.5571559090720986
4.3388677735547105,1.797113736366541
4.3398679735947185,1.8008891590411547
4.3408681736347265,1.7981764890081688
4.3418683736747345,1.7420264129360663
4.3428685737147426,1.8381772349895888
4.343868773754751,1.6155666086901745
4.344868973794759,1.6825327596824144
4.345869173834767,1.8764406161872031
4.346869373874775,1.6879707914423168
4.347869573914783,1.9858827057412527
4.348869773954791,1.7864034295696756
4.349869973994799,2.052162929219911
4.350870174034807,1.9003149080013966
4.351870374074815,2.086989006074574
4.352870574114823,2.024014572521101
4.353870774154831,2.1740107293073736
4.354870974194839,2.3497275383967016
4.355871174234847,2.073836014884621
4.356871374274855,2.085635678360112
4.357871574314863,2.286489707453818
4.358871774354871,2.06377083047119
4.359871974394879,1.8663379853296513
4.360872174434887,2.245223228644254
4.361872374474895,2.1010194095572268
4.362872574514903,2.1461225837643148
4.363872774554911,2.17825480249322
4.364872974594919,2.4310253117986313
4.365873174634927,2.228001896789569
4.366873374674935,2.2250510749311
4.367873574714943,2.1633416833602985
4.368873774754951,2.333612794794529
4.369873974794959,2.3624695270247904
4.370874174834967,2.550310221744707
4.371874374874975,2.2957806229462654
4.372874574914983,2.477222128846177
4.373874774954991,2.150630334020235
4.374874974994999,2.0729778469847506
4.375875175035007,2.49623665622028
4.376875375075015,2.4446930343750317
4.377875575115023,2.3175987001847376
4.378875775155031,2.451036230042783
4.379875975195039,2.499882855465325
4.380876175235047,2.4263751258442414
4.381876375275055,2.359471913846246
4.382876575315063,2.1844049537447496
4.383876775355071,2.2848281999495375
4.384876975395079,2.41544273162837
4.385877175435087,2.0812841823544956
4.386877375475095,1.9726647913944206
4.387877575515103,2.1597700610182384
4.388877775555111,2.0992389023045024
4.389877975595119,2.1669727407644497
4.390878175635127,2.270758428359398
4.391878375675135,2.143412644142472
4.392878575715143,1.7771295348543188
4.393878775755151,2.244578589858315
4.394878975795159,1.9903205949319256
4.395879175835167,2.1468947605749533
4.396879375875175,2.1852169019012377
4.397879575915183,2.205018053834651
4.398879775955191,1.895690979891316
4.399879975995199,2.1531452598176877
4.400880176035207,2.0518518892627347
4.401880376075215,1.9148861872913585
4.402880576115223,1.7546218171802122
4.403880776155231,1.9626411957088343
4.404880976195239,1.8034943198630153
4.405881176235247,1.9565969391536788
4.406881376275255,1.78978723140458
4.407881576315263,1.7898573363476227
4.408881776355271,1.750706890790528
4.409881976395279,1.2872069876489398
4.410882176435287,1.654768908153738
4.411882376475295,1.5883140226720598
4.412882576515303,1.7814141831675951
4.413882776555311,1.6841695194517947
4.414882976595319,1.4281074646682506
4.415883176635327,1.637893655264723
4.416883376675335,1.5205099680422054
4.417883576715343,1.52400948785904
4.418883776755351,1.3987885937250473
4.419883976795359,1.5637071562027827
4.420884176835367,1.405222670322127
4.421884376875375,1.6304474921083676
4.422884576915383,1.4535340668686767
4.423884776955391,1.5728542686352551
4.424884976995399,1.39140819855862
4.425885177035407,1.266409755059904
4.426885377075415,1.5616386066553867
4.427885577115423,1.3483828071244754
4.428885777155431,1.2995718576099267
4.429885977195439,1.168880968419532
4.430886177235447,1.2861376116164407
4.431886377275455,1.5536183847504144
4.432886577315463,1.3336915227894899
4.433886777355471,0.7304421054779655
4.434886977395479,0.6742790174623567
4.435887177435487,1.20983762651249
4.436887377475495,1.0282785627008566
4.437887577515503,0.912190605646897
4.438887777555511,1.0861645137993983
4.439887977595519,0.9260411597695009
4.440888177635527,0.7674219730285272
4.441888377675535,0.8470494615464152
4.442888577715543,1.0091222129308184
4.443888777755551,0.9117191109338738
4.444888977795559,1.0350357146717684
4.445889177835567,0.932894325255917
4.446889377875575,0.9359734427540991
4.447889577915583,0.9995654299356889
4.448889777955591,0.7443321228721433
4.449889977995599,0.7173790956763639
4.450890178035607,0.8451402071730213
4.451890378075615,0.8814280534271891
4.452890578115623,0.6376724605594855
4.453890778155631,0.6447814595456743
4.454890978195639,0.6301000055274645
4.455891178235647,0.5323470598040884
4.456891378275655,0.6721800308947388
4.457891578315663,0.724711604611409
4.458891778355671,0.6708713459919744
4.459891978395679,0.9452823745443114
4.460892178435687,0.2929016456707121
4.461892378475695,0.6841352262199901
4.462892578515703,0.35483294940197796
4.463892778555711,0.5281560712275494
4.464892978595719,0.4358818863153362
4.465893178635727,0.5152858909148565
4.466893378675735,0.61742720872388
4.467893578715743,0.666889066423163
4.468893778755751,0.3251896292556715
4.469893978795759,0.3567470234004714
4.470894178835767,0.5841087303486235
4.471894378875775,0.5057418194647123
4.472894578915783,0.32760444180124715
4.473894778955791,0.3077022855704903
4.474894978995799,0.401851097971096
4.475895179035807,0.314550902677767
4.476895379075815,0.35528076622135923
4.477895579115823,0.3456730489347323
4.478895779155831,0.47183011762145516
4.479895979195839,0.41276785658393156
4.480896179235847,0.35850349603823584
4.481896379275855,0.25479057582974407
4.482896579315863,0.4558982114950831
4.483896779355871,0.4516027776891704
4.484896979395879,0.6153798198655107
4.485897179435887,0.17534653463355016
4.486897379475895,0.4529077994435799
4.487897579515903,0.33565154650812407
4.488897779555911,0.15185445808400277
4.489897979595919,0.35832671289179296
4.490898179635927,0.42525172351861207
4.491898379675935,0.1175980574057929
4.492898579715943,0.4489980725075257
4.493898779755951,0.20168917794567998
4.494898979795959,0.32942683194217304
4.495899179835967,0.40804940661605327
4.496899379875975,0.33216506484736585
4.497899579915983,0.46001827597442646
4.498899779955991,0.30553672472716076
4.499899979995999,0.07040823153521153
4.500900180036007,0.1494737687697797
4.501900380076015,0.37647746008068417
4.502900580116023,0.39009895239135856
4.503900780156031,0.283050222692986
4.504900980196039,0.14770389756236427
4.505901180236047,0.33312509718674366
4.506901380276055,0.242381893081002
4.507901580316063,0.3053670254157764
4.508901780356071,0.3024843232578383
4.509901980396079,0.2705587979646335
4.510902180436087,0.39902117292232
4.511902380476095,0.18363933728412557
4.512902580516103,0.36753187502687223
4.513902780556111,0.26624308473469027
4.514902980596119,0.23080684382182182
4.515903180636127,0.09758547667354733
4.516903380676135,0.05045720039914059
4.517903580716143,0.11974027094044325
4.518903780756151,0.06944620940722557
4.519903980796159,0.5064524645563074
4.520904180836167,0.23613036536159288
4.521904380876175,0.3750577160274634
4.522904580916183,0.3317617222574013
4.523904780956191,0.1047594960571887
4.524904980996199,0.11060198655083055
4.525905181036207,0.1873364087005622
4.526905381076215,0.3713873919297476
4.527905581116223,0.31760341741441833
4.528905781156231,-0.06665560035682447
4.529905981196239,0.6139631429894602
4.530906181236247,0.25483487754303735
4.531906381276255,0.18327142294224655
4.532906581316263,0.21572735676250684
4.533906781356271,0.325386703436271
4.534906981396279,0.36923353656636976
4.535907181436287,0.13524359329026966
4.536907381476295,-0.10958689587647955
4.537907581516303,0.2519845338585633
4.538907781556311,0.17967576195953494
4.539907981596319,0.11627575761346406
4.540908181636327,0.11504651172565167
4.541908381676335,-0.11859248507874437
4.542908581716343,0.1514291649961014
4.543908781756351,0.4513484508223306
4.544908981796359,0.050326738388468614
4.545909181836367,0.15579753950571731
4.546909381876375,0.16080898827216683
4.547909581916383,-0.011968903534462977
4.548909781956391,0.11650213329009229
4.549909981996399,0.4105710803631875
4.550910182036407,0.19996190049051432
4.551910382076415,0.17639389011057405
4.552910582116423,0.04569006569667211
4.553910782156431,0.1550675099562
4.554910982196439,-0.04414579199823053
4.555911182236447,0.11277601734143239
4.556911382276455,0.0456910329225886
4.557911582316463,-0.006379755230464454
4.558911782356471,-0.008301011164862176
4.559911982396479,0.11718692521762829
4.560912182436487,0.04776800398432591
4.561912382476495,-0.16624661324621165
4.562912582516503,-0.09136182147033525
4.563912782556511,0.15589026163198938
4.564912982596519,0.20447220660521875
4.565913182636527,0.02717953848754022
4.566913382676535,-0.19079956454581065
4.567913582716543,0.34488864958180343
4.568913782756551,0.16967088085364676
4.569913982796559,0.1396315103289592
4.570914182836567,-0.004324599709301158
4.571914382876575,0.08162017515186423
4.572914582916583,0.18005800555356205
4.573914782956591,0.060149517035297057
4.574914982996599,0.050777743210145096
4.575915183036607,0.3352261409598332
4.576915383076615,-0.04224997319506863
4.577915583116623,0.1295996458811445
4.578915783156631,0.18074548856331107
4.579915983196639,0.06548751530433278
4.580916183236647,0.07405568208564407
4.581916383276655,-0.24192740443086408
4.582916583316663,0.014173988324938954
4.583916783356671,-0.20243214277153207
4.584916983396679,0.20455696545803367
4.585917183436687,-0.25783450143643044
4.586917383476695,-0.19066773564292372
4.587917583516703,0.050877920663313134
4.588917783556711,-0.036564515162189185
4.589917983596719,-0.1604884751309044
4.590918183636727,-0.11803123857356218
4.591918383676735,0.09698713856930713
4.592918583716743,-0.06997800313151759
4.5939187837567514,0.2484390730281206
4.5949189837967594,-0.21181611786728766
4.5959191838367675,-0.17245563423831825
4.5969193838767755,0.008956091745777585
4.5979195839167835,-0.14740540882173372
4.5989197839567915,-0.01363967101026297
4.5999199839967995,0.23971124054866724
4.6009201840368075,0.10286799211900151
4.6019203840768155,0.04584109933223246
4.6029205841168235,-0.08397430947953463
4.6039207841568315,-0.12043381399259008
4.6049209841968395,0.02758305422532914
4.6059211842368475,0.23755589470026034
4.6069213842768555,-0.09108167288817073
4.6079215843168635,-0.0051261071395706514
4.6089217843568715,-0.002491053093383905
4.6099219843968795,-0.24322186382778355
4.6109221844368875,-0.13672705538230143
4.6119223844768955,-0.08813755959668564
4.6129225845169035,0.12941385306151315
4.6139227845569115,0.1055135550710065
4.6149229845969195,0.045299966061206384
4.6159231846369275,-0.011993350578306902
4.6169233846769355,-0.25215549297902606
4.6179235847169435,-0.3946406955223346
4.6189237847569515,-0.010764542563981197
4.6199239847969595,-0.05025127520375913
4.6209241848369675,-0.14657907873011697
4.6219243848769755,-0.4543874395385959
4.6229245849169835,0.10212036408270445
4.6239247849569916,-0.057512183449715995
4.6249249849969996,0.040880716815082124
4.625925185037008,0.01057764111423004
4.626925385077016,-0.2945913042079973
4.627925585117024,-0.1292085860245808
4.628925785157032,-0.09915967575300953
4.62992598519704,-0.09106839085792255
4.630926185237048,-0.34962126705535945
4.631926385277056,-0.3327215586639426
4.632926585317064,-0.26721929395744703
4.633926785357072,-0.213280696761643
4.63492698539708,-0.3569680579563891
4.635927185437088,-0.19021308103614198
4.636927385477096,-0.3174366212998242
4.637927585517104,-0.143969382040375
4.638927785557112,-0.1874473618073498
4.63992798559712,-0.2623552631340176
4.640928185637128,-0.05970059350915416
4.641928385677136,0.006562460192770375
4.642928585717144,-0.30346503279677184
4.643928785757152,-0.3273637014747882
4.64492898579716,-0.2827722947165839
4.645929185837168,-0.43467277353957956
4.646929385877176,-0.05265648435496589
4.647929585917184,-0.5248390191198903
4.648929785957192,-0.33809746265863155
4.6499299859972,-0.5015614705249154
4.650930186037208,-0.16599454951660844
4.651930386077216,-0.49727658546466824
4.652930586117224,-0.28960169726785945
4.653930786157232,-0.1697856569963132
4.65493098619724,-0.30313005726058273
4.655931186237248,-0.17291254541234463
4.656931386277256,-0.3345452724054734
4.657931586317264,-0.21625989275686447
4.658931786357272,-0.17828300607753372
4.65993198639728,-0.39145693647738156
4.660932186437288,0.02545662307136698
4.661932386477296,-0.5757198721622938
4.662932586517304,-0.7939188355636704
4.663932786557312,-0.08897728496850346
4.66493298659732,-0.16039161584232428
4.665933186637328,-0.14346595586428107
4.666933386677336,-0.48400608454712857
4.667933586717344,-0.21371039918083345
4.668933786757352,-0.5114739595290676
4.66993398679736,-0.1443535570096433
4.670934186837368,-0.5839331602688352
4.671934386877376,-0.21859722012597912
4.672934586917384,-0.3824457135962185
4.673934786957392,-0.3214094093753357
4.6749349869974,-0.41745387930988
4.675935187037408,-0.6673169529426529
4.676935387077416,-0.4466975744062789
4.677935587117424,-0.512386296551976
4.678935787157432,-0.10924730897197274
4.67993598719744,-0.06892975817207236
4.680936187237448,-0.46391489763877924
4.681936387277456,-0.20685773593429774
4.682936587317464,0.01692054903956247
4.683936787357472,-0.31618536890594484
4.68493698739748,-0.5435566929374045
4.685937187437488,-0.2667484025365242
4.686937387477496,-0.5805656890084183
4.687937587517504,-0.0016758561887736945
4.688937787557512,-0.3263895793615059
4.68993798759752,-0.09487635474112141
4.690938187637528,-0.3871370899370608
4.691938387677536,-0.10283990277295671
4.692938587717544,-0.26493761992890563
4.693938787757552,-0.2746744508355457
4.69493898779756,-0.39166965902400047
4.695939187837568,-0.5931516301329343
4.696939387877576,-0.3797608871670725
4.697939587917584,-0.24029709640327518
4.698939787957592,-0.35905780668517034
4.6999399879976,-0.33144933157663714
4.700940188037608,-0.34813565847286904
4.701940388077616,-0.08733502358625475
4.702940588117624,-0.2988966944372056
4.703940788157632,-0.4570795288732764
4.70494098819764,-0.2789247599130236
4.705941188237648,-0.14222397345234866
4.706941388277656,-0.36190390760636404
4.707941588317664,-0.3390260224134425
4.708941788357672,-0.19892900395753665
4.70994198839768,-0.3069919131837046
4.710942188437688,-0.24586969075611204
4.711942388477696,-0.038042464317844985
4.712942588517704,0.10217083978800717
4.713942788557712,-0.06464799951936051
4.71494298859772,0.11795678257274755
4.715943188637728,-0.20499563561116832
4.716943388677736,-0.16654642133672315
4.717943588717744,-0.14495648160418947
4.718943788757752,0.11593281548863232
4.71994398879776,0.051389398648227114
4.720944188837768,-0.006164101310978842
4.721944388877776,-0.10525471745557606
4.722944588917784,-0.23798825589032144
4.723944788957792,0.2762875345847783
4.7249449889978,-0.024338567333679187
4.725945189037808,0.12649243059922172
4.726945389077816,0.24804682071219436
4.727945589117824,0.011768023961979124
4.728945789157832,0.17099887381295478
4.72994598919784,0.03679223404759492
4.730946189237848,0.17539623745275232
4.731946389277856,0.017899425615170578
4.732946589317864,0.15947072704681262
4.733946789357872,0.32419211573007367
4.73494698939788,0.49506983763514584
4.735947189437888,0.49914839263654165
4.736947389477896,0.016011294982997637
4.737947589517904,0.40862378761371587
4.738947789557912,0.35537245955999086
4.73994798959792,0.3460496594202944
4.740948189637928,0.47639359106384027
4.741948389677936,0.09395257934243412
4.742948589717944,0.3892448756934922
4.743948789757952,0.270794042483058
4.74494898979796,0.5946826420179835
4.745949189837968,0.6076207723505025
4.746949389877976,0.31727156375623977
4.747949589917984,0.6149899274413558
4.748949789957992,0.6729003052298117
4.749949989998,0.41301524408510765
4.750950190038008,0.44825389727705367
4.751950390078016,0.5656086860282517
4.752950590118024,1.098883619355034
4.753950790158032,0.7143691683325889
4.75495099019804,0.6314405192764461
4.755951190238048,0.7095863347728404
4.756951390278056,1.002980585804354
4.757951590318064,0.5258613850979661
4.758951790358072,0.8367946787277982
4.75995199039808,0.9226240007160342
4.760952190438088,0.7503832541153516
4.761952390478096,0.8009394753324504
4.762952590518104,0.9473476797784086
4.763952790558112,0.8452459217946907
4.76495299059812,1.1119505390643127
4.765953190638128,1.0670713935470753
4.766953390678136,0.8816337472687071
4.767953590718144,1.0723450431960027
4.768953790758152,0.852600173428104
4.76995399079816,1.2347289295006814
4.770954190838168,1.021827706569574
4.771954390878176,1.1481898224677645
4.772954590918184,1.2043680421493255
4.773954790958192,1.2126363804763487
4.7749549909982,1.2051907157505852
4.775955191038208,1.317876896073178
4.776955391078216,1.0194684511149714
4.777955591118224,1.2674012891452004
4.778955791158232,0.9894862848494907
4.779955991198239,1.150569398158303
4.780956191238247,1.088370191890236
4.781956391278255,1.2691718327300898
4.782956591318263,1.3543372193723746
4.783956791358271,1.2905914263535043
4.784956991398279,1.211174367549867
4.785957191438287,1.381331541126569
4.786957391478295,1.3966389964320387
4.787957591518303,1.3870687043846863
4.788957791558311,1.1913406433358076
4.789957991598319,1.122798430129139
4.790958191638327,1.4423322258423805
4.791958391678335,1.1633608077212387
4.792958591718343,1.020956754083703
4.793958791758351,1.1347630406592162
4.794958991798359,1.344212299958877
4.795959191838367,1.4315648439628812
4.796959391878375,1.1991057807092869
4.797959591918383,1.2580145929167506
4.798959791958391,1.2162548400518296
4.799959991998399,1.6791207765661678
4.800960192038407,1.4424154230996842
4.801960392078415,1.14405993468961
4.802960592118423,1.0242248492300419
4.803960792158431,1.425969256662936
4.804960992198439,1.263265305496397
4.805961192238447,1.1800716824847162
4.806961392278455,1.4054642727173392
4.807961592318463,1.36520807465706
4.808961792358471,1.21719569540797
4.809961992398479,1.269583806203213
4.810962192438487,0.9641437661009373
4.811962392478495,1.1290469263633625
4.812962592518503,1.1249410613252464
4.813962792558511,1.2853397675669394
4.814962992598519,1.2699244649958448
4.815963192638527,0.918453866022511
4.816963392678535,1.048563651170356
4.817963592718543,0.9921555060291758
4.818963792758551,1.2043857522564634
4.819963992798559,1.2269433247503458
4.820964192838567,0.6422349821444728
4.821964392878575,0.8831076709718938
4.822964592918583,0.7492233983390387
4.823964792958591,0.9860654446760551
4.824964992998599,0.7879756512673362
4.825965193038607,0.5942473167340498
4.826965393078615,0.6687882366499655
4.827965593118623,0.793427699630447
4.828965793158631,0.6558175159739971
4.829965993198639,0.902956372238434
4.830966193238647,0.72053280861783
4.831966393278655,0.7213745918254395
4.832966593318663,0.7679697687390322
4.833966793358671,0.43538400287051376
4.834966993398679,0.3723344026359904
4.835967193438687,0.5201457877440477
4.836967393478695,0.4389694895065902
4.837967593518703,0.5078636486638308
4.838967793558711,0.37131936820512335
4.839967993598719,0.5041762105373482
4.840968193638727,0.523445441199097
4.841968393678735,0.055381718273588565
4.842968593718743,0.5293607302144541
4.8439687937587514,0.6599637978312102
4.8449689937987594,0.43751039145262627
4.8459691938387675,0.19501744716606292
4.8469693938787755,0.3097091239043975
4.8479695939187835,0.3278044300590416
4.8489697939587915,0.22833939683940951
4.8499699939987995,0.25724502132285065
4.8509701940388075,0.10481141164149645
4.8519703940788155,0.3425942566296516
4.8529705941188235,-0.07309932989174986
4.8539707941588315,0.3290836105313169
4.8549709941988395,-0.07532295268402825
4.8559711942388475,0.10682824410377295
4.8569713942788555,-0.1279892849056727
4.8579715943188635,-0.2694006388120269
4.8589717943588715,-0.07448133969422607
4.8599719943988795,-0.09333811733392705
4.8609721944388875,-0.19187424918018556
4.8619723944788955,-0.05731229780010521
4.8629725945189035,-0.06302773418324958
4.8639727945589115,-0.08387452139316098
4.8649729945989195,0.1762078023104946
4.8659731946389275,0.04518760069662073
4.8669733946789355,-0.24410417640358875
4.8679735947189435,-0.007002543949828757
4.8689737947589515,0.26769834301190953
4.8699739947989595,0.044732802172578384
4.8709741948389675,-0.12675988072191552
4.8719743948789755,-0.11057356108205166
4.8729745949189835,-0.0750152129189951
4.8739747949589916,-0.14463434406283285
4.8749749949989996,0.17882429095319755
4.875975195039008,-0.12313047438179513
4.876975395079016,-0.16291433757307539
4.877975595119024,0.060983711406658564
4.878975795159032,-0.3324231989360189
4.87997599519904,-0.2020147090328074
4.880976195239048,-0.07205063013195356
4.881976395279056,0.038196715582558494
4.882976595319064,-0.1618234835159294
4.883976795359072,-0.1483793805607027
4.88497699539908,-0.044985141392206024
4.885977195439088,-0.26963711787110894
4.886977395479096,-0.18960091108796245
4.887977595519104,-0.3181244040281837
4.888977795559112,-0.41866304274060745
4.88997799559912,-0.163410736954113
4.890978195639128,-0.4551698287915843
4.891978395679136,-0.2859182325358719
4.892978595719144,-0.255316119852145
4.893978795759152,-0.35060994616267294
4.89497899579916,-0.27958118513208396
4.895979195839168,-0.7077651303569812
4.896979395879176,-0.36393300543359536
4.897979595919184,-0.34104774604180205
4.898979795959192,0.05815801161766876
4.8999799959992,-0.32357454954891485
4.900980196039208,0.013911492514280366
4.901980396079216,-0.18251202757904755
4.902980596119224,-0.37866157360335406
4.903980796159232,-0.16968992369813138
4.90498099619924,-0.09374128299979537
4.905981196239248,-0.2775453672005166
4.906981396279256,-0.306369748488723
4.907981596319264,-0.388345040328995
4.908981796359272,-0.06170481733283606
4.90998199639928,-0.3125412831636596
4.910982196439288,-0.23339169673998283
4.911982396479296,-0.3565592344281494
4.912982596519304,-0.25265768457250265
4.913982796559312,-0.1332736149346176
4.91498299659932,0.019084104950925385
4.915983196639328,-0.4744378951709712
4.916983396679336,-0.34833260132891913
4.917983596719344,-0.4886609327728242
4.918983796759352,-0.32345558603040064
4.91998399679936,-0.43186961326040596
4.920984196839368,-0.12128543322324017
4.921984396879376,-0.3284502974480142
4.922984596919384,-0.25038688197561265
4.923984796959392,-0.15153329310190883
4.9249849969994,-0.03827919546332337
4.925985197039408,-0.3567602188046264
4.926985397079416,-0.43045326217379853
4.927985597119424,-0.3488297119881756
4.928985797159432,-0.11431718538458421
4.92998599719944,-0.11363430716133083
4.930986197239448,-0.1815812648222267
4.931986397279456,-0.30924819401943254
4.932986597319464,-0.5901200930194189
4.933986797359472,-0.20980301620351074
4.93498699739948,-0.283997856218756
4.935987197439488,-0.24398093392767115
4.936987397479496,-0.36021663980358887
4.937987597519504,-0.34008058054949064
4.938987797559512,-0.2714499137586629
4.93998799759952,-0.4027705706260104
4.940988197639528,-0.28690592289332684
4.941988397679536,-0.12257374759326539
4.942988597719544,-0.319560019373755
4.943988797759552,-0.2323431105812405
4.94498899779956,-0.08866839864063265
4.945989197839568,-0.0169672326342514
4.946989397879576,-0.30305470310094984
4.947989597919584,-0.2540884420123735
4.948989797959592,-0.43409138871044345
4.9499899979996,0.022468604968053335
4.950990198039608,-0.43575521704950293
4.951990398079616,-0.25257574609053474
4.952990598119624,-0.37045801134819145
4.953990798159632,-0.26645220875318526
4.95499099819964,-0.07455527626468253
4.955991198239648,-0.07142624701293289
4.956991398279656,-0.20500455060617018
4.957991598319664,-0.4790869311629199
4.958991798359672,-0.026716599063894175
4.95999199839968,-0.37302189201197955
4.960992198439688,-0.20735895547641914
4.961992398479696,-0.11219483251246305
4.962992598519704,-0.31816275094345015
4.963992798559712,-0.04425300445850858
4.96499299859972,0.07826381607653835
4.965993198639728,-0.05184700533110678
4.966993398679736,-0.04769040349235172
4.967993598719744,0.16648959491344278
4.968993798759752,0.025345839590217564
4.96999399879976,-0.2683674997713541
4.970994198839768,0.0742341238956531
4.971994398879776,-0.2351921155963348
4.972994598919784,0.10313143143902867
4.973994798959792,-0.08579857167748027
4.9749949989998,-0.3590375490716249
4.975995199039808,0.07352154207231627
4.976995399079816,-0.02111863608135374
4.977995599119824,0.05614410412938392
4.978995799159832,-0.16746168446583606
4.97999599919984,0.08247026890042848
4.980996199239848,-0.41465076084141633
4.981996399279856,-0.12697916006023463
4.982996599319864,-0.15303840905569926
4.983996799359872,0.14266640427647378
4.98499699939988,-0.43917790019679304
4.985997199439888,0.022224186979159392
4.986997399479896,-0.16372958683530342
4.987997599519904,0.2222758910600976
4.988997799559912,-0.13405543731788938
4.98999799959992,-0.12086869293357495
4.990998199639928,-0.14560207435963057
4.991998399679936,0.1570954514523158
4.992998599719944,-0.14325949297562274
4.993998799759952,-0.2629529965924971
4.99499899979996,-0.21297785957441248
4.995999199839968,-0.11436813112128318
4.996999399879976,-0.18797826012423968
4.997999599919984,0.04201193061412241
4.998999799959992,0.09960582066265695
5.0,-0.004218728649102467
